id,IsFraud
150000,0.4075
150001,0.3
150002,0.5375
150003,0.3975
150004,0.575
150005,0.3425
150006,0.435
150007,0.425
150008,0.47
150009,0.45
150010,0.5275
150011,0.3625
150012,0.43
150013,0.5525
150014,0.6125
150015,0.47
150016,0.6575
150017,0.495
150018,0.5075
150019,0.6325
150020,0.4325
150021,0.4425
150022,0.435
150023,0.58
150024,0.47
150025,0.48
150026,0.6325
150027,0.425
150028,0.43
150029,0.4575
150030,0.485
150031,0.33
150032,0.5475
150033,0.3175
150034,0.635
150035,0.445
150036,0.485
150037,0.3675
150038,0.48
150039,0.41
150040,0.5725
150041,0.4225
150042,0.5
150043,0.585
150044,0.415
150045,0.485
150046,0.5025
150047,0.44
150048,0.4375
150049,0.7325
150050,0.3625
150051,0.4325
150052,0.5625
150053,0.4525
150054,0.4525
150055,0.4925
150056,0.4725
150057,0.5625
150058,0.4125
150059,0.4275
150060,0.465
150061,0.4575
150062,0.415
150063,0.395
150064,0.455
150065,0.425
150066,0.4275
150067,0.605
150068,0.5525
150069,0.4675
150070,0.515
150071,0.4075
150072,0.7275
150073,0.52
150074,0.55
150075,0.71
150076,0.505
150077,0.4025
150078,0.51
150079,0.495
150080,0.425
150081,0.3625
150082,0.5
150083,0.3025
150084,0.38
150085,0.5375
150086,0.4775
150087,0.5875
150088,0.4275
150089,0.455
150090,0.4725
150091,0.505
150092,0.4675
150093,0.46
150094,0.53
150095,0.545
150096,0.4375
150097,0.56
150098,0.6875
150099,0.6125
150100,0.465
150101,0.47
150102,0.35
150103,0.4725
150104,0.43
150105,0.57
150106,0.615
150107,0.5175
150108,0.55
150109,0.465
150110,0.5875
150111,0.41
150112,0.4175
150113,0.42
150114,0.41
150115,0.68
150116,0.455
150117,0.435
150118,0.435
150119,0.48
150120,0.7575
150121,0.51
150122,0.4625
150123,0.4275
150124,0.5175
150125,0.365
150126,0.395
150127,0.49
150128,0.385
150129,0.64
150130,0.4725
150131,0.665
150132,0.46
150133,0.5825
150134,0.51
150135,0.5325
150136,0.39
150137,0.505
150138,0.5175
150139,0.45
150140,0.5375
150141,0.5425
150142,0.465
150143,0.4275
150144,0.4025
150145,0.4375
150146,0.4125
150147,0.5375
150148,0.4875
150149,0.5375
150150,0.52
150151,0.33
150152,0.6225
150153,0.6425
150154,0.5625
150155,0.435
150156,0.5275
150157,0.495
150158,0.525
150159,0.37
150160,0.5275
150161,0.5275
150162,0.64
150163,0.5025
150164,0.54
150165,0.5475
150166,0.43
150167,0.5525
150168,0.445
150169,0.455
150170,0.4325
150171,0.5525
150172,0.485
150173,0.5275
150174,0.4625
150175,0.5525
150176,0.53
150177,0.4075
150178,0.435
150179,0.4275
150180,0.4875
150181,0.4725
150182,0.5825
150183,0.605
150184,0.37
150185,0.3875
150186,0.585
150187,0.6
150188,0.77
150189,0.4425
150190,0.3075
150191,0.5075
150192,0.41
150193,0.4175
150194,0.67
150195,0.445
150196,0.52
150197,0.4925
150198,0.53
150199,0.42
150200,0.5375
150201,0.5625
150202,0.525
150203,0.465
150204,0.4675
150205,0.5625
150206,0.4425
150207,0.455
150208,0.5275
150209,0.495
150210,0.725
150211,0.5075
150212,0.7225
150213,0.4375
150214,0.5125
150215,0.455
150216,0.3675
150217,0.4875
150218,0.38
150219,0.5425
150220,0.5575
150221,0.4825
150222,0.43
150223,0.3975
150224,0.42
150225,0.5275
150226,0.49
150227,0.5825
150228,0.5425
150229,0.6875
150230,0.5725
150231,0.4125
150232,0.545
150233,0.4275
150234,0.3475
150235,0.5425
150236,0.4225
150237,0.5025
150238,0.585
150239,0.4475
150240,0.4375
150241,0.4375
150242,0.7225
150243,0.535
150244,0.5625
150245,0.36
150246,0.5275
150247,0.3575
150248,0.4825
150249,0.525
150250,0.375
150251,0.4375
150252,0.49
150253,0.4475
150254,0.4575
150255,0.4975
150256,0.43
150257,0.4575
150258,0.445
150259,0.54
150260,0.2825
150261,0.4925
150262,0.5175
150263,0.77
150264,0.545
150265,0.415
150266,0.525
150267,0.4675
150268,0.39
150269,0.5175
150270,0.49
150271,0.4525
150272,0.5175
150273,0.4375
150274,0.5325
150275,0.4075
150276,0.435
150277,0.5425
150278,0.5525
150279,0.5075
150280,0.61
150281,0.3975
150282,0.37
150283,0.61
150284,0.5625
150285,0.46
150286,0.5975
150287,0.5975
150288,0.3525
150289,0.54
150290,0.435
150291,0.54
150292,0.425
150293,0.4925
150294,0.67
150295,0.4025
150296,0.525
150297,0.6775
150298,0.415
150299,0.3875
150300,0.545
150301,0.46
150302,0.5575
150303,0.4925
150304,0.4525
150305,0.55
150306,0.5875
150307,0.515
150308,0.5625
150309,0.415
150310,0.4775
150311,0.6725
150312,0.3875
150313,0.53
150314,0.4275
150315,0.485
150316,0.48
150317,0.4175
150318,0.525
150319,0.44
150320,0.51
150321,0.53
150322,0.605
150323,0.3975
150324,0.605
150325,0.5475
150326,0.4825
150327,0.41
150328,0.5625
150329,0.4475
150330,0.5525
150331,0.415
150332,0.46
150333,0.455
150334,0.5275
150335,0.55
150336,0.44
150337,0.495
150338,0.5825
150339,0.505
150340,0.4275
150341,0.505
150342,0.4575
150343,0.5525
150344,0.4725
150345,0.4075
150346,0.3925
150347,0.5125
150348,0.545
150349,0.575
150350,0.5525
150351,0.4925
150352,0.595
150353,0.73
150354,0.625
150355,0.4925
150356,0.43
150357,0.4725
150358,0.56
150359,0.4475
150360,0.505
150361,0.4925
150362,0.5225
150363,0.42
150364,0.51
150365,0.63
150366,0.41
150367,0.5075
150368,0.4625
150369,0.6025
150370,0.6725
150371,0.45
150372,0.57
150373,0.415
150374,0.545
150375,0.39
150376,0.5575
150377,0.6225
150378,0.5275
150379,0.3825
150380,0.5275
150381,0.44
150382,0.5325
150383,0.4525
150384,0.415
150385,0.4625
150386,0.4475
150387,0.625
150388,0.505
150389,0.5175
150390,0.65
150391,0.38
150392,0.765
150393,0.41
150394,0.4525
150395,0.5575
150396,0.37
150397,0.6175
150398,0.6275
150399,0.34
150400,0.475
150401,0.44
150402,0.4275
150403,0.585
150404,0.5625
150405,0.575
150406,0.5525
150407,0.5225
150408,0.4675
150409,0.5875
150410,0.4275
150411,0.465
150412,0.3675
150413,0.48
150414,0.495
150415,0.48
150416,0.5025
150417,0.3925
150418,0.455
150419,0.65
150420,0.55
150421,0.54
150422,0.485
150423,0.49
150424,0.5375
150425,0.455
150426,0.4275
150427,0.4775
150428,0.5325
150429,0.3725
150430,0.5475
150431,0.555
150432,0.3525
150433,0.5175
150434,0.4575
150435,0.375
150436,0.55
150437,0.39
150438,0.4425
150439,0.665
150440,0.5025
150441,0.52
150442,0.38
150443,0.625
150444,0.38
150445,0.5175
150446,0.5125
150447,0.455
150448,0.435
150449,0.6
150450,0.415
150451,0.58
150452,0.505
150453,0.38
150454,0.3625
150455,0.615
150456,0.505
150457,0.4725
150458,0.415
150459,0.565
150460,0.63
150461,0.47
150462,0.475
150463,0.545
150464,0.4875
150465,0.49
150466,0.445
150467,0.51
150468,0.4625
150469,0.3825
150470,0.5575
150471,0.4875
150472,0.4675
150473,0.5625
150474,0.435
150475,0.5025
150476,0.505
150477,0.565
150478,0.475
150479,0.585
150480,0.45
150481,0.405
150482,0.5675
150483,0.7025
150484,0.345
150485,0.5175
150486,0.425
150487,0.3925
150488,0.4625
150489,0.4225
150490,0.5
150491,0.515
150492,0.5825
150493,0.4575
150494,0.42
150495,0.4625
150496,0.4675
150497,0.5125
150498,0.5475
150499,0.445
150500,0.6275
150501,0.36
150502,0.4925
150503,0.4975
150504,0.3975
150505,0.445
150506,0.5425
150507,0.3725
150508,0.575
150509,0.4525
150510,0.4925
150511,0.5975
150512,0.54
150513,0.44
150514,0.6
150515,0.4225
150516,0.52
150517,0.65
150518,0.615
150519,0.5525
150520,0.52
150521,0.3875
150522,0.5925
150523,0.64
150524,0.4425
150525,0.465
150526,0.64
150527,0.4925
150528,0.435
150529,0.46
150530,0.605
150531,0.66
150532,0.3975
150533,0.5625
150534,0.7325
150535,0.465
150536,0.5925
150537,0.5025
150538,0.505
150539,0.4775
150540,0.48
150541,0.625
150542,0.62
150543,0.58
150544,0.5425
150545,0.3575
150546,0.5275
150547,0.6175
150548,0.535
150549,0.66
150550,0.53
150551,0.4825
150552,0.5075
150553,0.51
150554,0.475
150555,0.54
150556,0.47
150557,0.57
150558,0.38
150559,0.545
150560,0.555
150561,0.435
150562,0.43
150563,0.355
150564,0.6475
150565,0.535
150566,0.685
150567,0.475
150568,0.505
150569,0.4875
150570,0.5275
150571,0.51
150572,0.48
150573,0.4625
150574,0.47
150575,0.585
150576,0.5325
150577,0.4625
150578,0.535
150579,0.48
150580,0.555
150581,0.4675
150582,0.4625
150583,0.4075
150584,0.36
150585,0.605
150586,0.55
150587,0.485
150588,0.505
150589,0.495
150590,0.63
150591,0.485
150592,0.5
150593,0.38
150594,0.4225
150595,0.515
150596,0.405
150597,0.4375
150598,0.425
150599,0.6125
150600,0.5175
150601,0.5
150602,0.4175
150603,0.4
150604,0.605
150605,0.52
150606,0.5125
150607,0.425
150608,0.6325
150609,0.535
150610,0.375
150611,0.4975
150612,0.4225
150613,0.44
150614,0.5875
150615,0.505
150616,0.4825
150617,0.39
150618,0.515
150619,0.625
150620,0.5425
150621,0.59
150622,0.555
150623,0.41
150624,0.5325
150625,0.6175
150626,0.6825
150627,0.6725
150628,0.4
150629,0.53
150630,0.425
150631,0.365
150632,0.6175
150633,0.445
150634,0.4425
150635,0.415
150636,0.5925
150637,0.66
150638,0.53
150639,0.56
150640,0.5075
150641,0.5
150642,0.485
150643,0.565
150644,0.795
150645,0.505
150646,0.525
150647,0.555
150648,0.4
150649,0.3325
150650,0.485
150651,0.4275
150652,0.3775
150653,0.67
150654,0.5075
150655,0.465
150656,0.5425
150657,0.6275
150658,0.5975
150659,0.38
150660,0.425
150661,0.555
150662,0.595
150663,0.4825
150664,0.585
150665,0.505
150666,0.5625
150667,0.47
150668,0.5225
150669,0.4
150670,0.565
150671,0.645
150672,0.515
150673,0.62
150674,0.565
150675,0.6
150676,0.44
150677,0.58
150678,0.445
150679,0.375
150680,0.54
150681,0.4125
150682,0.52
150683,0.255
150684,0.57
150685,0.455
150686,0.4075
150687,0.4725
150688,0.5675
150689,0.42
150690,0.61
150691,0.5175
150692,0.41
150693,0.5825
150694,0.63
150695,0.5175
150696,0.4375
150697,0.44
150698,0.39
150699,0.4575
150700,0.5375
150701,0.4525
150702,0.525
150703,0.4125
150704,0.48
150705,0.455
150706,0.715
150707,0.6025
150708,0.4
150709,0.645
150710,0.6725
150711,0.4725
150712,0.5925
150713,0.465
150714,0.5075
150715,0.435
150716,0.4475
150717,0.5
150718,0.68
150719,0.4825
150720,0.445
150721,0.605
150722,0.555
150723,0.435
150724,0.465
150725,0.3875
150726,0.545
150727,0.5775
150728,0.455
150729,0.4275
150730,0.495
150731,0.5425
150732,0.4975
150733,0.4725
150734,0.6075
150735,0.545
150736,0.575
150737,0.495
150738,0.54
150739,0.595
150740,0.4425
150741,0.4925
150742,0.4425
150743,0.6725
150744,0.46
150745,0.4375
150746,0.435
150747,0.5225
150748,0.4175
150749,0.53
150750,0.495
150751,0.445
150752,0.395
150753,0.5825
150754,0.64
150755,0.585
150756,0.68
150757,0.5075
150758,0.5725
150759,0.58
150760,0.6075
150761,0.505
150762,0.49
150763,0.3575
150764,0.43
150765,0.5625
150766,0.6425
150767,0.57
150768,0.7375
150769,0.5425
150770,0.425
150771,0.49
150772,0.4975
150773,0.525
150774,0.4925
150775,0.43
150776,0.4225
150777,0.34
150778,0.4625
150779,0.475
150780,0.53
150781,0.5325
150782,0.3975
150783,0.4875
150784,0.48
150785,0.4825
150786,0.4425
150787,0.3975
150788,0.51
150789,0.4975
150790,0.4175
150791,0.4375
150792,0.72
150793,0.42
150794,0.4325
150795,0.4
150796,0.445
150797,0.435
150798,0.54
150799,0.725
150800,0.585
150801,0.5675
150802,0.29
150803,0.475
150804,0.4975
150805,0.4
150806,0.63
150807,0.545
150808,0.4625
150809,0.5975
150810,0.44
150811,0.4575
150812,0.4325
150813,0.58
150814,0.595
150815,0.4275
150816,0.4325
150817,0.5875
150818,0.49
150819,0.5375
150820,0.5625
150821,0.435
150822,0.4725
150823,0.5025
150824,0.505
150825,0.435
150826,0.5425
150827,0.425
150828,0.51
150829,0.505
150830,0.555
150831,0.5025
150832,0.4875
150833,0.3725
150834,0.445
150835,0.49
150836,0.5075
150837,0.5625
150838,0.4625
150839,0.5075
150840,0.5225
150841,0.545
150842,0.4525
150843,0.605
150844,0.5
150845,0.4275
150846,0.53
150847,0.46
150848,0.4525
150849,0.4275
150850,0.49
150851,0.51
150852,0.4575
150853,0.4325
150854,0.4575
150855,0.55
150856,0.5125
150857,0.43
150858,0.46
150859,0.505
150860,0.4475
150861,0.4275
150862,0.3875
150863,0.4025
150864,0.5125
150865,0.485
150866,0.49
150867,0.4075
150868,0.635
150869,0.705
150870,0.6275
150871,0.39
150872,0.6
150873,0.445
150874,0.5275
150875,0.545
150876,0.4775
150877,0.46
150878,0.53
150879,0.585
150880,0.51
150881,0.62
150882,0.42
150883,0.485
150884,0.4425
150885,0.425
150886,0.4525
150887,0.4975
150888,0.5075
150889,0.3875
150890,0.48
150891,0.41
150892,0.4825
150893,0.5425
150894,0.43
150895,0.56
150896,0.4575
150897,0.4225
150898,0.5475
150899,0.4075
150900,0.475
150901,0.6625
150902,0.46
150903,0.4775
150904,0.525
150905,0.545
150906,0.5075
150907,0.4425
150908,0.6175
150909,0.515
150910,0.5275
150911,0.49
150912,0.555
150913,0.5375
150914,0.59
150915,0.4525
150916,0.4325
150917,0.4725
150918,0.35
150919,0.4175
150920,0.4425
150921,0.495
150922,0.445
150923,0.5175
150924,0.46
150925,0.4425
150926,0.4875
150927,0.45
150928,0.5075
150929,0.4575
150930,0.6975
150931,0.4325
150932,0.5425
150933,0.42
150934,0.3425
150935,0.5325
150936,0.545
150937,0.355
150938,0.3475
150939,0.5875
150940,0.4375
150941,0.505
150942,0.4775
150943,0.635
150944,0.3875
150945,0.31
150946,0.5125
150947,0.535
150948,0.405
150949,0.49
150950,0.505
150951,0.3025
150952,0.5975
150953,0.6275
150954,0.51
150955,0.5175
150956,0.335
150957,0.475
150958,0.4975
150959,0.455
150960,0.5675
150961,0.4925
150962,0.655
150963,0.59
150964,0.3775
150965,0.4975
150966,0.4725
150967,0.5225
150968,0.4125
150969,0.4325
150970,0.3975
150971,0.5175
150972,0.4525
150973,0.505
150974,0.4825
150975,0.4925
150976,0.6
150977,0.46
150978,0.5425
150979,0.3425
150980,0.4175
150981,0.4625
150982,0.43
150983,0.58
150984,0.5
150985,0.41
150986,0.65
150987,0.4775
150988,0.42
150989,0.415
150990,0.59
150991,0.6725
150992,0.6425
150993,0.4425
150994,0.495
150995,0.5325
150996,0.545
150997,0.6975
150998,0.645
150999,0.465
151000,0.5525
151001,0.525
151002,0.5325
151003,0.615
151004,0.39
151005,0.44
151006,0.6275
151007,0.445
151008,0.5725
151009,0.5725
151010,0.6525
151011,0.505
151012,0.375
151013,0.5475
151014,0.5675
151015,0.49
151016,0.5175
151017,0.4475
151018,0.6275
151019,0.575
151020,0.41
151021,0.395
151022,0.485
151023,0.5575
151024,0.5525
151025,0.3825
151026,0.405
151027,0.435
151028,0.4075
151029,0.5675
151030,0.4825
151031,0.545
151032,0.5025
151033,0.5725
151034,0.49
151035,0.4075
151036,0.48
151037,0.595
151038,0.4225
151039,0.49
151040,0.5525
151041,0.5425
151042,0.4825
151043,0.465
151044,0.635
151045,0.6125
151046,0.5425
151047,0.51
151048,0.715
151049,0.4925
151050,0.47
151051,0.5575
151052,0.425
151053,0.4925
151054,0.5525
151055,0.5
151056,0.295
151057,0.4425
151058,0.5
151059,0.7
151060,0.6275
151061,0.35
151062,0.3575
151063,0.5275
151064,0.4775
151065,0.5225
151066,0.6575
151067,0.495
151068,0.5575
151069,0.445
151070,0.385
151071,0.53
151072,0.4625
151073,0.425
151074,0.515
151075,0.4025
151076,0.4425
151077,0.4575
151078,0.5475
151079,0.3975
151080,0.55
151081,0.5
151082,0.545
151083,0.45
151084,0.44
151085,0.445
151086,0.315
151087,0.435
151088,0.4775
151089,0.5425
151090,0.4075
151091,0.5925
151092,0.4725
151093,0.5325
151094,0.51
151095,0.5875
151096,0.52
151097,0.4825
151098,0.5375
151099,0.425
151100,0.625
151101,0.235
151102,0.4275
151103,0.5725
151104,0.63
151105,0.5125
151106,0.39
151107,0.445
151108,0.3775
151109,0.405
151110,0.5175
151111,0.5075
151112,0.5325
151113,0.5125
151114,0.5575
151115,0.3725
151116,0.3775
151117,0.5625
151118,0.425
151119,0.64
151120,0.5225
151121,0.4925
151122,0.435
151123,0.54
151124,0.46
151125,0.5225
151126,0.4875
151127,0.5075
151128,0.5275
151129,0.5525
151130,0.5525
151131,0.595
151132,0.4175
151133,0.565
151134,0.555
151135,0.5275
151136,0.5275
151137,0.37
151138,0.4775
151139,0.555
151140,0.39
151141,0.395
151142,0.4625
151143,0.5075
151144,0.5125
151145,0.535
151146,0.605
151147,0.3925
151148,0.565
151149,0.3575
151150,0.6825
151151,0.615
151152,0.4925
151153,0.5725
151154,0.585
151155,0.55
151156,0.4875
151157,0.5975
151158,0.4725
151159,0.5275
151160,0.4925
151161,0.505
151162,0.45
151163,0.5075
151164,0.455
151165,0.4975
151166,0.505
151167,0.5725
151168,0.3975
151169,0.485
151170,0.4475
151171,0.4725
151172,0.385
151173,0.565
151174,0.5225
151175,0.495
151176,0.4625
151177,0.61
151178,0.5225
151179,0.4225
151180,0.4275
151181,0.4175
151182,0.3575
151183,0.415
151184,0.5025
151185,0.4175
151186,0.395
151187,0.395
151188,0.6075
151189,0.5175
151190,0.5275
151191,0.43
151192,0.6475
151193,0.4475
151194,0.36
151195,0.635
151196,0.5875
151197,0.6575
151198,0.6375
151199,0.6375
151200,0.685
151201,0.49
151202,0.4675
151203,0.3775
151204,0.55
151205,0.4425
151206,0.5325
151207,0.525
151208,0.415
151209,0.5225
151210,0.3875
151211,0.58
151212,0.5525
151213,0.595
151214,0.395
151215,0.525
151216,0.49
151217,0.4775
151218,0.5625
151219,0.555
151220,0.5425
151221,0.625
151222,0.65
151223,0.535
151224,0.435
151225,0.7425
151226,0.495
151227,0.565
151228,0.475
151229,0.44
151230,0.52
151231,0.405
151232,0.415
151233,0.6175
151234,0.5125
151235,0.49
151236,0.375
151237,0.37
151238,0.4225
151239,0.515
151240,0.5375
151241,0.48
151242,0.6225
151243,0.4325
151244,0.54
151245,0.4575
151246,0.35
151247,0.39
151248,0.3175
151249,0.41
151250,0.785
151251,0.435
151252,0.4325
151253,0.545
151254,0.5475
151255,0.5775
151256,0.575
151257,0.4075
151258,0.52
151259,0.3775
151260,0.6425
151261,0.59
151262,0.54
151263,0.4625
151264,0.52
151265,0.44
151266,0.455
151267,0.535
151268,0.495
151269,0.5175
151270,0.5475
151271,0.375
151272,0.47
151273,0.4125
151274,0.53
151275,0.4975
151276,0.5575
151277,0.485
151278,0.46
151279,0.3975
151280,0.4625
151281,0.57
151282,0.435
151283,0.5325
151284,0.435
151285,0.4725
151286,0.6075
151287,0.56
151288,0.455
151289,0.3925
151290,0.4525
151291,0.495
151292,0.41
151293,0.38
151294,0.4675
151295,0.6
151296,0.5025
151297,0.5675
151298,0.3975
151299,0.45
151300,0.3775
151301,0.4425
151302,0.4925
151303,0.51
151304,0.4725
151305,0.45
151306,0.4975
151307,0.3825
151308,0.5575
151309,0.4425
151310,0.4075
151311,0.495
151312,0.5175
151313,0.5375
151314,0.6825
151315,0.375
151316,0.385
151317,0.455
151318,0.485
151319,0.4175
151320,0.4825
151321,0.615
151322,0.4425
151323,0.535
151324,0.535
151325,0.3675
151326,0.4625
151327,0.62
151328,0.4575
151329,0.4375
151330,0.5225
151331,0.3275
151332,0.635
151333,0.5825
151334,0.5975
151335,0.5525
151336,0.6225
151337,0.5275
151338,0.5825
151339,0.555
151340,0.52
151341,0.4475
151342,0.435
151343,0.425
151344,0.44
151345,0.44
151346,0.445
151347,0.5775
151348,0.49
151349,0.4525
151350,0.43
151351,0.435
151352,0.55
151353,0.4575
151354,0.4475
151355,0.5475
151356,0.4225
151357,0.45
151358,0.5175
151359,0.415
151360,0.495
151361,0.4475
151362,0.6125
151363,0.58
151364,0.415
151365,0.5675
151366,0.43
151367,0.445
151368,0.4375
151369,0.5525
151370,0.5025
151371,0.5425
151372,0.5
151373,0.58
151374,0.3375
151375,0.68
151376,0.595
151377,0.58
151378,0.41
151379,0.5625
151380,0.315
151381,0.5425
151382,0.47
151383,0.6575
151384,0.49
151385,0.5125
151386,0.4675
151387,0.5225
151388,0.59
151389,0.4675
151390,0.5325
151391,0.4675
151392,0.46
151393,0.6675
151394,0.445
151395,0.4475
151396,0.505
151397,0.405
151398,0.6975
151399,0.6075
151400,0.68
151401,0.6975
151402,0.4825
151403,0.4275
151404,0.53
151405,0.475
151406,0.545
151407,0.535
151408,0.58
151409,0.4725
151410,0.6275
151411,0.6675
151412,0.5125
151413,0.465
151414,0.47
151415,0.3725
151416,0.5775
151417,0.635
151418,0.53
151419,0.5175
151420,0.4425
151421,0.405
151422,0.4525
151423,0.6225
151424,0.4675
151425,0.5425
151426,0.5575
151427,0.4275
151428,0.4825
151429,0.5
151430,0.615
151431,0.5825
151432,0.635
151433,0.495
151434,0.675
151435,0.5675
151436,0.48
151437,0.42
151438,0.5425
151439,0.5275
151440,0.4775
151441,0.44
151442,0.3125
151443,0.57
151444,0.4375
151445,0.3625
151446,0.4375
151447,0.4775
151448,0.6275
151449,0.4875
151450,0.4375
151451,0.475
151452,0.635
151453,0.5625
151454,0.5825
151455,0.4475
151456,0.62
151457,0.485
151458,0.4025
151459,0.4625
151460,0.53
151461,0.51
151462,0.635
151463,0.605
151464,0.5875
151465,0.415
151466,0.4075
151467,0.51
151468,0.7525
151469,0.65
151470,0.5475
151471,0.4025
151472,0.55
151473,0.525
151474,0.6075
151475,0.5675
151476,0.5125
151477,0.43
151478,0.435
151479,0.5675
151480,0.555
151481,0.45
151482,0.445
151483,0.58
151484,0.4375
151485,0.5725
151486,0.6075
151487,0.605
151488,0.505
151489,0.5775
151490,0.435
151491,0.4125
151492,0.6225
151493,0.2875
151494,0.545
151495,0.5225
151496,0.685
151497,0.4375
151498,0.645
151499,0.4675
151500,0.405
151501,0.585
151502,0.3875
151503,0.565
151504,0.4525
151505,0.4575
151506,0.39
151507,0.6225
151508,0.35
151509,0.4425
151510,0.4175
151511,0.5525
151512,0.4375
151513,0.4025
151514,0.3575
151515,0.495
151516,0.6375
151517,0.4325
151518,0.4475
151519,0.6925
151520,0.3775
151521,0.4375
151522,0.4325
151523,0.55
151524,0.675
151525,0.4025
151526,0.5
151527,0.6925
151528,0.5575
151529,0.4825
151530,0.55
151531,0.4375
151532,0.4825
151533,0.55
151534,0.525
151535,0.59
151536,0.5
151537,0.5725
151538,0.325
151539,0.6325
151540,0.6975
151541,0.5925
151542,0.455
151543,0.5
151544,0.46
151545,0.54
151546,0.3675
151547,0.4825
151548,0.7275
151549,0.3525
151550,0.7
151551,0.48
151552,0.41
151553,0.4125
151554,0.6025
151555,0.4225
151556,0.4525
151557,0.525
151558,0.5425
151559,0.435
151560,0.4425
151561,0.465
151562,0.3925
151563,0.4425
151564,0.435
151565,0.4075
151566,0.39
151567,0.5775
151568,0.4575
151569,0.6775
151570,0.4875
151571,0.4775
151572,0.4175
151573,0.565
151574,0.385
151575,0.56
151576,0.3875
151577,0.49
151578,0.565
151579,0.5625
151580,0.415
151581,0.4375
151582,0.5
151583,0.63
151584,0.3625
151585,0.555
151586,0.285
151587,0.4775
151588,0.425
151589,0.5325
151590,0.5725
151591,0.6475
151592,0.5325
151593,0.4525
151594,0.54
151595,0.4075
151596,0.555
151597,0.52
151598,0.48
151599,0.495
151600,0.55
151601,0.4175
151602,0.42
151603,0.5725
151604,0.4375
151605,0.4375
151606,0.5025
151607,0.5425
151608,0.415
151609,0.4325
151610,0.66
151611,0.3925
151612,0.515
151613,0.4175
151614,0.48
151615,0.555
151616,0.525
151617,0.5475
151618,0.4
151619,0.6475
151620,0.455
151621,0.5
151622,0.5175
151623,0.4875
151624,0.64
151625,0.6725
151626,0.465
151627,0.7175
151628,0.4675
151629,0.445
151630,0.5175
151631,0.55
151632,0.5
151633,0.44
151634,0.495
151635,0.5925
151636,0.575
151637,0.6225
151638,0.5175
151639,0.4225
151640,0.4125
151641,0.6375
151642,0.39
151643,0.465
151644,0.4575
151645,0.4325
151646,0.3625
151647,0.515
151648,0.625
151649,0.54
151650,0.4025
151651,0.465
151652,0.46
151653,0.55
151654,0.4075
151655,0.5475
151656,0.4475
151657,0.4025
151658,0.7025
151659,0.4
151660,0.45
151661,0.35
151662,0.3975
151663,0.385
151664,0.4425
151665,0.53
151666,0.4975
151667,0.595
151668,0.525
151669,0.39
151670,0.405
151671,0.5275
151672,0.46
151673,0.51
151674,0.4975
151675,0.5925
151676,0.7175
151677,0.5875
151678,0.5175
151679,0.4625
151680,0.4375
151681,0.4275
151682,0.4125
151683,0.49
151684,0.48
151685,0.555
151686,0.465
151687,0.5425
151688,0.4825
151689,0.4175
151690,0.46
151691,0.49
151692,0.49
151693,0.4775
151694,0.4175
151695,0.6525
151696,0.705
151697,0.4225
151698,0.53
151699,0.495
151700,0.5125
151701,0.48
151702,0.5375
151703,0.4525
151704,0.5475
151705,0.4725
151706,0.52
151707,0.49
151708,0.6325
151709,0.595
151710,0.58
151711,0.4475
151712,0.535
151713,0.395
151714,0.485
151715,0.385
151716,0.325
151717,0.375
151718,0.51
151719,0.6325
151720,0.47
151721,0.3775
151722,0.4575
151723,0.4475
151724,0.4925
151725,0.365
151726,0.415
151727,0.5125
151728,0.43
151729,0.49
151730,0.43
151731,0.395
151732,0.4775
151733,0.455
151734,0.625
151735,0.32
151736,0.3875
151737,0.495
151738,0.675
151739,0.3575
151740,0.515
151741,0.4075
151742,0.3475
151743,0.3575
151744,0.4575
151745,0.5875
151746,0.355
151747,0.44
151748,0.555
151749,0.4575
151750,0.335
151751,0.6275
151752,0.55
151753,0.455
151754,0.565
151755,0.3875
151756,0.685
151757,0.525
151758,0.3725
151759,0.545
151760,0.5425
151761,0.4175
151762,0.4
151763,0.5
151764,0.52
151765,0.5825
151766,0.5775
151767,0.545
151768,0.57
151769,0.4975
151770,0.54
151771,0.525
151772,0.5825
151773,0.61
151774,0.5325
151775,0.395
151776,0.5475
151777,0.55
151778,0.5625
151779,0.485
151780,0.3525
151781,0.4775
151782,0.5675
151783,0.5675
151784,0.35
151785,0.48
151786,0.37
151787,0.46
151788,0.6475
151789,0.5025
151790,0.425
151791,0.4325
151792,0.5675
151793,0.6325
151794,0.59
151795,0.4775
151796,0.47
151797,0.54
151798,0.495
151799,0.4225
151800,0.43
151801,0.295
151802,0.41
151803,0.535
151804,0.4425
151805,0.49
151806,0.3475
151807,0.585
151808,0.5825
151809,0.5125
151810,0.445
151811,0.4975
151812,0.5025
151813,0.4975
151814,0.65
151815,0.5875
151816,0.33
151817,0.425
151818,0.4075
151819,0.4925
151820,0.4825
151821,0.555
151822,0.39
151823,0.435
151824,0.5
151825,0.355
151826,0.5025
151827,0.455
151828,0.54
151829,0.415
151830,0.39
151831,0.5075
151832,0.53
151833,0.62
151834,0.4225
151835,0.475
151836,0.5725
151837,0.7375
151838,0.5625
151839,0.6125
151840,0.505
151841,0.56
151842,0.4625
151843,0.71
151844,0.48
151845,0.475
151846,0.545
151847,0.3525
151848,0.4375
151849,0.5025
151850,0.4475
151851,0.495
151852,0.5725
151853,0.4425
151854,0.5825
151855,0.5175
151856,0.405
151857,0.4675
151858,0.575
151859,0.51
151860,0.4225
151861,0.4325
151862,0.4725
151863,0.4275
151864,0.5
151865,0.625
151866,0.695
151867,0.5725
151868,0.5075
151869,0.4225
151870,0.4375
151871,0.42
151872,0.3925
151873,0.4
151874,0.4925
151875,0.3325
151876,0.585
151877,0.605
151878,0.5
151879,0.415
151880,0.4175
151881,0.435
151882,0.6475
151883,0.405
151884,0.5275
151885,0.45
151886,0.6625
151887,0.4225
151888,0.4775
151889,0.6025
151890,0.4025
151891,0.4725
151892,0.525
151893,0.55
151894,0.61
151895,0.645
151896,0.5175
151897,0.5925
151898,0.5525
151899,0.665
151900,0.61
151901,0.4175
151902,0.5125
151903,0.4275
151904,0.465
151905,0.5275
151906,0.555
151907,0.4475
151908,0.63
151909,0.435
151910,0.695
151911,0.46
151912,0.48
151913,0.4925
151914,0.4175
151915,0.66
151916,0.4525
151917,0.4225
151918,0.385
151919,0.5275
151920,0.5275
151921,0.565
151922,0.4325
151923,0.4375
151924,0.3225
151925,0.445
151926,0.425
151927,0.515
151928,0.3775
151929,0.47
151930,0.555
151931,0.605
151932,0.42
151933,0.525
151934,0.3675
151935,0.72
151936,0.6025
151937,0.595
151938,0.475
151939,0.54
151940,0.4775
151941,0.465
151942,0.535
151943,0.455
151944,0.6125
151945,0.625
151946,0.52
151947,0.3575
151948,0.53
151949,0.6075
151950,0.5375
151951,0.575
151952,0.54
151953,0.6625
151954,0.6325
151955,0.5025
151956,0.5625
151957,0.435
151958,0.4875
151959,0.54
151960,0.45
151961,0.265
151962,0.4075
151963,0.535
151964,0.5075
151965,0.47
151966,0.565
151967,0.455
151968,0.4925
151969,0.455
151970,0.735
151971,0.325
151972,0.455
151973,0.635
151974,0.54
151975,0.4725
151976,0.46
151977,0.445
151978,0.425
151979,0.35
151980,0.715
151981,0.43
151982,0.42
151983,0.5125
151984,0.4225
151985,0.705
151986,0.505
151987,0.5375
151988,0.4725
151989,0.41
151990,0.3825
151991,0.5575
151992,0.505
151993,0.4575
151994,0.43
151995,0.525
151996,0.4475
151997,0.4175
151998,0.4475
151999,0.5475
152000,0.56
152001,0.36
152002,0.4075
152003,0.43
152004,0.4975
152005,0.4625
152006,0.54
152007,0.4525
152008,0.44
152009,0.435
152010,0.5575
152011,0.315
152012,0.52
152013,0.335
152014,0.3925
152015,0.4825
152016,0.6625
152017,0.53
152018,0.4675
152019,0.4775
152020,0.4175
152021,0.43
152022,0.3575
152023,0.4975
152024,0.55
152025,0.4625
152026,0.4725
152027,0.58
152028,0.56
152029,0.3775
152030,0.43
152031,0.36
152032,0.475
152033,0.6325
152034,0.7875
152035,0.3325
152036,0.555
152037,0.42
152038,0.515
152039,0.6225
152040,0.5075
152041,0.2325
152042,0.44
152043,0.525
152044,0.5
152045,0.455
152046,0.525
152047,0.5825
152048,0.4075
152049,0.4775
152050,0.4825
152051,0.355
152052,0.4775
152053,0.465
152054,0.3975
152055,0.44
152056,0.535
152057,0.38
152058,0.44
152059,0.41
152060,0.4275
152061,0.615
152062,0.55
152063,0.435
152064,0.34
152065,0.4175
152066,0.475
152067,0.42
152068,0.4875
152069,0.48
152070,0.52
152071,0.5675
152072,0.515
152073,0.53
152074,0.545
152075,0.4425
152076,0.53
152077,0.365
152078,0.395
152079,0.4075
152080,0.4875
152081,0.4325
152082,0.545
152083,0.5775
152084,0.4725
152085,0.58
152086,0.565
152087,0.44
152088,0.6325
152089,0.5225
152090,0.665
152091,0.3725
152092,0.5375
152093,0.42
152094,0.4725
152095,0.4375
152096,0.5325
152097,0.4125
152098,0.51
152099,0.4525
152100,0.385
152101,0.8275
152102,0.4625
152103,0.3425
152104,0.49
152105,0.42
152106,0.535
152107,0.505
152108,0.4975
152109,0.6075
152110,0.43
152111,0.4675
152112,0.435
152113,0.4975
152114,0.5875
152115,0.4975
152116,0.4225
152117,0.59
152118,0.4975
152119,0.49
152120,0.66
152121,0.5525
152122,0.53
152123,0.4975
152124,0.475
152125,0.44
152126,0.52
152127,0.5475
152128,0.36
152129,0.495
152130,0.4825
152131,0.495
152132,0.5
152133,0.5625
152134,0.59
152135,0.4375
152136,0.5125
152137,0.46
152138,0.315
152139,0.475
152140,0.4625
152141,0.455
152142,0.435
152143,0.47
152144,0.48
152145,0.4625
152146,0.5475
152147,0.55
152148,0.5275
152149,0.4575
152150,0.345
152151,0.455
152152,0.43
152153,0.4975
152154,0.545
152155,0.485
152156,0.5225
152157,0.6075
152158,0.42
152159,0.4775
152160,0.4075
152161,0.6875
152162,0.31
152163,0.465
152164,0.5875
152165,0.405
152166,0.5375
152167,0.4425
152168,0.53
152169,0.5225
152170,0.4775
152171,0.48
152172,0.6
152173,0.445
152174,0.3825
152175,0.4025
152176,0.41
152177,0.7475
152178,0.4475
152179,0.57
152180,0.535
152181,0.5775
152182,0.4825
152183,0.465
152184,0.6225
152185,0.4475
152186,0.395
152187,0.36
152188,0.44
152189,0.3875
152190,0.4475
152191,0.685
152192,0.475
152193,0.565
152194,0.4725
152195,0.61
152196,0.55
152197,0.615
152198,0.5575
152199,0.4775
152200,0.5125
152201,0.5325
152202,0.435
152203,0.4925
152204,0.6425
152205,0.4325
152206,0.4925
152207,0.395
152208,0.38
152209,0.68
152210,0.4
152211,0.5075
152212,0.3775
152213,0.3225
152214,0.605
152215,0.4425
152216,0.445
152217,0.4475
152218,0.5375
152219,0.405
152220,0.4125
152221,0.4675
152222,0.2925
152223,0.5475
152224,0.55
152225,0.5275
152226,0.5075
152227,0.4375
152228,0.5625
152229,0.5175
152230,0.4775
152231,0.51
152232,0.3225
152233,0.46
152234,0.3775
152235,0.415
152236,0.6925
152237,0.55
152238,0.4675
152239,0.45
152240,0.61
152241,0.52
152242,0.7375
152243,0.4225
152244,0.5025
152245,0.405
152246,0.5025
152247,0.5725
152248,0.555
152249,0.435
152250,0.6425
152251,0.37
152252,0.41
152253,0.5
152254,0.43
152255,0.475
152256,0.3275
152257,0.405
152258,0.4675
152259,0.4875
152260,0.575
152261,0.49
152262,0.3375
152263,0.5275
152264,0.4675
152265,0.4925
152266,0.4375
152267,0.4
152268,0.3825
152269,0.4975
152270,0.4325
152271,0.3825
152272,0.5625
152273,0.48
152274,0.3925
152275,0.4975
152276,0.6875
152277,0.5475
152278,0.63
152279,0.4775
152280,0.38
152281,0.43
152282,0.4975
152283,0.3525
152284,0.65
152285,0.5325
152286,0.39
152287,0.585
152288,0.6325
152289,0.4325
152290,0.505
152291,0.4375
152292,0.585
152293,0.4025
152294,0.4025
152295,0.4375
152296,0.455
152297,0.5325
152298,0.405
152299,0.4625
152300,0.66
152301,0.4925
152302,0.63
152303,0.465
152304,0.4425
152305,0.515
152306,0.485
152307,0.605
152308,0.4
152309,0.665
152310,0.445
152311,0.5
152312,0.67
152313,0.425
152314,0.495
152315,0.5025
152316,0.495
152317,0.39
152318,0.5375
152319,0.5925
152320,0.5175
152321,0.5
152322,0.4675
152323,0.5675
152324,0.425
152325,0.52
152326,0.425
152327,0.4275
152328,0.42
152329,0.5325
152330,0.7375
152331,0.54
152332,0.3975
152333,0.5225
152334,0.585
152335,0.635
152336,0.43
152337,0.5025
152338,0.555
152339,0.42
152340,0.64
152341,0.4675
152342,0.6475
152343,0.5625
152344,0.62
152345,0.5325
152346,0.605
152347,0.505
152348,0.405
152349,0.4425
152350,0.3675
152351,0.5475
152352,0.59
152353,0.53
152354,0.4375
152355,0.5975
152356,0.435
152357,0.51
152358,0.6025
152359,0.5875
152360,0.4575
152361,0.3875
152362,0.4975
152363,0.4975
152364,0.455
152365,0.5825
152366,0.505
152367,0.5125
152368,0.5625
152369,0.5075
152370,0.41
152371,0.5125
152372,0.5775
152373,0.4575
152374,0.505
152375,0.665
152376,0.5475
152377,0.535
152378,0.4375
152379,0.52
152380,0.625
152381,0.5025
152382,0.3875
152383,0.475
152384,0.6225
152385,0.565
152386,0.4075
152387,0.695
152388,0.5925
152389,0.445
152390,0.5525
152391,0.4475
152392,0.5325
152393,0.5075
152394,0.5425
152395,0.3325
152396,0.5575
152397,0.625
152398,0.4525
152399,0.5075
152400,0.385
152401,0.4675
152402,0.47
152403,0.4025
152404,0.6
152405,0.61
152406,0.36
152407,0.3225
152408,0.5175
152409,0.615
152410,0.4975
152411,0.4675
152412,0.515
152413,0.44
152414,0.5175
152415,0.4925
152416,0.6625
152417,0.4325
152418,0.5575
152419,0.43
152420,0.495
152421,0.42
152422,0.595
152423,0.46
152424,0.3925
152425,0.53
152426,0.3125
152427,0.33
152428,0.42
152429,0.475
152430,0.565
152431,0.54
152432,0.6125
152433,0.3825
152434,0.44
152435,0.5625
152436,0.465
152437,0.3525
152438,0.45
152439,0.46
152440,0.4775
152441,0.4675
152442,0.385
152443,0.5325
152444,0.6125
152445,0.55
152446,0.59
152447,0.615
152448,0.5625
152449,0.615
152450,0.505
152451,0.475
152452,0.4475
152453,0.5375
152454,0.4175
152455,0.395
152456,0.5675
152457,0.6225
152458,0.545
152459,0.3825
152460,0.6075
152461,0.2825
152462,0.5125
152463,0.535
152464,0.575
152465,0.5275
152466,0.43
152467,0.4125
152468,0.595
152469,0.4375
152470,0.4975
152471,0.4375
152472,0.5375
152473,0.4
152474,0.5475
152475,0.4175
152476,0.2875
152477,0.26
152478,0.6125
152479,0.555
152480,0.545
152481,0.575
152482,0.375
152483,0.295
152484,0.48
152485,0.4575
152486,0.525
152487,0.655
152488,0.36
152489,0.7125
152490,0.4725
152491,0.485
152492,0.5925
152493,0.5725
152494,0.46
152495,0.56
152496,0.535
152497,0.6175
152498,0.47
152499,0.635
152500,0.4325
152501,0.4775
152502,0.4875
152503,0.49
152504,0.43
152505,0.4775
152506,0.4725
152507,0.62
152508,0.505
152509,0.4725
152510,0.47
152511,0.36
152512,0.4
152513,0.48
152514,0.485
152515,0.4475
152516,0.535
152517,0.53
152518,0.52
152519,0.5175
152520,0.5075
152521,0.49
152522,0.4775
152523,0.4625
152524,0.5075
152525,0.44
152526,0.385
152527,0.395
152528,0.5075
152529,0.4925
152530,0.565
152531,0.515
152532,0.4925
152533,0.515
152534,0.4875
152535,0.4375
152536,0.4525
152537,0.4275
152538,0.52
152539,0.4825
152540,0.6475
152541,0.37
152542,0.3875
152543,0.65
152544,0.66
152545,0.4175
152546,0.5825
152547,0.5625
152548,0.4225
152549,0.47
152550,0.52
152551,0.4675
152552,0.39
152553,0.615
152554,0.51
152555,0.6275
152556,0.6225
152557,0.61
152558,0.4225
152559,0.51
152560,0.495
152561,0.5
152562,0.485
152563,0.4475
152564,0.525
152565,0.48
152566,0.49
152567,0.455
152568,0.39
152569,0.5
152570,0.5975
152571,0.5625
152572,0.4525
152573,0.6375
152574,0.5975
152575,0.39
152576,0.6525
152577,0.55
152578,0.3975
152579,0.6775
152580,0.525
152581,0.44
152582,0.51
152583,0.4375
152584,0.4475
152585,0.57
152586,0.4
152587,0.6375
152588,0.3325
152589,0.3475
152590,0.575
152591,0.5025
152592,0.425
152593,0.4875
152594,0.4925
152595,0.55
152596,0.3725
152597,0.42
152598,0.565
152599,0.5675
152600,0.455
152601,0.415
152602,0.5275
152603,0.37
152604,0.395
152605,0.5675
152606,0.5575
152607,0.5025
152608,0.4275
152609,0.5125
152610,0.4025
152611,0.5575
152612,0.35
152613,0.4675
152614,0.4375
152615,0.4725
152616,0.5175
152617,0.5725
152618,0.4275
152619,0.485
152620,0.4
152621,0.4325
152622,0.5275
152623,0.4875
152624,0.4525
152625,0.595
152626,0.57
152627,0.605
152628,0.3675
152629,0.465
152630,0.3575
152631,0.39
152632,0.455
152633,0.535
152634,0.465
152635,0.515
152636,0.4175
152637,0.4825
152638,0.4075
152639,0.72
152640,0.5
152641,0.3425
152642,0.65
152643,0.405
152644,0.4025
152645,0.5075
152646,0.4825
152647,0.5175
152648,0.455
152649,0.52
152650,0.6225
152651,0.36
152652,0.51
152653,0.4575
152654,0.4575
152655,0.4125
152656,0.5275
152657,0.5525
152658,0.4675
152659,0.47
152660,0.53
152661,0.4325
152662,0.4925
152663,0.3725
152664,0.4425
152665,0.4725
152666,0.52
152667,0.44
152668,0.6325
152669,0.5175
152670,0.545
152671,0.47
152672,0.515
152673,0.655
152674,0.46
152675,0.4825
152676,0.54
152677,0.5275
152678,0.4975
152679,0.3925
152680,0.425
152681,0.495
152682,0.4875
152683,0.49
152684,0.3875
152685,0.485
152686,0.5925
152687,0.5575
152688,0.75
152689,0.455
152690,0.415
152691,0.5475
152692,0.3525
152693,0.4
152694,0.5425
152695,0.515
152696,0.4
152697,0.4425
152698,0.4675
152699,0.485
152700,0.4975
152701,0.665
152702,0.6275
152703,0.385
152704,0.5
152705,0.4925
152706,0.4925
152707,0.42
152708,0.485
152709,0.4275
152710,0.4525
152711,0.48
152712,0.505
152713,0.4175
152714,0.5775
152715,0.5225
152716,0.45
152717,0.5125
152718,0.415
152719,0.515
152720,0.4325
152721,0.43
152722,0.505
152723,0.6225
152724,0.4375
152725,0.49
152726,0.3325
152727,0.5575
152728,0.5025
152729,0.6025
152730,0.35
152731,0.575
152732,0.4925
152733,0.5775
152734,0.5125
152735,0.46
152736,0.63
152737,0.59
152738,0.39
152739,0.4975
152740,0.5575
152741,0.4375
152742,0.505
152743,0.5525
152744,0.3825
152745,0.4275
152746,0.455
152747,0.5775
152748,0.41
152749,0.44
152750,0.4825
152751,0.5125
152752,0.385
152753,0.535
152754,0.5675
152755,0.4225
152756,0.37
152757,0.585
152758,0.625
152759,0.635
152760,0.5875
152761,0.41
152762,0.495
152763,0.4925
152764,0.475
152765,0.5425
152766,0.41
152767,0.44
152768,0.39
152769,0.465
152770,0.4925
152771,0.4875
152772,0.5525
152773,0.4925
152774,0.475
152775,0.4075
152776,0.555
152777,0.3975
152778,0.3275
152779,0.5075
152780,0.4425
152781,0.4775
152782,0.55
152783,0.355
152784,0.4525
152785,0.5075
152786,0.6275
152787,0.65
152788,0.565
152789,0.5425
152790,0.5
152791,0.4
152792,0.44
152793,0.355
152794,0.4425
152795,0.475
152796,0.5275
152797,0.5875
152798,0.465
152799,0.39
152800,0.4725
152801,0.5275
152802,0.515
152803,0.5125
152804,0.515
152805,0.5475
152806,0.3475
152807,0.615
152808,0.4575
152809,0.3975
152810,0.42
152811,0.485
152812,0.635
152813,0.385
152814,0.54
152815,0.57
152816,0.6275
152817,0.4975
152818,0.4625
152819,0.5425
152820,0.63
152821,0.5475
152822,0.4875
152823,0.48
152824,0.6425
152825,0.585
152826,0.5075
152827,0.5375
152828,0.605
152829,0.5425
152830,0.475
152831,0.6025
152832,0.51
152833,0.52
152834,0.5
152835,0.46
152836,0.3875
152837,0.5775
152838,0.55
152839,0.37
152840,0.51
152841,0.595
152842,0.425
152843,0.445
152844,0.4075
152845,0.4225
152846,0.4925
152847,0.355
152848,0.4525
152849,0.5025
152850,0.405
152851,0.5375
152852,0.4725
152853,0.625
152854,0.4475
152855,0.4725
152856,0.58
152857,0.445
152858,0.4575
152859,0.565
152860,0.4575
152861,0.6625
152862,0.4175
152863,0.5625
152864,0.61
152865,0.4575
152866,0.39
152867,0.425
152868,0.475
152869,0.405
152870,0.56
152871,0.39
152872,0.745
152873,0.3375
152874,0.48
152875,0.4075
152876,0.5825
152877,0.3825
152878,0.2875
152879,0.51
152880,0.5725
152881,0.33
152882,0.5125
152883,0.4425
152884,0.5475
152885,0.5
152886,0.5325
152887,0.5725
152888,0.4575
152889,0.4725
152890,0.5575
152891,0.495
152892,0.68
152893,0.52
152894,0.395
152895,0.4875
152896,0.3675
152897,0.615
152898,0.485
152899,0.565
152900,0.455
152901,0.4275
152902,0.5375
152903,0.4725
152904,0.5125
152905,0.51
152906,0.56
152907,0.415
152908,0.5375
152909,0.4125
152910,0.405
152911,0.4475
152912,0.385
152913,0.4575
152914,0.5825
152915,0.4225
152916,0.5375
152917,0.59
152918,0.5325
152919,0.475
152920,0.5275
152921,0.6575
152922,0.35
152923,0.5275
152924,0.49
152925,0.45
152926,0.5075
152927,0.555
152928,0.4425
152929,0.4475
152930,0.54
152931,0.4575
152932,0.4875
152933,0.4225
152934,0.3875
152935,0.6125
152936,0.415
152937,0.5075
152938,0.555
152939,0.4825
152940,0.5675
152941,0.4975
152942,0.4375
152943,0.54
152944,0.43
152945,0.3675
152946,0.435
152947,0.6075
152948,0.52
152949,0.4025
152950,0.4725
152951,0.585
152952,0.4675
152953,0.4925
152954,0.62
152955,0.34
152956,0.395
152957,0.4575
152958,0.5375
152959,0.65
152960,0.505
152961,0.48
152962,0.4625
152963,0.44
152964,0.4075
152965,0.56
152966,0.4475
152967,0.5575
152968,0.5125
152969,0.5675
152970,0.4025
152971,0.62
152972,0.3675
152973,0.5425
152974,0.4275
152975,0.4925
152976,0.67
152977,0.52
152978,0.4275
152979,0.5975
152980,0.415
152981,0.45
152982,0.375
152983,0.535
152984,0.5025
152985,0.515
152986,0.6275
152987,0.4325
152988,0.535
152989,0.455
152990,0.435
152991,0.5325
152992,0.47
152993,0.4375
152994,0.285
152995,0.72
152996,0.3925
152997,0.52
152998,0.475
152999,0.475
153000,0.6125
153001,0.405
153002,0.58
153003,0.3875
153004,0.45
153005,0.6175
153006,0.645
153007,0.4275
153008,0.5875
153009,0.4775
153010,0.4625
153011,0.465
153012,0.565
153013,0.41
153014,0.5525
153015,0.6825
153016,0.5625
153017,0.44
153018,0.45
153019,0.4725
153020,0.5025
153021,0.675
153022,0.385
153023,0.49
153024,0.4175
153025,0.5575
153026,0.325
153027,0.45
153028,0.355
153029,0.62
153030,0.4825
153031,0.45
153032,0.6275
153033,0.4475
153034,0.645
153035,0.4475
153036,0.4825
153037,0.635
153038,0.505
153039,0.495
153040,0.5775
153041,0.5275
153042,0.55
153043,0.3775
153044,0.63
153045,0.6025
153046,0.575
153047,0.5625
153048,0.4625
153049,0.495
153050,0.4925
153051,0.5325
153052,0.6425
153053,0.4625
153054,0.44
153055,0.37
153056,0.4225
153057,0.495
153058,0.34
153059,0.475
153060,0.495
153061,0.5825
153062,0.4375
153063,0.545
153064,0.7275
153065,0.4325
153066,0.585
153067,0.395
153068,0.5375
153069,0.4225
153070,0.5975
153071,0.3975
153072,0.56
153073,0.405
153074,0.455
153075,0.5375
153076,0.3975
153077,0.6775
153078,0.4975
153079,0.5975
153080,0.4825
153081,0.48
153082,0.4575
153083,0.455
153084,0.5275
153085,0.4475
153086,0.48
153087,0.46
153088,0.6
153089,0.3425
153090,0.5325
153091,0.5725
153092,0.48
153093,0.5275
153094,0.48
153095,0.49
153096,0.41
153097,0.595
153098,0.53
153099,0.5075
153100,0.53
153101,0.445
153102,0.5425
153103,0.445
153104,0.74
153105,0.4375
153106,0.36
153107,0.3425
153108,0.575
153109,0.5975
153110,0.465
153111,0.4575
153112,0.4925
153113,0.5175
153114,0.46
153115,0.62
153116,0.465
153117,0.4
153118,0.535
153119,0.4725
153120,0.615
153121,0.355
153122,0.3225
153123,0.5225
153124,0.5225
153125,0.4825
153126,0.59
153127,0.57
153128,0.5075
153129,0.46
153130,0.58
153131,0.585
153132,0.5275
153133,0.49
153134,0.4675
153135,0.4875
153136,0.4775
153137,0.695
153138,0.5425
153139,0.2825
153140,0.68
153141,0.6225
153142,0.4675
153143,0.68
153144,0.5775
153145,0.54
153146,0.5275
153147,0.475
153148,0.7375
153149,0.5275
153150,0.4675
153151,0.565
153152,0.4925
153153,0.41
153154,0.455
153155,0.505
153156,0.36
153157,0.4025
153158,0.45
153159,0.59
153160,0.61
153161,0.4625
153162,0.665
153163,0.485
153164,0.595
153165,0.525
153166,0.4025
153167,0.495
153168,0.59
153169,0.37
153170,0.4575
153171,0.505
153172,0.5075
153173,0.5375
153174,0.48
153175,0.54
153176,0.545
153177,0.4375
153178,0.595
153179,0.6925
153180,0.6875
153181,0.4
153182,0.4475
153183,0.485
153184,0.4425
153185,0.55
153186,0.56
153187,0.7375
153188,0.5025
153189,0.7075
153190,0.525
153191,0.385
153192,0.5
153193,0.4825
153194,0.645
153195,0.5725
153196,0.6425
153197,0.4525
153198,0.63
153199,0.4125
153200,0.5025
153201,0.4925
153202,0.3925
153203,0.465
153204,0.435
153205,0.675
153206,0.505
153207,0.55
153208,0.505
153209,0.4275
153210,0.4425
153211,0.4525
153212,0.3325
153213,0.375
153214,0.495
153215,0.495
153216,0.55
153217,0.62
153218,0.4625
153219,0.4675
153220,0.5325
153221,0.5
153222,0.4175
153223,0.4
153224,0.51
153225,0.3625
153226,0.57
153227,0.62
153228,0.5625
153229,0.475
153230,0.4325
153231,0.54
153232,0.5725
153233,0.505
153234,0.575
153235,0.5525
153236,0.57
153237,0.505
153238,0.46
153239,0.475
153240,0.4775
153241,0.4775
153242,0.52
153243,0.5975
153244,0.5075
153245,0.595
153246,0.4725
153247,0.435
153248,0.595
153249,0.55
153250,0.4575
153251,0.49
153252,0.325
153253,0.4175
153254,0.5325
153255,0.6075
153256,0.475
153257,0.43
153258,0.4475
153259,0.63
153260,0.4975
153261,0.63
153262,0.505
153263,0.35
153264,0.3875
153265,0.435
153266,0.365
153267,0.46
153268,0.4325
153269,0.5375
153270,0.4425
153271,0.555
153272,0.48
153273,0.43
153274,0.4375
153275,0.4525
153276,0.6375
153277,0.465
153278,0.4875
153279,0.4175
153280,0.6725
153281,0.5975
153282,0.635
153283,0.495
153284,0.5175
153285,0.4475
153286,0.595
153287,0.49
153288,0.495
153289,0.645
153290,0.41
153291,0.58
153292,0.6425
153293,0.495
153294,0.625
153295,0.745
153296,0.38
153297,0.5125
153298,0.38
153299,0.635
153300,0.4025
153301,0.3975
153302,0.3625
153303,0.595
153304,0.6325
153305,0.3525
153306,0.4125
153307,0.5725
153308,0.7225
153309,0.655
153310,0.3975
153311,0.4425
153312,0.495
153313,0.63
153314,0.65
153315,0.55
153316,0.6
153317,0.485
153318,0.4825
153319,0.4475
153320,0.41
153321,0.405
153322,0.4825
153323,0.4725
153324,0.465
153325,0.405
153326,0.49
153327,0.6425
153328,0.6625
153329,0.61
153330,0.5125
153331,0.4225
153332,0.4075
153333,0.3375
153334,0.4375
153335,0.64
153336,0.52
153337,0.565
153338,0.505
153339,0.6575
153340,0.49
153341,0.4275
153342,0.6475
153343,0.49
153344,0.48
153345,0.5125
153346,0.42
153347,0.3675
153348,0.565
153349,0.435
153350,0.5475
153351,0.4725
153352,0.4075
153353,0.59
153354,0.36
153355,0.5575
153356,0.4525
153357,0.5275
153358,0.52
153359,0.43
153360,0.43
153361,0.45
153362,0.53
153363,0.4375
153364,0.6
153365,0.3625
153366,0.5325
153367,0.6125
153368,0.485
153369,0.43
153370,0.6175
153371,0.41
153372,0.675
153373,0.475
153374,0.45
153375,0.54
153376,0.39
153377,0.6575
153378,0.6
153379,0.475
153380,0.4
153381,0.4
153382,0.4725
153383,0.5725
153384,0.49
153385,0.505
153386,0.4925
153387,0.4725
153388,0.46
153389,0.47
153390,0.4525
153391,0.665
153392,0.6375
153393,0.405
153394,0.585
153395,0.6225
153396,0.59
153397,0.43
153398,0.465
153399,0.5775
153400,0.5325
153401,0.59
153402,0.51
153403,0.6375
153404,0.46
153405,0.5425
153406,0.4175
153407,0.4325
153408,0.385
153409,0.335
153410,0.48
153411,0.5175
153412,0.5675
153413,0.495
153414,0.5025
153415,0.545
153416,0.6175
153417,0.55
153418,0.4225
153419,0.3675
153420,0.49
153421,0.4825
153422,0.57
153423,0.4325
153424,0.54
153425,0.545
153426,0.4175
153427,0.365
153428,0.475
153429,0.4625
153430,0.5725
153431,0.48
153432,0.5375
153433,0.485
153434,0.42
153435,0.6175
153436,0.625
153437,0.44
153438,0.585
153439,0.565
153440,0.635
153441,0.415
153442,0.595
153443,0.69
153444,0.585
153445,0.435
153446,0.4875
153447,0.4825
153448,0.525
153449,0.51
153450,0.4075
153451,0.5725
153452,0.5075
153453,0.6025
153454,0.4775
153455,0.49
153456,0.525
153457,0.4775
153458,0.405
153459,0.405
153460,0.5325
153461,0.6225
153462,0.475
153463,0.515
153464,0.655
153465,0.555
153466,0.645
153467,0.6725
153468,0.3775
153469,0.435
153470,0.5225
153471,0.465
153472,0.4525
153473,0.5025
153474,0.5675
153475,0.4125
153476,0.4075
153477,0.6375
153478,0.4175
153479,0.4725
153480,0.395
153481,0.39
153482,0.415
153483,0.645
153484,0.515
153485,0.4525
153486,0.4875
153487,0.585
153488,0.525
153489,0.4975
153490,0.465
153491,0.495
153492,0.56
153493,0.475
153494,0.4525
153495,0.5325
153496,0.475
153497,0.4925
153498,0.4225
153499,0.555
153500,0.3575
153501,0.585
153502,0.635
153503,0.64
153504,0.5575
153505,0.4575
153506,0.5425
153507,0.475
153508,0.465
153509,0.495
153510,0.51
153511,0.4325
153512,0.6175
153513,0.325
153514,0.3725
153515,0.4725
153516,0.5125
153517,0.49
153518,0.53
153519,0.6075
153520,0.4
153521,0.5075
153522,0.395
153523,0.45
153524,0.4925
153525,0.5675
153526,0.455
153527,0.7125
153528,0.5675
153529,0.3925
153530,0.68
153531,0.5175
153532,0.55
153533,0.625
153534,0.4425
153535,0.6825
153536,0.58
153537,0.4025
153538,0.3825
153539,0.72
153540,0.465
153541,0.4125
153542,0.4275
153543,0.4775
153544,0.6025
153545,0.47
153546,0.3325
153547,0.4625
153548,0.37
153549,0.3675
153550,0.6025
153551,0.4775
153552,0.4075
153553,0.6675
153554,0.52
153555,0.435
153556,0.565
153557,0.455
153558,0.44
153559,0.6225
153560,0.5175
153561,0.5475
153562,0.475
153563,0.31
153564,0.4375
153565,0.3725
153566,0.465
153567,0.435
153568,0.4975
153569,0.3775
153570,0.41
153571,0.4075
153572,0.7475
153573,0.4775
153574,0.5375
153575,0.47
153576,0.5875
153577,0.49
153578,0.57
153579,0.53
153580,0.5125
153581,0.5575
153582,0.5
153583,0.4175
153584,0.45
153585,0.535
153586,0.485
153587,0.5575
153588,0.4375
153589,0.425
153590,0.4775
153591,0.625
153592,0.4725
153593,0.4975
153594,0.55
153595,0.6825
153596,0.4975
153597,0.47
153598,0.475
153599,0.6
153600,0.5675
153601,0.455
153602,0.5925
153603,0.515
153604,0.635
153605,0.52
153606,0.4
153607,0.4025
153608,0.475
153609,0.39
153610,0.5575
153611,0.49
153612,0.455
153613,0.375
153614,0.4875
153615,0.4075
153616,0.6375
153617,0.525
153618,0.535
153619,0.46
153620,0.4275
153621,0.4825
153622,0.595
153623,0.4525
153624,0.5325
153625,0.45
153626,0.42
153627,0.57
153628,0.5925
153629,0.5225
153630,0.4875
153631,0.3675
153632,0.6025
153633,0.48
153634,0.5375
153635,0.5175
153636,0.365
153637,0.66
153638,0.4375
153639,0.445
153640,0.475
153641,0.495
153642,0.4725
153643,0.435
153644,0.465
153645,0.55
153646,0.4675
153647,0.42
153648,0.525
153649,0.425
153650,0.56
153651,0.405
153652,0.54
153653,0.5275
153654,0.5275
153655,0.445
153656,0.475
153657,0.5925
153658,0.525
153659,0.2625
153660,0.525
153661,0.515
153662,0.725
153663,0.4275
153664,0.4225
153665,0.4275
153666,0.3775
153667,0.45
153668,0.465
153669,0.465
153670,0.425
153671,0.49
153672,0.5325
153673,0.495
153674,0.425
153675,0.4875
153676,0.5275
153677,0.4975
153678,0.5475
153679,0.4625
153680,0.41
153681,0.425
153682,0.6
153683,0.425
153684,0.5425
153685,0.345
153686,0.4225
153687,0.5325
153688,0.5725
153689,0.49
153690,0.525
153691,0.4675
153692,0.4225
153693,0.4875
153694,0.4925
153695,0.72
153696,0.565
153697,0.4325
153698,0.445
153699,0.6675
153700,0.655
153701,0.575
153702,0.53
153703,0.315
153704,0.46
153705,0.51
153706,0.4525
153707,0.5175
153708,0.465
153709,0.4625
153710,0.495
153711,0.36
153712,0.43
153713,0.43
153714,0.5725
153715,0.435
153716,0.51
153717,0.435
153718,0.58
153719,0.6275
153720,0.545
153721,0.63
153722,0.455
153723,0.535
153724,0.39
153725,0.365
153726,0.5225
153727,0.445
153728,0.445
153729,0.43
153730,0.4175
153731,0.45
153732,0.435
153733,0.525
153734,0.5825
153735,0.5175
153736,0.48
153737,0.4025
153738,0.4675
153739,0.41
153740,0.425
153741,0.28
153742,0.48
153743,0.6175
153744,0.4
153745,0.4575
153746,0.6
153747,0.5175
153748,0.5275
153749,0.3075
153750,0.4475
153751,0.5075
153752,0.335
153753,0.635
153754,0.48
153755,0.4775
153756,0.52
153757,0.5125
153758,0.3575
153759,0.375
153760,0.5225
153761,0.5025
153762,0.5125
153763,0.495
153764,0.48
153765,0.3925
153766,0.4925
153767,0.485
153768,0.4975
153769,0.57
153770,0.5175
153771,0.5
153772,0.5925
153773,0.6
153774,0.4875
153775,0.4775
153776,0.57
153777,0.43
153778,0.4875
153779,0.535
153780,0.425
153781,0.4475
153782,0.4725
153783,0.49
153784,0.43
153785,0.54
153786,0.435
153787,0.41
153788,0.495
153789,0.3925
153790,0.4825
153791,0.535
153792,0.4625
153793,0.5325
153794,0.625
153795,0.4325
153796,0.3825
153797,0.47
153798,0.465
153799,0.575
153800,0.4875
153801,0.6725
153802,0.65
153803,0.6275
153804,0.3925
153805,0.42
153806,0.565
153807,0.68
153808,0.565
153809,0.6275
153810,0.37
153811,0.3925
153812,0.435
153813,0.4925
153814,0.4125
153815,0.6525
153816,0.57
153817,0.435
153818,0.465
153819,0.56
153820,0.4475
153821,0.5625
153822,0.375
153823,0.6375
153824,0.475
153825,0.3725
153826,0.495
153827,0.3975
153828,0.49
153829,0.4925
153830,0.505
153831,0.5425
153832,0.4525
153833,0.465
153834,0.4675
153835,0.405
153836,0.51
153837,0.475
153838,0.49
153839,0.5375
153840,0.545
153841,0.545
153842,0.485
153843,0.57
153844,0.5525
153845,0.4425
153846,0.535
153847,0.4975
153848,0.485
153849,0.485
153850,0.48
153851,0.4975
153852,0.37
153853,0.4875
153854,0.54
153855,0.54
153856,0.4475
153857,0.575
153858,0.315
153859,0.565
153860,0.3575
153861,0.6675
153862,0.535
153863,0.3525
153864,0.4275
153865,0.4475
153866,0.4275
153867,0.47
153868,0.6
153869,0.545
153870,0.4425
153871,0.6925
153872,0.3775
153873,0.395
153874,0.41
153875,0.7025
153876,0.6125
153877,0.375
153878,0.4775
153879,0.57
153880,0.74
153881,0.605
153882,0.51
153883,0.42
153884,0.5875
153885,0.5275
153886,0.6575
153887,0.415
153888,0.605
153889,0.4375
153890,0.4675
153891,0.4725
153892,0.44
153893,0.5275
153894,0.57
153895,0.365
153896,0.5275
153897,0.5025
153898,0.5425
153899,0.5175
153900,0.6175
153901,0.54
153902,0.6375
153903,0.685
153904,0.39
153905,0.63
153906,0.565
153907,0.595
153908,0.59
153909,0.4775
153910,0.4325
153911,0.515
153912,0.3825
153913,0.47
153914,0.48
153915,0.305
153916,0.495
153917,0.6775
153918,0.5975
153919,0.4975
153920,0.6675
153921,0.405
153922,0.5775
153923,0.445
153924,0.54
153925,0.4775
153926,0.5825
153927,0.6925
153928,0.5525
153929,0.4525
153930,0.47
153931,0.445
153932,0.43
153933,0.4725
153934,0.4125
153935,0.4575
153936,0.4275
153937,0.545
153938,0.525
153939,0.3825
153940,0.4825
153941,0.6
153942,0.4125
153943,0.5
153944,0.48
153945,0.5025
153946,0.5375
153947,0.5325
153948,0.4525
153949,0.4975
153950,0.5725
153951,0.5725
153952,0.4325
153953,0.5175
153954,0.45
153955,0.4375
153956,0.48
153957,0.5275
153958,0.4725
153959,0.485
153960,0.4925
153961,0.5575
153962,0.3075
153963,0.535
153964,0.68
153965,0.58
153966,0.51
153967,0.425
153968,0.495
153969,0.51
153970,0.3875
153971,0.365
153972,0.485
153973,0.4275
153974,0.42
153975,0.4175
153976,0.495
153977,0.4475
153978,0.4375
153979,0.5525
153980,0.2975
153981,0.4725
153982,0.555
153983,0.6525
153984,0.54
153985,0.4675
153986,0.4625
153987,0.515
153988,0.5025
153989,0.2525
153990,0.5625
153991,0.375
153992,0.2675
153993,0.425
153994,0.675
153995,0.355
153996,0.4375
153997,0.385
153998,0.6025
153999,0.41
154000,0.6625
154001,0.55
154002,0.475
154003,0.43
154004,0.4625
154005,0.5425
154006,0.43
154007,0.5
154008,0.465
154009,0.51
154010,0.5325
154011,0.545
154012,0.505
154013,0.4525
154014,0.4525
154015,0.355
154016,0.435
154017,0.4675
154018,0.44
154019,0.495
154020,0.4975
154021,0.6575
154022,0.5
154023,0.405
154024,0.5425
154025,0.4875
154026,0.49
154027,0.4325
154028,0.5025
154029,0.4025
154030,0.4625
154031,0.5425
154032,0.5225
154033,0.45
154034,0.7125
154035,0.395
154036,0.5675
154037,0.5375
154038,0.3625
154039,0.62
154040,0.46
154041,0.4725
154042,0.6025
154043,0.475
154044,0.4525
154045,0.4175
154046,0.445
154047,0.4975
154048,0.475
154049,0.4925
154050,0.4775
154051,0.5275
154052,0.455
154053,0.4575
154054,0.4875
154055,0.525
154056,0.6625
154057,0.415
154058,0.585
154059,0.4225
154060,0.5
154061,0.6125
154062,0.5375
154063,0.65
154064,0.665
154065,0.52
154066,0.52
154067,0.4625
154068,0.4425
154069,0.4325
154070,0.4475
154071,0.4875
154072,0.3725
154073,0.43
154074,0.575
154075,0.44
154076,0.5775
154077,0.51
154078,0.4725
154079,0.445
154080,0.7125
154081,0.58
154082,0.4925
154083,0.45
154084,0.4675
154085,0.3925
154086,0.425
154087,0.5175
154088,0.4925
154089,0.4475
154090,0.35
154091,0.47
154092,0.475
154093,0.555
154094,0.6125
154095,0.6725
154096,0.465
154097,0.5075
154098,0.6525
154099,0.4275
154100,0.53
154101,0.345
154102,0.375
154103,0.4375
154104,0.4875
154105,0.4925
154106,0.4725
154107,0.61
154108,0.45
154109,0.585
154110,0.41
154111,0.5225
154112,0.5625
154113,0.4625
154114,0.4125
154115,0.43
154116,0.56
154117,0.5575
154118,0.6825
154119,0.455
154120,0.38
154121,0.415
154122,0.5525
154123,0.47
154124,0.5
154125,0.4825
154126,0.51
154127,0.4075
154128,0.54
154129,0.4225
154130,0.505
154131,0.42
154132,0.5675
154133,0.605
154134,0.47
154135,0.4975
154136,0.37
154137,0.4325
154138,0.785
154139,0.5425
154140,0.3825
154141,0.595
154142,0.425
154143,0.6575
154144,0.4775
154145,0.5725
154146,0.4825
154147,0.62
154148,0.595
154149,0.3975
154150,0.555
154151,0.54
154152,0.4975
154153,0.3825
154154,0.3825
154155,0.515
154156,0.3275
154157,0.44
154158,0.5275
154159,0.495
154160,0.44
154161,0.545
154162,0.3725
154163,0.505
154164,0.4325
154165,0.43
154166,0.57
154167,0.505
154168,0.43
154169,0.51
154170,0.47
154171,0.4875
154172,0.41
154173,0.5875
154174,0.695
154175,0.365
154176,0.365
154177,0.52
154178,0.52
154179,0.525
154180,0.5675
154181,0.375
154182,0.465
154183,0.705
154184,0.605
154185,0.4375
154186,0.4025
154187,0.325
154188,0.575
154189,0.4175
154190,0.4875
154191,0.555
154192,0.3825
154193,0.56
154194,0.4525
154195,0.5325
154196,0.49
154197,0.68
154198,0.46
154199,0.5775
154200,0.5275
154201,0.5725
154202,0.4225
154203,0.375
154204,0.405
154205,0.415
154206,0.48
154207,0.4875
154208,0.4775
154209,0.53
154210,0.6625
154211,0.655
154212,0.48
154213,0.4575
154214,0.6275
154215,0.4925
154216,0.5825
154217,0.4475
154218,0.4
154219,0.52
154220,0.52
154221,0.5025
154222,0.535
154223,0.43
154224,0.3625
154225,0.6
154226,0.5125
154227,0.395
154228,0.4775
154229,0.4625
154230,0.44
154231,0.325
154232,0.415
154233,0.5325
154234,0.4575
154235,0.55
154236,0.4475
154237,0.5275
154238,0.4125
154239,0.7
154240,0.4575
154241,0.335
154242,0.5075
154243,0.4875
154244,0.4475
154245,0.495
154246,0.4625
154247,0.43
154248,0.5475
154249,0.6675
154250,0.6275
154251,0.4725
154252,0.5125
154253,0.42
154254,0.435
154255,0.575
154256,0.4725
154257,0.55
154258,0.4025
154259,0.43
154260,0.57
154261,0.455
154262,0.4125
154263,0.3825
154264,0.4775
154265,0.4725
154266,0.34
154267,0.44
154268,0.4625
154269,0.68
154270,0.4825
154271,0.545
154272,0.5625
154273,0.39
154274,0.43
154275,0.4825
154276,0.425
154277,0.645
154278,0.5825
154279,0.45
154280,0.505
154281,0.545
154282,0.4325
154283,0.57
154284,0.695
154285,0.56
154286,0.3725
154287,0.4975
154288,0.5475
154289,0.5975
154290,0.4525
154291,0.495
154292,0.685
154293,0.4575
154294,0.5175
154295,0.48
154296,0.5375
154297,0.4925
154298,0.4525
154299,0.59
154300,0.5425
154301,0.54
154302,0.64
154303,0.335
154304,0.4475
154305,0.495
154306,0.53
154307,0.41
154308,0.5825
154309,0.4925
154310,0.3175
154311,0.4475
154312,0.595
154313,0.5125
154314,0.505
154315,0.48
154316,0.49
154317,0.68
154318,0.4725
154319,0.5825
154320,0.5275
154321,0.405
154322,0.555
154323,0.61
154324,0.485
154325,0.4625
154326,0.61
154327,0.41
154328,0.3325
154329,0.5575
154330,0.4575
154331,0.5125
154332,0.4275
154333,0.455
154334,0.58
154335,0.3975
154336,0.505
154337,0.46
154338,0.4425
154339,0.405
154340,0.4
154341,0.535
154342,0.5025
154343,0.505
154344,0.455
154345,0.5775
154346,0.6225
154347,0.5025
154348,0.425
154349,0.55
154350,0.49
154351,0.4725
154352,0.6025
154353,0.5575
154354,0.41
154355,0.47
154356,0.4825
154357,0.4825
154358,0.5675
154359,0.435
154360,0.355
154361,0.55
154362,0.45
154363,0.69
154364,0.5125
154365,0.5
154366,0.405
154367,0.375
154368,0.4775
154369,0.4175
154370,0.695
154371,0.3675
154372,0.5175
154373,0.44
154374,0.4675
154375,0.4175
154376,0.3675
154377,0.625
154378,0.39
154379,0.4125
154380,0.4975
154381,0.4075
154382,0.51
154383,0.4775
154384,0.55
154385,0.49
154386,0.4575
154387,0.6775
154388,0.5475
154389,0.52
154390,0.4625
154391,0.4775
154392,0.3
154393,0.385
154394,0.4075
154395,0.5825
154396,0.4525
154397,0.4075
154398,0.4775
154399,0.5925
154400,0.4475
154401,0.3325
154402,0.4
154403,0.4225
154404,0.51
154405,0.6625
154406,0.6
154407,0.5175
154408,0.4
154409,0.5675
154410,0.5975
154411,0.465
154412,0.2925
154413,0.4175
154414,0.5475
154415,0.5675
154416,0.56
154417,0.455
154418,0.5125
154419,0.3725
154420,0.545
154421,0.3425
154422,0.51
154423,0.4075
154424,0.46
154425,0.4225
154426,0.46
154427,0.4325
154428,0.675
154429,0.5925
154430,0.4325
154431,0.5275
154432,0.4175
154433,0.5925
154434,0.45
154435,0.4075
154436,0.6575
154437,0.3775
154438,0.41
154439,0.5525
154440,0.585
154441,0.5025
154442,0.435
154443,0.465
154444,0.38
154445,0.58
154446,0.5725
154447,0.41
154448,0.6475
154449,0.46
154450,0.57
154451,0.6075
154452,0.5025
154453,0.395
154454,0.465
154455,0.555
154456,0.41
154457,0.645
154458,0.71
154459,0.465
154460,0.5525
154461,0.3125
154462,0.5375
154463,0.535
154464,0.4875
154465,0.55
154466,0.4325
154467,0.65
154468,0.51
154469,0.49
154470,0.54
154471,0.595
154472,0.6075
154473,0.4075
154474,0.565
154475,0.4775
154476,0.47
154477,0.4375
154478,0.4575
154479,0.4625
154480,0.365
154481,0.5675
154482,0.35
154483,0.4875
154484,0.5925
154485,0.4475
154486,0.5375
154487,0.3575
154488,0.355
154489,0.53
154490,0.5075
154491,0.43
154492,0.6325
154493,0.6
154494,0.46
154495,0.5725
154496,0.615
154497,0.5175
154498,0.51
154499,0.6
154500,0.51
154501,0.565
154502,0.4975
154503,0.5575
154504,0.5175
154505,0.5925
154506,0.63
154507,0.4825
154508,0.385
154509,0.5275
154510,0.48
154511,0.475
154512,0.45
154513,0.405
154514,0.49
154515,0.515
154516,0.5875
154517,0.64
154518,0.4425
154519,0.45
154520,0.405
154521,0.56
154522,0.5925
154523,0.4875
154524,0.51
154525,0.4625
154526,0.4225
154527,0.5725
154528,0.53
154529,0.4475
154530,0.6225
154531,0.73
154532,0.55
154533,0.5975
154534,0.49
154535,0.515
154536,0.5675
154537,0.445
154538,0.4475
154539,0.6575
154540,0.435
154541,0.575
154542,0.45
154543,0.575
154544,0.5525
154545,0.525
154546,0.465
154547,0.465
154548,0.5675
154549,0.5875
154550,0.6575
154551,0.5425
154552,0.4775
154553,0.3
154554,0.5575
154555,0.435
154556,0.35
154557,0.405
154558,0.35
154559,0.415
154560,0.7325
154561,0.58
154562,0.4775
154563,0.4875
154564,0.4425
154565,0.4725
154566,0.48
154567,0.365
154568,0.4725
154569,0.5125
154570,0.475
154571,0.6525
154572,0.5125
154573,0.555
154574,0.465
154575,0.3475
154576,0.495
154577,0.71
154578,0.4675
154579,0.525
154580,0.4275
154581,0.52
154582,0.5225
154583,0.625
154584,0.495
154585,0.665
154586,0.375
154587,0.4525
154588,0.3525
154589,0.3875
154590,0.3875
154591,0.5075
154592,0.5
154593,0.51
154594,0.4625
154595,0.3375
154596,0.5175
154597,0.5275
154598,0.43
154599,0.455
154600,0.4175
154601,0.525
154602,0.6675
154603,0.645
154604,0.4675
154605,0.5
154606,0.535
154607,0.2775
154608,0.565
154609,0.38
154610,0.435
154611,0.5675
154612,0.52
154613,0.6675
154614,0.4025
154615,0.4375
154616,0.595
154617,0.5075
154618,0.4675
154619,0.405
154620,0.585
154621,0.455
154622,0.425
154623,0.45
154624,0.4725
154625,0.55
154626,0.5175
154627,0.445
154628,0.53
154629,0.4825
154630,0.535
154631,0.395
154632,0.5175
154633,0.4225
154634,0.4725
154635,0.4075
154636,0.435
154637,0.355
154638,0.4675
154639,0.635
154640,0.4625
154641,0.495
154642,0.4125
154643,0.475
154644,0.4475
154645,0.3175
154646,0.475
154647,0.4
154648,0.6125
154649,0.4775
154650,0.495
154651,0.495
154652,0.5575
154653,0.64
154654,0.425
154655,0.5175
154656,0.3225
154657,0.375
154658,0.5075
154659,0.465
154660,0.3625
154661,0.4375
154662,0.4825
154663,0.4425
154664,0.5325
154665,0.375
154666,0.495
154667,0.6075
154668,0.5825
154669,0.6475
154670,0.505
154671,0.465
154672,0.465
154673,0.4125
154674,0.5375
154675,0.54
154676,0.4425
154677,0.5425
154678,0.4925
154679,0.3175
154680,0.405
154681,0.555
154682,0.4625
154683,0.4625
154684,0.4475
154685,0.445
154686,0.3275
154687,0.4975
154688,0.5375
154689,0.46
154690,0.64
154691,0.4525
154692,0.4875
154693,0.5875
154694,0.5125
154695,0.71
154696,0.6275
154697,0.3975
154698,0.4725
154699,0.3825
154700,0.445
154701,0.48
154702,0.4575
154703,0.575
154704,0.365
154705,0.64
154706,0.4325
154707,0.495
154708,0.4325
154709,0.39
154710,0.4
154711,0.665
154712,0.4425
154713,0.6075
154714,0.5025
154715,0.44
154716,0.4775
154717,0.4025
154718,0.445
154719,0.49
154720,0.595
154721,0.345
154722,0.4275
154723,0.42
154724,0.44
154725,0.43
154726,0.5675
154727,0.4925
154728,0.4125
154729,0.3925
154730,0.4675
154731,0.495
154732,0.4075
154733,0.535
154734,0.5375
154735,0.2525
154736,0.635
154737,0.6325
154738,0.7625
154739,0.555
154740,0.525
154741,0.445
154742,0.54
154743,0.46
154744,0.6475
154745,0.4125
154746,0.5725
154747,0.485
154748,0.535
154749,0.5875
154750,0.68
154751,0.3325
154752,0.4975
154753,0.525
154754,0.5525
154755,0.4825
154756,0.5
154757,0.3575
154758,0.43
154759,0.5625
154760,0.42
154761,0.45
154762,0.5775
154763,0.57
154764,0.52
154765,0.3225
154766,0.495
154767,0.47
154768,0.68
154769,0.4975
154770,0.4925
154771,0.4475
154772,0.525
154773,0.4825
154774,0.445
154775,0.5475
154776,0.4825
154777,0.4625
154778,0.6425
154779,0.42
154780,0.475
154781,0.6075
154782,0.545
154783,0.4975
154784,0.5075
154785,0.535
154786,0.365
154787,0.445
154788,0.4425
154789,0.67
154790,0.4675
154791,0.39
154792,0.5225
154793,0.6775
154794,0.5025
154795,0.4425
154796,0.4925
154797,0.56
154798,0.535
154799,0.5025
154800,0.4475
154801,0.43
154802,0.4275
154803,0.4125
154804,0.545
154805,0.5475
154806,0.4975
154807,0.4325
154808,0.405
154809,0.505
154810,0.675
154811,0.62
154812,0.5275
154813,0.645
154814,0.5975
154815,0.61
154816,0.6575
154817,0.5
154818,0.4375
154819,0.4325
154820,0.455
154821,0.515
154822,0.535
154823,0.415
154824,0.4675
154825,0.6825
154826,0.4375
154827,0.445
154828,0.43
154829,0.5275
154830,0.45
154831,0.49
154832,0.3875
154833,0.405
154834,0.4625
154835,0.5175
154836,0.4625
154837,0.405
154838,0.5125
154839,0.3825
154840,0.36
154841,0.5175
154842,0.4125
154843,0.5525
154844,0.5775
154845,0.5525
154846,0.4925
154847,0.485
154848,0.4975
154849,0.385
154850,0.485
154851,0.5975
154852,0.5575
154853,0.455
154854,0.3925
154855,0.385
154856,0.6025
154857,0.655
154858,0.415
154859,0.39
154860,0.555
154861,0.465
154862,0.49
154863,0.5775
154864,0.5575
154865,0.62
154866,0.455
154867,0.455
154868,0.4225
154869,0.6825
154870,0.4375
154871,0.6875
154872,0.6025
154873,0.62
154874,0.7175
154875,0.4525
154876,0.465
154877,0.43
154878,0.33
154879,0.4825
154880,0.56
154881,0.41
154882,0.4
154883,0.6925
154884,0.6275
154885,0.4
154886,0.4675
154887,0.43
154888,0.6425
154889,0.495
154890,0.5025
154891,0.68
154892,0.4875
154893,0.5125
154894,0.5375
154895,0.45
154896,0.3275
154897,0.5525
154898,0.425
154899,0.4525
154900,0.53
154901,0.385
154902,0.3725
154903,0.4325
154904,0.52
154905,0.425
154906,0.45
154907,0.4275
154908,0.4625
154909,0.3975
154910,0.4625
154911,0.5
154912,0.4325
154913,0.4725
154914,0.43
154915,0.52
154916,0.45
154917,0.36
154918,0.58
154919,0.4625
154920,0.4675
154921,0.5825
154922,0.7125
154923,0.5275
154924,0.4875
154925,0.5425
154926,0.4475
154927,0.4125
154928,0.305
154929,0.385
154930,0.3925
154931,0.6975
154932,0.455
154933,0.6375
154934,0.43
154935,0.7225
154936,0.57
154937,0.4775
154938,0.5475
154939,0.6125
154940,0.4375
154941,0.5275
154942,0.4925
154943,0.515
154944,0.6225
154945,0.4075
154946,0.5225
154947,0.5975
154948,0.51
154949,0.515
154950,0.5075
154951,0.41
154952,0.6075
154953,0.43
154954,0.4775
154955,0.5575
154956,0.4325
154957,0.585
154958,0.4625
154959,0.475
154960,0.5975
154961,0.4675
154962,0.6025
154963,0.5575
154964,0.4375
154965,0.5925
154966,0.41
154967,0.48
154968,0.345
154969,0.43
154970,0.6025
154971,0.5075
154972,0.475
154973,0.4875
154974,0.5575
154975,0.395
154976,0.7275
154977,0.4725
154978,0.4575
154979,0.4775
154980,0.4575
154981,0.535
154982,0.48
154983,0.5725
154984,0.55
154985,0.3925
154986,0.565
154987,0.51
154988,0.53
154989,0.4375
154990,0.38
154991,0.5075
154992,0.6025
154993,0.5875
154994,0.395
154995,0.345
154996,0.4025
154997,0.5975
154998,0.6025
154999,0.67
155000,0.415
155001,0.4925
155002,0.4575
155003,0.6175
155004,0.585
155005,0.4525
155006,0.455
155007,0.46
155008,0.495
155009,0.555
155010,0.46
155011,0.43
155012,0.3725
155013,0.4125
155014,0.64
155015,0.5025
155016,0.475
155017,0.4725
155018,0.41
155019,0.59
155020,0.4675
155021,0.455
155022,0.6575
155023,0.405
155024,0.4075
155025,0.4175
155026,0.455
155027,0.6925
155028,0.4275
155029,0.5075
155030,0.4625
155031,0.535
155032,0.6075
155033,0.4525
155034,0.4725
155035,0.3825
155036,0.5275
155037,0.435
155038,0.4925
155039,0.4475
155040,0.5275
155041,0.475
155042,0.51
155043,0.3
155044,0.395
155045,0.485
155046,0.595
155047,0.4275
155048,0.5525
155049,0.4925
155050,0.5775
155051,0.3775
155052,0.65
155053,0.5025
155054,0.5875
155055,0.6125
155056,0.52
155057,0.44
155058,0.495
155059,0.5
155060,0.6125
155061,0.435
155062,0.485
155063,0.44
155064,0.4275
155065,0.4925
155066,0.52
155067,0.5725
155068,0.5525
155069,0.5625
155070,0.6425
155071,0.495
155072,0.53
155073,0.5025
155074,0.61
155075,0.495
155076,0.645
155077,0.5475
155078,0.3425
155079,0.385
155080,0.615
155081,0.485
155082,0.435
155083,0.4575
155084,0.4675
155085,0.3325
155086,0.695
155087,0.51
155088,0.495
155089,0.4175
155090,0.46
155091,0.47
155092,0.66
155093,0.6275
155094,0.59
155095,0.4125
155096,0.4
155097,0.5375
155098,0.6975
155099,0.4425
155100,0.4625
155101,0.545
155102,0.55
155103,0.4725
155104,0.7425
155105,0.6025
155106,0.445
155107,0.495
155108,0.46
155109,0.295
155110,0.49
155111,0.5575
155112,0.6325
155113,0.5125
155114,0.5025
155115,0.6075
155116,0.595
155117,0.395
155118,0.655
155119,0.51
155120,0.3925
155121,0.6825
155122,0.3975
155123,0.545
155124,0.3725
155125,0.345
155126,0.4975
155127,0.51
155128,0.54
155129,0.425
155130,0.75
155131,0.5425
155132,0.6975
155133,0.48
155134,0.5275
155135,0.6225
155136,0.54
155137,0.505
155138,0.41
155139,0.325
155140,0.6575
155141,0.52
155142,0.5025
155143,0.6325
155144,0.4025
155145,0.6675
155146,0.3725
155147,0.45
155148,0.5225
155149,0.48
155150,0.4725
155151,0.405
155152,0.57
155153,0.475
155154,0.455
155155,0.525
155156,0.3975
155157,0.4225
155158,0.4825
155159,0.3375
155160,0.5175
155161,0.54
155162,0.4675
155163,0.5025
155164,0.48
155165,0.445
155166,0.545
155167,0.565
155168,0.415
155169,0.515
155170,0.4625
155171,0.3475
155172,0.4725
155173,0.5025
155174,0.4675
155175,0.535
155176,0.5725
155177,0.5775
155178,0.42
155179,0.4225
155180,0.4825
155181,0.4325
155182,0.58
155183,0.3125
155184,0.4925
155185,0.4475
155186,0.3875
155187,0.4875
155188,0.35
155189,0.3525
155190,0.7525
155191,0.5725
155192,0.4325
155193,0.76
155194,0.4425
155195,0.5025
155196,0.4275
155197,0.4425
155198,0.615
155199,0.4275
155200,0.4925
155201,0.5975
155202,0.46
155203,0.585
155204,0.4775
155205,0.7425
155206,0.66
155207,0.4475
155208,0.5625
155209,0.415
155210,0.48
155211,0.465
155212,0.3675
155213,0.59
155214,0.6425
155215,0.345
155216,0.5675
155217,0.34
155218,0.67
155219,0.5925
155220,0.53
155221,0.58
155222,0.4675
155223,0.4525
155224,0.7325
155225,0.475
155226,0.485
155227,0.4925
155228,0.5325
155229,0.425
155230,0.3975
155231,0.515
155232,0.4375
155233,0.535
155234,0.5925
155235,0.5725
155236,0.4525
155237,0.49
155238,0.6075
155239,0.685
155240,0.355
155241,0.42
155242,0.5225
155243,0.4975
155244,0.425
155245,0.56
155246,0.405
155247,0.35
155248,0.515
155249,0.42
155250,0.515
155251,0.39
155252,0.465
155253,0.385
155254,0.5325
155255,0.38
155256,0.445
155257,0.435
155258,0.325
155259,0.4825
155260,0.4625
155261,0.49
155262,0.4775
155263,0.6575
155264,0.48
155265,0.495
155266,0.4175
155267,0.3725
155268,0.53
155269,0.3175
155270,0.5275
155271,0.4675
155272,0.445
155273,0.4275
155274,0.6375
155275,0.5375
155276,0.38
155277,0.5975
155278,0.4175
155279,0.59
155280,0.575
155281,0.695
155282,0.485
155283,0.4425
155284,0.5475
155285,0.425
155286,0.6175
155287,0.6025
155288,0.51
155289,0.43
155290,0.575
155291,0.4725
155292,0.505
155293,0.635
155294,0.6275
155295,0.5575
155296,0.6225
155297,0.595
155298,0.405
155299,0.5375
155300,0.5675
155301,0.5675
155302,0.4325
155303,0.5575
155304,0.4375
155305,0.425
155306,0.545
155307,0.5175
155308,0.53
155309,0.5425
155310,0.425
155311,0.3875
155312,0.705
155313,0.42
155314,0.3575
155315,0.445
155316,0.505
155317,0.555
155318,0.445
155319,0.4725
155320,0.3325
155321,0.615
155322,0.4725
155323,0.67
155324,0.51
155325,0.44
155326,0.5075
155327,0.525
155328,0.6525
155329,0.44
155330,0.53
155331,0.565
155332,0.535
155333,0.4325
155334,0.3225
155335,0.5225
155336,0.4225
155337,0.62
155338,0.355
155339,0.405
155340,0.4975
155341,0.5325
155342,0.4325
155343,0.5125
155344,0.73
155345,0.485
155346,0.565
155347,0.4175
155348,0.565
155349,0.4525
155350,0.485
155351,0.69
155352,0.6
155353,0.685
155354,0.5325
155355,0.5325
155356,0.6325
155357,0.54
155358,0.4875
155359,0.52
155360,0.525
155361,0.4125
155362,0.67
155363,0.625
155364,0.63
155365,0.6225
155366,0.6125
155367,0.4425
155368,0.375
155369,0.615
155370,0.5375
155371,0.4775
155372,0.59
155373,0.49
155374,0.65
155375,0.3225
155376,0.3425
155377,0.48
155378,0.5825
155379,0.505
155380,0.4725
155381,0.54
155382,0.6625
155383,0.5825
155384,0.54
155385,0.465
155386,0.3575
155387,0.485
155388,0.5125
155389,0.45
155390,0.445
155391,0.3925
155392,0.6075
155393,0.5275
155394,0.6725
155395,0.39
155396,0.4225
155397,0.46
155398,0.4575
155399,0.445
155400,0.64
155401,0.555
155402,0.44
155403,0.7525
155404,0.33
155405,0.47
155406,0.5275
155407,0.47
155408,0.5125
155409,0.4925
155410,0.4475
155411,0.39
155412,0.6475
155413,0.5675
155414,0.3875
155415,0.5425
155416,0.455
155417,0.6
155418,0.4275
155419,0.4025
155420,0.495
155421,0.5775
155422,0.4625
155423,0.47
155424,0.495
155425,0.4125
155426,0.4075
155427,0.52
155428,0.525
155429,0.5725
155430,0.5
155431,0.555
155432,0.4425
155433,0.44
155434,0.69
155435,0.53
155436,0.5875
155437,0.46
155438,0.445
155439,0.545
155440,0.475
155441,0.5975
155442,0.4175
155443,0.4375
155444,0.39
155445,0.2275
155446,0.4775
155447,0.5625
155448,0.6825
155449,0.4875
155450,0.39
155451,0.475
155452,0.48
155453,0.63
155454,0.4575
155455,0.4025
155456,0.605
155457,0.6725
155458,0.5225
155459,0.3675
155460,0.47
155461,0.4875
155462,0.495
155463,0.575
155464,0.4375
155465,0.2925
155466,0.455
155467,0.49
155468,0.4075
155469,0.37
155470,0.6
155471,0.42
155472,0.5925
155473,0.395
155474,0.5275
155475,0.57
155476,0.495
155477,0.375
155478,0.4075
155479,0.4475
155480,0.4925
155481,0.4825
155482,0.4
155483,0.3675
155484,0.645
155485,0.4625
155486,0.5775
155487,0.4525
155488,0.695
155489,0.405
155490,0.55
155491,0.47
155492,0.555
155493,0.4675
155494,0.4325
155495,0.5
155496,0.6675
155497,0.535
155498,0.46
155499,0.385
155500,0.4825
155501,0.46
155502,0.47
155503,0.4475
155504,0.42
155505,0.5625
155506,0.39
155507,0.4225
155508,0.44
155509,0.4775
155510,0.4025
155511,0.4
155512,0.5075
155513,0.4275
155514,0.4625
155515,0.4375
155516,0.405
155517,0.515
155518,0.435
155519,0.325
155520,0.495
155521,0.5375
155522,0.475
155523,0.42
155524,0.4125
155525,0.615
155526,0.545
155527,0.4575
155528,0.47
155529,0.4425
155530,0.315
155531,0.4175
155532,0.4225
155533,0.475
155534,0.355
155535,0.5475
155536,0.5175
155537,0.4875
155538,0.4675
155539,0.45
155540,0.3525
155541,0.4975
155542,0.48
155543,0.4625
155544,0.5975
155545,0.47
155546,0.48
155547,0.405
155548,0.4
155549,0.37
155550,0.515
155551,0.5075
155552,0.545
155553,0.475
155554,0.6025
155555,0.5675
155556,0.505
155557,0.35
155558,0.4825
155559,0.45
155560,0.4975
155561,0.6825
155562,0.355
155563,0.435
155564,0.3975
155565,0.505
155566,0.5475
155567,0.6475
155568,0.6475
155569,0.45
155570,0.4175
155571,0.625
155572,0.595
155573,0.4775
155574,0.43
155575,0.5675
155576,0.495
155577,0.41
155578,0.505
155579,0.5525
155580,0.375
155581,0.455
155582,0.425
155583,0.47
155584,0.495
155585,0.505
155586,0.565
155587,0.555
155588,0.5525
155589,0.4775
155590,0.4075
155591,0.6675
155592,0.555
155593,0.4275
155594,0.4875
155595,0.555
155596,0.515
155597,0.375
155598,0.6075
155599,0.4125
155600,0.42
155601,0.3925
155602,0.3
155603,0.4
155604,0.425
155605,0.47
155606,0.5
155607,0.5275
155608,0.4725
155609,0.575
155610,0.6075
155611,0.5575
155612,0.595
155613,0.635
155614,0.4225
155615,0.4475
155616,0.42
155617,0.6125
155618,0.65
155619,0.6525
155620,0.63
155621,0.375
155622,0.2875
155623,0.4575
155624,0.5425
155625,0.5325
155626,0.5725
155627,0.495
155628,0.52
155629,0.4625
155630,0.57
155631,0.525
155632,0.4575
155633,0.5825
155634,0.575
155635,0.535
155636,0.6825
155637,0.5
155638,0.5375
155639,0.63
155640,0.345
155641,0.495
155642,0.495
155643,0.3475
155644,0.5525
155645,0.6725
155646,0.605
155647,0.62
155648,0.6475
155649,0.3825
155650,0.5425
155651,0.53
155652,0.6175
155653,0.58
155654,0.47
155655,0.505
155656,0.6025
155657,0.495
155658,0.55
155659,0.555
155660,0.645
155661,0.535
155662,0.5125
155663,0.555
155664,0.6925
155665,0.49
155666,0.7025
155667,0.405
155668,0.7225
155669,0.4375
155670,0.5725
155671,0.5875
155672,0.4625
155673,0.615
155674,0.375
155675,0.43
155676,0.435
155677,0.61
155678,0.47
155679,0.375
155680,0.43
155681,0.5325
155682,0.5775
155683,0.5275
155684,0.475
155685,0.535
155686,0.6
155687,0.45
155688,0.515
155689,0.5325
155690,0.4975
155691,0.5025
155692,0.4025
155693,0.4925
155694,0.5175
155695,0.4925
155696,0.485
155697,0.605
155698,0.5875
155699,0.515
155700,0.5775
155701,0.5125
155702,0.5525
155703,0.4775
155704,0.48
155705,0.3875
155706,0.4275
155707,0.455
155708,0.535
155709,0.4475
155710,0.435
155711,0.65
155712,0.3875
155713,0.4825
155714,0.3425
155715,0.495
155716,0.5
155717,0.37
155718,0.7025
155719,0.535
155720,0.5775
155721,0.605
155722,0.45
155723,0.76
155724,0.5275
155725,0.65
155726,0.4275
155727,0.4425
155728,0.545
155729,0.5975
155730,0.5525
155731,0.6125
155732,0.6375
155733,0.405
155734,0.62
155735,0.4975
155736,0.38
155737,0.4325
155738,0.3025
155739,0.5825
155740,0.5525
155741,0.3975
155742,0.4375
155743,0.6375
155744,0.48
155745,0.5525
155746,0.635
155747,0.4875
155748,0.5375
155749,0.69
155750,0.42
155751,0.6
155752,0.45
155753,0.365
155754,0.4775
155755,0.4125
155756,0.505
155757,0.4075
155758,0.4675
155759,0.435
155760,0.53
155761,0.46
155762,0.43
155763,0.4925
155764,0.4225
155765,0.5075
155766,0.54
155767,0.455
155768,0.5025
155769,0.5025
155770,0.345
155771,0.4075
155772,0.54
155773,0.5475
155774,0.675
155775,0.4925
155776,0.41
155777,0.4875
155778,0.7075
155779,0.5575
155780,0.61
155781,0.3575
155782,0.4125
155783,0.485
155784,0.3425
155785,0.415
155786,0.4225
155787,0.4075
155788,0.655
155789,0.435
155790,0.4775
155791,0.565
155792,0.4725
155793,0.4375
155794,0.475
155795,0.405
155796,0.585
155797,0.5425
155798,0.565
155799,0.4325
155800,0.48
155801,0.4625
155802,0.475
155803,0.495
155804,0.3675
155805,0.465
155806,0.6225
155807,0.4675
155808,0.3375
155809,0.4575
155810,0.385
155811,0.4425
155812,0.31
155813,0.455
155814,0.58
155815,0.435
155816,0.585
155817,0.465
155818,0.4675
155819,0.535
155820,0.5075
155821,0.4725
155822,0.49
155823,0.315
155824,0.43
155825,0.4625
155826,0.385
155827,0.59
155828,0.5575
155829,0.3725
155830,0.3425
155831,0.385
155832,0.4925
155833,0.615
155834,0.555
155835,0.4175
155836,0.3925
155837,0.4425
155838,0.5725
155839,0.455
155840,0.645
155841,0.64
155842,0.435
155843,0.5125
155844,0.5
155845,0.49
155846,0.615
155847,0.565
155848,0.505
155849,0.5275
155850,0.5975
155851,0.6525
155852,0.6025
155853,0.5275
155854,0.4325
155855,0.515
155856,0.5175
155857,0.4825
155858,0.5825
155859,0.4575
155860,0.555
155861,0.43
155862,0.3975
155863,0.4575
155864,0.4575
155865,0.4775
155866,0.55
155867,0.56
155868,0.52
155869,0.6125
155870,0.4525
155871,0.5575
155872,0.6275
155873,0.6075
155874,0.58
155875,0.48
155876,0.5675
155877,0.46
155878,0.365
155879,0.515
155880,0.6175
155881,0.545
155882,0.6075
155883,0.5725
155884,0.625
155885,0.5575
155886,0.43
155887,0.5
155888,0.33
155889,0.55
155890,0.6525
155891,0.3575
155892,0.5325
155893,0.615
155894,0.4275
155895,0.4525
155896,0.48
155897,0.435
155898,0.57
155899,0.465
155900,0.4275
155901,0.3625
155902,0.505
155903,0.4725
155904,0.495
155905,0.46
155906,0.415
155907,0.4225
155908,0.4825
155909,0.4775
155910,0.5175
155911,0.605
155912,0.49
155913,0.5175
155914,0.385
155915,0.3775
155916,0.785
155917,0.49
155918,0.4925
155919,0.5425
155920,0.645
155921,0.4975
155922,0.53
155923,0.6375
155924,0.4725
155925,0.5975
155926,0.5725
155927,0.53
155928,0.585
155929,0.595
155930,0.5075
155931,0.64
155932,0.575
155933,0.7125
155934,0.4575
155935,0.63
155936,0.6875
155937,0.435
155938,0.48
155939,0.36
155940,0.6775
155941,0.6025
155942,0.595
155943,0.4375
155944,0.4525
155945,0.49
155946,0.585
155947,0.63
155948,0.4375
155949,0.61
155950,0.62
155951,0.3325
155952,0.5875
155953,0.485
155954,0.5075
155955,0.45
155956,0.465
155957,0.48
155958,0.545
155959,0.405
155960,0.64
155961,0.6125
155962,0.4775
155963,0.595
155964,0.52
155965,0.5025
155966,0.5575
155967,0.3125
155968,0.595
155969,0.325
155970,0.43
155971,0.5825
155972,0.4825
155973,0.36
155974,0.7
155975,0.64
155976,0.5425
155977,0.525
155978,0.635
155979,0.42
155980,0.475
155981,0.61
155982,0.5525
155983,0.37
155984,0.55
155985,0.5
155986,0.455
155987,0.4575
155988,0.695
155989,0.615
155990,0.6125
155991,0.5175
155992,0.4875
155993,0.535
155994,0.525
155995,0.32
155996,0.5325
155997,0.635
155998,0.495
155999,0.4275
156000,0.5375
156001,0.5675
156002,0.6225
156003,0.515
156004,0.595
156005,0.465
156006,0.4925
156007,0.375
156008,0.4025
156009,0.6125
156010,0.58
156011,0.5275
156012,0.52
156013,0.4475
156014,0.7175
156015,0.44
156016,0.4175
156017,0.6675
156018,0.565
156019,0.555
156020,0.445
156021,0.4775
156022,0.525
156023,0.5425
156024,0.3375
156025,0.425
156026,0.44
156027,0.545
156028,0.57
156029,0.455
156030,0.485
156031,0.3225
156032,0.6975
156033,0.345
156034,0.6175
156035,0.3825
156036,0.48
156037,0.4575
156038,0.45
156039,0.625
156040,0.78
156041,0.57
156042,0.4025
156043,0.665
156044,0.3575
156045,0.4575
156046,0.5225
156047,0.605
156048,0.48
156049,0.5575
156050,0.3625
156051,0.4225
156052,0.4575
156053,0.4925
156054,0.43
156055,0.68
156056,0.4475
156057,0.5625
156058,0.525
156059,0.505
156060,0.5125
156061,0.6025
156062,0.505
156063,0.6075
156064,0.425
156065,0.345
156066,0.605
156067,0.505
156068,0.595
156069,0.5325
156070,0.57
156071,0.4125
156072,0.545
156073,0.4325
156074,0.52
156075,0.315
156076,0.445
156077,0.5025
156078,0.4475
156079,0.45
156080,0.415
156081,0.3975
156082,0.5375
156083,0.64
156084,0.385
156085,0.495
156086,0.51
156087,0.495
156088,0.495
156089,0.605
156090,0.5225
156091,0.3675
156092,0.605
156093,0.39
156094,0.51
156095,0.655
156096,0.4725
156097,0.405
156098,0.575
156099,0.4625
156100,0.655
156101,0.4975
156102,0.505
156103,0.4525
156104,0.54
156105,0.46
156106,0.5075
156107,0.29
156108,0.4925
156109,0.4325
156110,0.6725
156111,0.5175
156112,0.645
156113,0.42
156114,0.43
156115,0.665
156116,0.485
156117,0.4675
156118,0.435
156119,0.5525
156120,0.57
156121,0.49
156122,0.4175
156123,0.5675
156124,0.5825
156125,0.42
156126,0.4675
156127,0.65
156128,0.6025
156129,0.4925
156130,0.51
156131,0.33
156132,0.565
156133,0.4575
156134,0.5875
156135,0.425
156136,0.54
156137,0.6375
156138,0.4675
156139,0.4475
156140,0.66
156141,0.6725
156142,0.4975
156143,0.525
156144,0.4375
156145,0.67
156146,0.5325
156147,0.495
156148,0.485
156149,0.545
156150,0.4275
156151,0.43
156152,0.4875
156153,0.6575
156154,0.405
156155,0.59
156156,0.435
156157,0.58
156158,0.46
156159,0.52
156160,0.615
156161,0.465
156162,0.365
156163,0.395
156164,0.495
156165,0.4225
156166,0.3
156167,0.465
156168,0.4025
156169,0.505
156170,0.4325
156171,0.445
156172,0.485
156173,0.49
156174,0.7075
156175,0.3925
156176,0.3625
156177,0.535
156178,0.5275
156179,0.3975
156180,0.5825
156181,0.495
156182,0.5725
156183,0.5
156184,0.465
156185,0.43
156186,0.49
156187,0.4675
156188,0.53
156189,0.5825
156190,0.42
156191,0.405
156192,0.7775
156193,0.4425
156194,0.5225
156195,0.4275
156196,0.52
156197,0.54
156198,0.48
156199,0.48
156200,0.5075
156201,0.4775
156202,0.6025
156203,0.4375
156204,0.465
156205,0.7175
156206,0.33
156207,0.5
156208,0.435
156209,0.38
156210,0.525
156211,0.485
156212,0.4125
156213,0.5925
156214,0.6675
156215,0.495
156216,0.47
156217,0.5725
156218,0.6475
156219,0.4725
156220,0.42
156221,0.3975
156222,0.6825
156223,0.46
156224,0.605
156225,0.585
156226,0.4325
156227,0.41
156228,0.395
156229,0.5725
156230,0.4225
156231,0.595
156232,0.38
156233,0.53
156234,0.4225
156235,0.5575
156236,0.5125
156237,0.4375
156238,0.49
156239,0.56
156240,0.325
156241,0.555
156242,0.4725
156243,0.44
156244,0.5425
156245,0.525
156246,0.445
156247,0.4825
156248,0.3875
156249,0.69
156250,0.55
156251,0.3925
156252,0.6725
156253,0.505
156254,0.4525
156255,0.55
156256,0.55
156257,0.32
156258,0.56
156259,0.5425
156260,0.3825
156261,0.36
156262,0.5175
156263,0.4075
156264,0.38
156265,0.4475
156266,0.43
156267,0.4425
156268,0.7575
156269,0.5325
156270,0.6875
156271,0.4
156272,0.48
156273,0.5
156274,0.5475
156275,0.54
156276,0.56
156277,0.3325
156278,0.6925
156279,0.665
156280,0.4175
156281,0.5075
156282,0.475
156283,0.345
156284,0.49
156285,0.4625
156286,0.44
156287,0.5225
156288,0.68
156289,0.525
156290,0.46
156291,0.34
156292,0.565
156293,0.4525
156294,0.3775
156295,0.5225
156296,0.4275
156297,0.385
156298,0.3325
156299,0.39
156300,0.7825
156301,0.385
156302,0.47
156303,0.47
156304,0.5725
156305,0.5425
156306,0.465
156307,0.655
156308,0.48
156309,0.4875
156310,0.5225
156311,0.385
156312,0.455
156313,0.44
156314,0.425
156315,0.4325
156316,0.5775
156317,0.4375
156318,0.475
156319,0.42
156320,0.4825
156321,0.47
156322,0.425
156323,0.5025
156324,0.42
156325,0.5425
156326,0.3025
156327,0.515
156328,0.4375
156329,0.6175
156330,0.495
156331,0.365
156332,0.5275
156333,0.4325
156334,0.505
156335,0.465
156336,0.5375
156337,0.57
156338,0.535
156339,0.44
156340,0.485
156341,0.57
156342,0.5
156343,0.535
156344,0.405
156345,0.455
156346,0.51
156347,0.465
156348,0.47
156349,0.36
156350,0.5475
156351,0.4375
156352,0.4675
156353,0.525
156354,0.4625
156355,0.415
156356,0.6275
156357,0.525
156358,0.49
156359,0.4825
156360,0.4225
156361,0.485
156362,0.72
156363,0.4675
156364,0.4475
156365,0.4775
156366,0.5425
156367,0.44
156368,0.5425
156369,0.6475
156370,0.64
156371,0.5075
156372,0.47
156373,0.4525
156374,0.5825
156375,0.475
156376,0.5375
156377,0.4225
156378,0.41
156379,0.5075
156380,0.6875
156381,0.49
156382,0.4325
156383,0.7325
156384,0.4175
156385,0.4425
156386,0.5225
156387,0.5525
156388,0.3875
156389,0.475
156390,0.58
156391,0.4175
156392,0.4675
156393,0.4225
156394,0.6675
156395,0.545
156396,0.5425
156397,0.3975
156398,0.46
156399,0.4425
156400,0.64
156401,0.41
156402,0.4375
156403,0.425
156404,0.4675
156405,0.61
156406,0.635
156407,0.45
156408,0.6725
156409,0.5075
156410,0.47
156411,0.42
156412,0.51
156413,0.415
156414,0.405
156415,0.405
156416,0.4
156417,0.555
156418,0.6325
156419,0.545
156420,0.5475
156421,0.5
156422,0.3775
156423,0.4825
156424,0.5525
156425,0.4475
156426,0.575
156427,0.595
156428,0.43
156429,0.42
156430,0.485
156431,0.4425
156432,0.5975
156433,0.435
156434,0.64
156435,0.5
156436,0.54
156437,0.23
156438,0.5375
156439,0.4875
156440,0.4225
156441,0.455
156442,0.4525
156443,0.5475
156444,0.605
156445,0.6275
156446,0.5275
156447,0.5525
156448,0.5475
156449,0.4375
156450,0.3875
156451,0.4025
156452,0.6625
156453,0.5125
156454,0.5525
156455,0.62
156456,0.6375
156457,0.5625
156458,0.5425
156459,0.5375
156460,0.575
156461,0.365
156462,0.3275
156463,0.475
156464,0.4975
156465,0.65
156466,0.405
156467,0.3675
156468,0.66
156469,0.4075
156470,0.54
156471,0.485
156472,0.535
156473,0.4925
156474,0.48
156475,0.2975
156476,0.57
156477,0.4975
156478,0.555
156479,0.4075
156480,0.465
156481,0.4625
156482,0.575
156483,0.5525
156484,0.5075
156485,0.495
156486,0.58
156487,0.5875
156488,0.49
156489,0.3075
156490,0.4225
156491,0.3975
156492,0.44
156493,0.6275
156494,0.49
156495,0.4625
156496,0.48
156497,0.48
156498,0.47
156499,0.47
156500,0.575
156501,0.465
156502,0.54
156503,0.44
156504,0.6025
156505,0.5075
156506,0.44
156507,0.48
156508,0.695
156509,0.41
156510,0.4725
156511,0.54
156512,0.41
156513,0.4775
156514,0.4975
156515,0.4
156516,0.3525
156517,0.28
156518,0.5575
156519,0.41
156520,0.48
156521,0.4825
156522,0.6625
156523,0.4175
156524,0.3875
156525,0.42
156526,0.49
156527,0.545
156528,0.6175
156529,0.465
156530,0.485
156531,0.5275
156532,0.52
156533,0.3575
156534,0.5825
156535,0.45
156536,0.5075
156537,0.735
156538,0.7
156539,0.53
156540,0.4025
156541,0.5825
156542,0.425
156543,0.5675
156544,0.4875
156545,0.3925
156546,0.6225
156547,0.47
156548,0.4125
156549,0.5075
156550,0.4825
156551,0.415
156552,0.6575
156553,0.4625
156554,0.4675
156555,0.41
156556,0.43
156557,0.5675
156558,0.49
156559,0.5125
156560,0.5575
156561,0.59
156562,0.3925
156563,0.38
156564,0.5125
156565,0.405
156566,0.4175
156567,0.44
156568,0.5175
156569,0.47
156570,0.4325
156571,0.5975
156572,0.44
156573,0.48
156574,0.6525
156575,0.425
156576,0.535
156577,0.4825
156578,0.46
156579,0.525
156580,0.5025
156581,0.57
156582,0.5275
156583,0.5
156584,0.4375
156585,0.47
156586,0.4275
156587,0.375
156588,0.5025
156589,0.565
156590,0.3375
156591,0.5575
156592,0.4575
156593,0.5425
156594,0.375
156595,0.4175
156596,0.465
156597,0.44
156598,0.3825
156599,0.4875
156600,0.3875
156601,0.395
156602,0.475
156603,0.445
156604,0.5075
156605,0.4625
156606,0.3625
156607,0.405
156608,0.5075
156609,0.585
156610,0.5525
156611,0.3325
156612,0.6225
156613,0.435
156614,0.59
156615,0.4975
156616,0.475
156617,0.3825
156618,0.4075
156619,0.545
156620,0.36
156621,0.42
156622,0.4125
156623,0.4675
156624,0.58
156625,0.53
156626,0.595
156627,0.4325
156628,0.5125
156629,0.43
156630,0.3575
156631,0.4125
156632,0.5725
156633,0.385
156634,0.47
156635,0.4425
156636,0.4975
156637,0.475
156638,0.4425
156639,0.405
156640,0.47
156641,0.4175
156642,0.4875
156643,0.3375
156644,0.445
156645,0.55
156646,0.5875
156647,0.495
156648,0.615
156649,0.375
156650,0.4475
156651,0.4325
156652,0.355
156653,0.5875
156654,0.3575
156655,0.5175
156656,0.5775
156657,0.515
156658,0.675
156659,0.615
156660,0.4325
156661,0.6875
156662,0.595
156663,0.675
156664,0.68
156665,0.4825
156666,0.3725
156667,0.465
156668,0.68
156669,0.5575
156670,0.44
156671,0.4425
156672,0.4775
156673,0.605
156674,0.385
156675,0.4775
156676,0.565
156677,0.485
156678,0.54
156679,0.4575
156680,0.445
156681,0.5125
156682,0.425
156683,0.395
156684,0.46
156685,0.3725
156686,0.5025
156687,0.4575
156688,0.585
156689,0.4675
156690,0.45
156691,0.3225
156692,0.4775
156693,0.41
156694,0.495
156695,0.39
156696,0.535
156697,0.395
156698,0.5425
156699,0.3725
156700,0.55
156701,0.37
156702,0.62
156703,0.535
156704,0.48
156705,0.645
156706,0.5
156707,0.5025
156708,0.495
156709,0.43
156710,0.4625
156711,0.365
156712,0.5025
156713,0.41
156714,0.4675
156715,0.535
156716,0.4775
156717,0.595
156718,0.5375
156719,0.5725
156720,0.49
156721,0.505
156722,0.63
156723,0.4875
156724,0.3625
156725,0.4625
156726,0.4975
156727,0.5625
156728,0.565
156729,0.4375
156730,0.3825
156731,0.4525
156732,0.4825
156733,0.6075
156734,0.4625
156735,0.4775
156736,0.3775
156737,0.395
156738,0.525
156739,0.435
156740,0.4675
156741,0.4125
156742,0.3375
156743,0.5325
156744,0.5175
156745,0.5
156746,0.5475
156747,0.5175
156748,0.4875
156749,0.44
156750,0.545
156751,0.4025
156752,0.49
156753,0.385
156754,0.66
156755,0.565
156756,0.53
156757,0.475
156758,0.51
156759,0.53
156760,0.4225
156761,0.5025
156762,0.5375
156763,0.535
156764,0.35
156765,0.4175
156766,0.4675
156767,0.525
156768,0.495
156769,0.5075
156770,0.5
156771,0.55
156772,0.4825
156773,0.645
156774,0.4525
156775,0.52
156776,0.5125
156777,0.3375
156778,0.44
156779,0.3775
156780,0.4675
156781,0.4075
156782,0.4725
156783,0.505
156784,0.5225
156785,0.48
156786,0.405
156787,0.545
156788,0.445
156789,0.4475
156790,0.465
156791,0.4375
156792,0.4625
156793,0.62
156794,0.37
156795,0.4475
156796,0.5125
156797,0.345
156798,0.4125
156799,0.5975
156800,0.475
156801,0.42
156802,0.5325
156803,0.5
156804,0.3575
156805,0.545
156806,0.49
156807,0.6475
156808,0.4275
156809,0.5675
156810,0.3925
156811,0.5525
156812,0.515
156813,0.56
156814,0.545
156815,0.58
156816,0.5075
156817,0.65
156818,0.54
156819,0.4525
156820,0.4925
156821,0.585
156822,0.4275
156823,0.465
156824,0.4225
156825,0.375
156826,0.48
156827,0.6775
156828,0.335
156829,0.4975
156830,0.3825
156831,0.345
156832,0.45
156833,0.3975
156834,0.645
156835,0.56
156836,0.605
156837,0.3975
156838,0.53
156839,0.4425
156840,0.515
156841,0.485
156842,0.5325
156843,0.575
156844,0.47
156845,0.4
156846,0.3525
156847,0.515
156848,0.5775
156849,0.5425
156850,0.6075
156851,0.4775
156852,0.49
156853,0.41
156854,0.5175
156855,0.465
156856,0.415
156857,0.485
156858,0.3825
156859,0.6425
156860,0.41
156861,0.54
156862,0.6225
156863,0.7
156864,0.4625
156865,0.5175
156866,0.495
156867,0.7225
156868,0.555
156869,0.405
156870,0.545
156871,0.505
156872,0.4925
156873,0.3775
156874,0.5025
156875,0.345
156876,0.3875
156877,0.33
156878,0.4
156879,0.37
156880,0.3125
156881,0.42
156882,0.42
156883,0.4975
156884,0.42
156885,0.355
156886,0.545
156887,0.485
156888,0.6475
156889,0.67
156890,0.5275
156891,0.4225
156892,0.43
156893,0.4775
156894,0.4475
156895,0.3725
156896,0.6375
156897,0.4425
156898,0.475
156899,0.4575
156900,0.5875
156901,0.6475
156902,0.44
156903,0.455
156904,0.485
156905,0.6475
156906,0.5475
156907,0.545
156908,0.485
156909,0.33
156910,0.51
156911,0.58
156912,0.445
156913,0.5225
156914,0.5075
156915,0.525
156916,0.5075
156917,0.6025
156918,0.4575
156919,0.445
156920,0.54
156921,0.4725
156922,0.6125
156923,0.39
156924,0.5075
156925,0.455
156926,0.4825
156927,0.4675
156928,0.555
156929,0.5175
156930,0.5675
156931,0.575
156932,0.6425
156933,0.3275
156934,0.4125
156935,0.4925
156936,0.6075
156937,0.4075
156938,0.4875
156939,0.44
156940,0.3725
156941,0.5525
156942,0.3375
156943,0.335
156944,0.67
156945,0.48
156946,0.6225
156947,0.5275
156948,0.665
156949,0.4
156950,0.4475
156951,0.6975
156952,0.665
156953,0.4125
156954,0.6
156955,0.595
156956,0.4525
156957,0.49
156958,0.42
156959,0.53
156960,0.5
156961,0.6225
156962,0.6725
156963,0.5825
156964,0.4525
156965,0.4775
156966,0.4725
156967,0.445
156968,0.465
156969,0.4425
156970,0.3325
156971,0.4675
156972,0.55
156973,0.375
156974,0.4675
156975,0.605
156976,0.43
156977,0.5525
156978,0.505
156979,0.5025
156980,0.48
156981,0.52
156982,0.6225
156983,0.5375
156984,0.38
156985,0.4825
156986,0.505
156987,0.66
156988,0.5675
156989,0.4625
156990,0.4275
156991,0.43
156992,0.635
156993,0.55
156994,0.5075
156995,0.39
156996,0.3875
156997,0.4275
156998,0.395
156999,0.675
157000,0.48
157001,0.5425
157002,0.535
157003,0.49
157004,0.4975
157005,0.415
157006,0.475
157007,0.525
157008,0.56
157009,0.59
157010,0.69
157011,0.47
157012,0.525
157013,0.38
157014,0.435
157015,0.5125
157016,0.625
157017,0.415
157018,0.4925
157019,0.5425
157020,0.48
157021,0.5375
157022,0.6125
157023,0.4675
157024,0.5225
157025,0.5725
157026,0.395
157027,0.6225
157028,0.4575
157029,0.4525
157030,0.4825
157031,0.35
157032,0.4775
157033,0.4825
157034,0.5125
157035,0.3775
157036,0.585
157037,0.415
157038,0.57
157039,0.345
157040,0.585
157041,0.435
157042,0.395
157043,0.605
157044,0.53
157045,0.5675
157046,0.565
157047,0.5325
157048,0.545
157049,0.6475
157050,0.51
157051,0.51
157052,0.4275
157053,0.3225
157054,0.5225
157055,0.5175
157056,0.4325
157057,0.4575
157058,0.4175
157059,0.6575
157060,0.4175
157061,0.51
157062,0.5175
157063,0.615
157064,0.5425
157065,0.6175
157066,0.5425
157067,0.47
157068,0.485
157069,0.4275
157070,0.49
157071,0.4675
157072,0.6025
157073,0.37
157074,0.62
157075,0.445
157076,0.5475
157077,0.5675
157078,0.4225
157079,0.5125
157080,0.5975
157081,0.655
157082,0.5575
157083,0.6225
157084,0.4275
157085,0.4675
157086,0.415
157087,0.555
157088,0.6825
157089,0.4975
157090,0.42
157091,0.405
157092,0.4775
157093,0.485
157094,0.5125
157095,0.4125
157096,0.38
157097,0.4575
157098,0.57
157099,0.4475
157100,0.4225
157101,0.57
157102,0.6475
157103,0.495
157104,0.5
157105,0.6475
157106,0.3775
157107,0.61
157108,0.47
157109,0.4875
157110,0.595
157111,0.4
157112,0.3725
157113,0.33
157114,0.5025
157115,0.4875
157116,0.4425
157117,0.4375
157118,0.57
157119,0.6175
157120,0.52
157121,0.4925
157122,0.405
157123,0.4675
157124,0.6075
157125,0.265
157126,0.56
157127,0.4925
157128,0.535
157129,0.445
157130,0.555
157131,0.625
157132,0.535
157133,0.56
157134,0.5
157135,0.46
157136,0.4025
157137,0.4775
157138,0.6425
157139,0.53
157140,0.55
157141,0.5175
157142,0.6325
157143,0.4175
157144,0.4425
157145,0.3375
157146,0.5925
157147,0.58
157148,0.4275
157149,0.4475
157150,0.5975
157151,0.5725
157152,0.5225
157153,0.5225
157154,0.475
157155,0.5975
157156,0.49
157157,0.4525
157158,0.455
157159,0.3975
157160,0.3825
157161,0.6275
157162,0.2525
157163,0.4975
157164,0.48
157165,0.595
157166,0.4075
157167,0.5325
157168,0.4675
157169,0.55
157170,0.64
157171,0.4825
157172,0.425
157173,0.5575
157174,0.4875
157175,0.6
157176,0.3575
157177,0.5375
157178,0.4525
157179,0.4725
157180,0.405
157181,0.4575
157182,0.5
157183,0.57
157184,0.6125
157185,0.545
157186,0.5775
157187,0.5575
157188,0.5225
157189,0.4125
157190,0.585
157191,0.5025
157192,0.4775
157193,0.5075
157194,0.515
157195,0.48
157196,0.495
157197,0.8375
157198,0.54
157199,0.635
157200,0.5875
157201,0.4675
157202,0.4525
157203,0.51
157204,0.57
157205,0.405
157206,0.4475
157207,0.6025
157208,0.4775
157209,0.475
157210,0.41
157211,0.5225
157212,0.6475
157213,0.44
157214,0.415
157215,0.505
157216,0.6475
157217,0.29
157218,0.435
157219,0.47
157220,0.505
157221,0.5425
157222,0.375
157223,0.3575
157224,0.495
157225,0.4
157226,0.4
157227,0.4275
157228,0.44
157229,0.5175
157230,0.6175
157231,0.4275
157232,0.4975
157233,0.4475
157234,0.5575
157235,0.5125
157236,0.27
157237,0.555
157238,0.6925
157239,0.4025
157240,0.5225
157241,0.615
157242,0.51
157243,0.6975
157244,0.4825
157245,0.4525
157246,0.4
157247,0.5125
157248,0.6275
157249,0.39
157250,0.4925
157251,0.4975
157252,0.435
157253,0.47
157254,0.46
157255,0.4
157256,0.4625
157257,0.575
157258,0.4875
157259,0.4875
157260,0.4775
157261,0.6075
157262,0.455
157263,0.3375
157264,0.545
157265,0.3825
157266,0.4125
157267,0.3625
157268,0.64
157269,0.4425
157270,0.425
157271,0.3425
157272,0.45
157273,0.4925
157274,0.4225
157275,0.4525
157276,0.64
157277,0.59
157278,0.61
157279,0.54
157280,0.5125
157281,0.4875
157282,0.4975
157283,0.355
157284,0.45
157285,0.65
157286,0.38
157287,0.415
157288,0.2125
157289,0.4625
157290,0.5775
157291,0.57
157292,0.6025
157293,0.4375
157294,0.44
157295,0.4975
157296,0.44
157297,0.6025
157298,0.5775
157299,0.3675
157300,0.515
157301,0.455
157302,0.5275
157303,0.5675
157304,0.505
157305,0.4875
157306,0.5075
157307,0.4625
157308,0.44
157309,0.475
157310,0.3825
157311,0.6125
157312,0.445
157313,0.6275
157314,0.5075
157315,0.6175
157316,0.595
157317,0.4175
157318,0.5025
157319,0.62
157320,0.5575
157321,0.5425
157322,0.505
157323,0.4525
157324,0.4575
157325,0.5125
157326,0.73
157327,0.5
157328,0.62
157329,0.445
157330,0.4075
157331,0.565
157332,0.6575
157333,0.5075
157334,0.61
157335,0.44
157336,0.44
157337,0.4625
157338,0.5175
157339,0.46
157340,0.6425
157341,0.4075
157342,0.6
157343,0.5375
157344,0.3775
157345,0.43
157346,0.375
157347,0.5075
157348,0.4775
157349,0.615
157350,0.575
157351,0.725
157352,0.33
157353,0.445
157354,0.395
157355,0.3875
157356,0.62
157357,0.49
157358,0.5025
157359,0.79
157360,0.4525
157361,0.5825
157362,0.4125
157363,0.5525
157364,0.4425
157365,0.375
157366,0.4475
157367,0.455
157368,0.4575
157369,0.565
157370,0.455
157371,0.43
157372,0.4775
157373,0.5925
157374,0.3825
157375,0.415
157376,0.62
157377,0.585
157378,0.4325
157379,0.655
157380,0.4425
157381,0.615
157382,0.46
157383,0.61
157384,0.4075
157385,0.66
157386,0.435
157387,0.37
157388,0.48
157389,0.6725
157390,0.6425
157391,0.3475
157392,0.57
157393,0.3925
157394,0.54
157395,0.4375
157396,0.5975
157397,0.5425
157398,0.4525
157399,0.5
157400,0.39
157401,0.545
157402,0.4625
157403,0.45
157404,0.3275
157405,0.5675
157406,0.52
157407,0.47
157408,0.5625
157409,0.4925
157410,0.5075
157411,0.4825
157412,0.44
157413,0.385
157414,0.425
157415,0.6125
157416,0.57
157417,0.465
157418,0.5725
157419,0.4275
157420,0.445
157421,0.38
157422,0.5825
157423,0.4125
157424,0.3575
157425,0.5325
157426,0.535
157427,0.645
157428,0.56
157429,0.44
157430,0.41
157431,0.4325
157432,0.4175
157433,0.425
157434,0.5575
157435,0.7
157436,0.61
157437,0.4175
157438,0.4525
157439,0.465
157440,0.4475
157441,0.4075
157442,0.4875
157443,0.405
157444,0.53
157445,0.3575
157446,0.5825
157447,0.5175
157448,0.5225
157449,0.5825
157450,0.6175
157451,0.4125
157452,0.315
157453,0.4525
157454,0.3675
157455,0.53
157456,0.5075
157457,0.465
157458,0.605
157459,0.5025
157460,0.375
157461,0.445
157462,0.51
157463,0.6375
157464,0.5425
157465,0.4
157466,0.5775
157467,0.6175
157468,0.4875
157469,0.595
157470,0.3825
157471,0.3275
157472,0.505
157473,0.4525
157474,0.5525
157475,0.4825
157476,0.5875
157477,0.495
157478,0.3925
157479,0.46
157480,0.535
157481,0.3875
157482,0.4675
157483,0.4025
157484,0.425
157485,0.4675
157486,0.515
157487,0.53
157488,0.5125
157489,0.615
157490,0.5025
157491,0.405
157492,0.53
157493,0.3425
157494,0.45
157495,0.455
157496,0.455
157497,0.51
157498,0.5425
157499,0.5625
157500,0.4975
157501,0.5375
157502,0.515
157503,0.3025
157504,0.5875
157505,0.51
157506,0.475
157507,0.5925
157508,0.625
157509,0.5475
157510,0.66
157511,0.54
157512,0.385
157513,0.4625
157514,0.5325
157515,0.4825
157516,0.67
157517,0.485
157518,0.41
157519,0.4225
157520,0.515
157521,0.31
157522,0.405
157523,0.5425
157524,0.72
157525,0.59
157526,0.5575
157527,0.395
157528,0.455
157529,0.51
157530,0.4025
157531,0.4475
157532,0.31
157533,0.4525
157534,0.435
157535,0.62
157536,0.465
157537,0.5075
157538,0.5275
157539,0.3275
157540,0.5325
157541,0.53
157542,0.3575
157543,0.355
157544,0.5
157545,0.4825
157546,0.395
157547,0.43
157548,0.4775
157549,0.465
157550,0.6275
157551,0.6275
157552,0.4525
157553,0.555
157554,0.4725
157555,0.68
157556,0.4975
157557,0.455
157558,0.4125
157559,0.5275
157560,0.5725
157561,0.4625
157562,0.5625
157563,0.4125
157564,0.53
157565,0.4825
157566,0.585
157567,0.505
157568,0.5175
157569,0.515
157570,0.4975
157571,0.4625
157572,0.55
157573,0.4275
157574,0.3325
157575,0.4675
157576,0.59
157577,0.4325
157578,0.4325
157579,0.7125
157580,0.575
157581,0.5925
157582,0.58
157583,0.58
157584,0.6225
157585,0.545
157586,0.555
157587,0.3475
157588,0.46
157589,0.5275
157590,0.4275
157591,0.485
157592,0.5075
157593,0.6525
157594,0.475
157595,0.3675
157596,0.4675
157597,0.4775
157598,0.45
157599,0.375
157600,0.435
157601,0.55
157602,0.465
157603,0.52
157604,0.565
157605,0.4
157606,0.49
157607,0.515
157608,0.72
157609,0.4775
157610,0.6575
157611,0.555
157612,0.495
157613,0.595
157614,0.5475
157615,0.5125
157616,0.66
157617,0.5225
157618,0.51
157619,0.52
157620,0.535
157621,0.3875
157622,0.59
157623,0.4125
157624,0.405
157625,0.6475
157626,0.445
157627,0.5725
157628,0.58
157629,0.425
157630,0.605
157631,0.505
157632,0.535
157633,0.5025
157634,0.52
157635,0.5175
157636,0.4925
157637,0.5225
157638,0.4975
157639,0.525
157640,0.4225
157641,0.4875
157642,0.525
157643,0.5525
157644,0.4475
157645,0.475
157646,0.4775
157647,0.5425
157648,0.4425
157649,0.39
157650,0.38
157651,0.505
157652,0.4275
157653,0.3825
157654,0.4575
157655,0.485
157656,0.53
157657,0.5475
157658,0.5775
157659,0.425
157660,0.405
157661,0.4575
157662,0.345
157663,0.485
157664,0.5525
157665,0.5075
157666,0.4925
157667,0.37
157668,0.5
157669,0.4625
157670,0.3725
157671,0.505
157672,0.45
157673,0.565
157674,0.5625
157675,0.5675
157676,0.505
157677,0.56
157678,0.2925
157679,0.4825
157680,0.49
157681,0.4875
157682,0.62
157683,0.5225
157684,0.6125
157685,0.5275
157686,0.4175
157687,0.55
157688,0.5175
157689,0.4475
157690,0.395
157691,0.4475
157692,0.7725
157693,0.5625
157694,0.515
157695,0.5075
157696,0.4175
157697,0.4275
157698,0.5125
157699,0.5275
157700,0.525
157701,0.4575
157702,0.5275
157703,0.525
157704,0.495
157705,0.5275
157706,0.685
157707,0.6975
157708,0.5975
157709,0.555
157710,0.62
157711,0.5075
157712,0.5775
157713,0.5225
157714,0.4575
157715,0.645
157716,0.465
157717,0.3675
157718,0.5825
157719,0.5125
157720,0.365
157721,0.505
157722,0.3575
157723,0.61
157724,0.4025
157725,0.4275
157726,0.4675
157727,0.5325
157728,0.5275
157729,0.6
157730,0.44
157731,0.4075
157732,0.4475
157733,0.61
157734,0.44
157735,0.3425
157736,0.4275
157737,0.63
157738,0.4475
157739,0.35
157740,0.42
157741,0.385
157742,0.405
157743,0.625
157744,0.4425
157745,0.495
157746,0.5075
157747,0.475
157748,0.5325
157749,0.5875
157750,0.4625
157751,0.51
157752,0.675
157753,0.6375
157754,0.4475
157755,0.555
157756,0.585
157757,0.4875
157758,0.495
157759,0.61
157760,0.565
157761,0.4375
157762,0.4175
157763,0.62
157764,0.365
157765,0.2425
157766,0.555
157767,0.41
157768,0.65
157769,0.6025
157770,0.5325
157771,0.505
157772,0.365
157773,0.2975
157774,0.68
157775,0.4875
157776,0.4775
157777,0.4975
157778,0.54
157779,0.585
157780,0.5175
157781,0.435
157782,0.6275
157783,0.345
157784,0.595
157785,0.505
157786,0.445
157787,0.5325
157788,0.6
157789,0.46
157790,0.505
157791,0.46
157792,0.2775
157793,0.4975
157794,0.435
157795,0.375
157796,0.4425
157797,0.47
157798,0.5625
157799,0.5325
157800,0.315
157801,0.3775
157802,0.655
157803,0.4225
157804,0.5175
157805,0.355
157806,0.4525
157807,0.545
157808,0.395
157809,0.46
157810,0.4325
157811,0.4275
157812,0.3825
157813,0.43
157814,0.4375
157815,0.51
157816,0.6425
157817,0.4625
157818,0.245
157819,0.4525
157820,0.53
157821,0.5325
157822,0.435
157823,0.465
157824,0.42
157825,0.4425
157826,0.455
157827,0.4875
157828,0.4925
157829,0.55
157830,0.4825
157831,0.49
157832,0.5875
157833,0.29
157834,0.49
157835,0.3875
157836,0.51
157837,0.4875
157838,0.4625
157839,0.5775
157840,0.555
157841,0.3625
157842,0.5675
157843,0.655
157844,0.4325
157845,0.4425
157846,0.4575
157847,0.3575
157848,0.535
157849,0.505
157850,0.64
157851,0.44
157852,0.67
157853,0.425
157854,0.5075
157855,0.535
157856,0.385
157857,0.5125
157858,0.4625
157859,0.5425
157860,0.4
157861,0.575
157862,0.5775
157863,0.5725
157864,0.5775
157865,0.59
157866,0.4075
157867,0.5925
157868,0.4475
157869,0.5575
157870,0.535
157871,0.425
157872,0.4225
157873,0.465
157874,0.425
157875,0.4425
157876,0.43
157877,0.505
157878,0.6225
157879,0.4975
157880,0.4625
157881,0.465
157882,0.5275
157883,0.33
157884,0.4625
157885,0.7025
157886,0.5175
157887,0.5475
157888,0.435
157889,0.5325
157890,0.28
157891,0.4875
157892,0.5825
157893,0.455
157894,0.4225
157895,0.4225
157896,0.4875
157897,0.665
157898,0.43
157899,0.555
157900,0.5775
157901,0.6175
157902,0.3975
157903,0.4225
157904,0.4025
157905,0.685
157906,0.49
157907,0.5625
157908,0.465
157909,0.57
157910,0.485
157911,0.4475
157912,0.575
157913,0.395
157914,0.5225
157915,0.525
157916,0.5625
157917,0.6775
157918,0.4925
157919,0.5325
157920,0.46
157921,0.36
157922,0.695
157923,0.545
157924,0.54
157925,0.4875
157926,0.455
157927,0.3625
157928,0.4725
157929,0.4225
157930,0.3225
157931,0.485
157932,0.5525
157933,0.535
157934,0.51
157935,0.3525
157936,0.47
157937,0.635
157938,0.3525
157939,0.495
157940,0.33
157941,0.47
157942,0.42
157943,0.62
157944,0.4575
157945,0.49
157946,0.485
157947,0.4325
157948,0.59
157949,0.43
157950,0.4125
157951,0.63
157952,0.625
157953,0.57
157954,0.4025
157955,0.4075
157956,0.5
157957,0.49
157958,0.34
157959,0.5625
157960,0.555
157961,0.7075
157962,0.4275
157963,0.4225
157964,0.4525
157965,0.4975
157966,0.46
157967,0.5475
157968,0.75
157969,0.3875
157970,0.515
157971,0.46
157972,0.58
157973,0.4575
157974,0.425
157975,0.395
157976,0.5175
157977,0.485
157978,0.5575
157979,0.3425
157980,0.73
157981,0.49
157982,0.52
157983,0.405
157984,0.435
157985,0.5125
157986,0.5725
157987,0.555
157988,0.4075
157989,0.575
157990,0.4875
157991,0.555
157992,0.6425
157993,0.46
157994,0.4675
157995,0.495
157996,0.43
157997,0.62
157998,0.5475
157999,0.5975
158000,0.525
158001,0.4925
158002,0.36
158003,0.4825
158004,0.3575
158005,0.5125
158006,0.5825
158007,0.3725
158008,0.5825
158009,0.67
158010,0.66
158011,0.5325
158012,0.595
158013,0.41
158014,0.5175
158015,0.4975
158016,0.5775
158017,0.5025
158018,0.48
158019,0.385
158020,0.6275
158021,0.54
158022,0.5275
158023,0.5675
158024,0.6525
158025,0.47
158026,0.42
158027,0.47
158028,0.355
158029,0.4025
158030,0.575
158031,0.5875
158032,0.345
158033,0.4875
158034,0.52
158035,0.43
158036,0.525
158037,0.385
158038,0.5525
158039,0.645
158040,0.52
158041,0.4525
158042,0.495
158043,0.415
158044,0.5525
158045,0.3925
158046,0.415
158047,0.45
158048,0.4725
158049,0.415
158050,0.6125
158051,0.6075
158052,0.6325
158053,0.435
158054,0.42
158055,0.4075
158056,0.59
158057,0.605
158058,0.4125
158059,0.4375
158060,0.44
158061,0.5625
158062,0.39
158063,0.47
158064,0.4875
158065,0.435
158066,0.35
158067,0.46
158068,0.47
158069,0.5075
158070,0.38
158071,0.4425
158072,0.6
158073,0.5525
158074,0.525
158075,0.585
158076,0.49
158077,0.4975
158078,0.355
158079,0.48
158080,0.515
158081,0.5025
158082,0.45
158083,0.6075
158084,0.3825
158085,0.5825
158086,0.63
158087,0.43
158088,0.5625
158089,0.5875
158090,0.4525
158091,0.3725
158092,0.5925
158093,0.5
158094,0.56
158095,0.5325
158096,0.5775
158097,0.4775
158098,0.5875
158099,0.4525
158100,0.545
158101,0.2625
158102,0.3925
158103,0.4275
158104,0.48
158105,0.42
158106,0.4475
158107,0.585
158108,0.49
158109,0.485
158110,0.5125
158111,0.4425
158112,0.6275
158113,0.4775
158114,0.47
158115,0.57
158116,0.615
158117,0.4925
158118,0.4625
158119,0.3925
158120,0.51
158121,0.445
158122,0.5275
158123,0.5875
158124,0.4025
158125,0.3525
158126,0.515
158127,0.38
158128,0.515
158129,0.4625
158130,0.5525
158131,0.5725
158132,0.74
158133,0.6
158134,0.4625
158135,0.4625
158136,0.5
158137,0.575
158138,0.4
158139,0.485
158140,0.4825
158141,0.7175
158142,0.41
158143,0.51
158144,0.55
158145,0.515
158146,0.5875
158147,0.5475
158148,0.4325
158149,0.5225
158150,0.59
158151,0.4025
158152,0.505
158153,0.5
158154,0.58
158155,0.44
158156,0.4925
158157,0.515
158158,0.4825
158159,0.505
158160,0.55
158161,0.6475
158162,0.39
158163,0.3875
158164,0.4175
158165,0.385
158166,0.4725
158167,0.3225
158168,0.395
158169,0.605
158170,0.4325
158171,0.535
158172,0.5625
158173,0.475
158174,0.42
158175,0.4375
158176,0.4475
158177,0.4575
158178,0.465
158179,0.4125
158180,0.37
158181,0.455
158182,0.6125
158183,0.43
158184,0.53
158185,0.625
158186,0.46
158187,0.46
158188,0.5925
158189,0.505
158190,0.425
158191,0.62
158192,0.655
158193,0.4025
158194,0.3225
158195,0.56
158196,0.48
158197,0.58
158198,0.57
158199,0.49
158200,0.565
158201,0.605
158202,0.4
158203,0.4025
158204,0.625
158205,0.44
158206,0.725
158207,0.4325
158208,0.4775
158209,0.3875
158210,0.6
158211,0.3475
158212,0.4275
158213,0.66
158214,0.4375
158215,0.42
158216,0.51
158217,0.545
158218,0.495
158219,0.66
158220,0.57
158221,0.375
158222,0.48
158223,0.385
158224,0.525
158225,0.5225
158226,0.37
158227,0.4325
158228,0.4625
158229,0.5125
158230,0.5275
158231,0.4925
158232,0.425
158233,0.5175
158234,0.4025
158235,0.415
158236,0.625
158237,0.495
158238,0.365
158239,0.5975
158240,0.3725
158241,0.4575
158242,0.5175
158243,0.4275
158244,0.44
158245,0.4875
158246,0.4525
158247,0.4275
158248,0.4925
158249,0.645
158250,0.555
158251,0.4775
158252,0.525
158253,0.4575
158254,0.4725
158255,0.5575
158256,0.3
158257,0.49
158258,0.405
158259,0.4325
158260,0.5575
158261,0.6425
158262,0.6225
158263,0.74
158264,0.4275
158265,0.56
158266,0.7225
158267,0.4725
158268,0.51
158269,0.55
158270,0.4425
158271,0.3675
158272,0.7
158273,0.5025
158274,0.4675
158275,0.4
158276,0.4825
158277,0.3775
158278,0.4175
158279,0.4575
158280,0.63
158281,0.5625
158282,0.34
158283,0.545
158284,0.5
158285,0.4975
158286,0.4225
158287,0.4975
158288,0.6225
158289,0.4625
158290,0.4275
158291,0.4375
158292,0.46
158293,0.4325
158294,0.59
158295,0.3575
158296,0.3375
158297,0.53
158298,0.4925
158299,0.5
158300,0.535
158301,0.5125
158302,0.6125
158303,0.435
158304,0.6175
158305,0.4075
158306,0.58
158307,0.4775
158308,0.625
158309,0.4725
158310,0.55
158311,0.395
158312,0.4475
158313,0.5
158314,0.6
158315,0.4725
158316,0.415
158317,0.4725
158318,0.55
158319,0.5
158320,0.58
158321,0.5475
158322,0.545
158323,0.3825
158324,0.4225
158325,0.4575
158326,0.6125
158327,0.665
158328,0.365
158329,0.525
158330,0.465
158331,0.3225
158332,0.4075
158333,0.38
158334,0.57
158335,0.4925
158336,0.57
158337,0.6525
158338,0.4175
158339,0.645
158340,0.5525
158341,0.495
158342,0.4375
158343,0.4525
158344,0.39
158345,0.585
158346,0.4625
158347,0.4575
158348,0.6275
158349,0.5475
158350,0.54
158351,0.4975
158352,0.44
158353,0.5975
158354,0.45
158355,0.535
158356,0.6075
158357,0.5725
158358,0.37
158359,0.5075
158360,0.53
158361,0.6325
158362,0.5475
158363,0.6025
158364,0.555
158365,0.5625
158366,0.4625
158367,0.3775
158368,0.485
158369,0.6225
158370,0.46
158371,0.44
158372,0.56
158373,0.5
158374,0.3675
158375,0.54
158376,0.445
158377,0.5125
158378,0.5175
158379,0.46
158380,0.4575
158381,0.58
158382,0.48
158383,0.52
158384,0.4375
158385,0.5225
158386,0.4175
158387,0.5175
158388,0.54
158389,0.645
158390,0.4625
158391,0.5025
158392,0.61
158393,0.47
158394,0.4825
158395,0.345
158396,0.515
158397,0.6825
158398,0.475
158399,0.3775
158400,0.465
158401,0.375
158402,0.6925
158403,0.445
158404,0.745
158405,0.5475
158406,0.4725
158407,0.4975
158408,0.465
158409,0.5575
158410,0.475
158411,0.42
158412,0.53
158413,0.335
158414,0.525
158415,0.54
158416,0.4775
158417,0.44
158418,0.55
158419,0.2925
158420,0.465
158421,0.5425
158422,0.745
158423,0.34
158424,0.65
158425,0.4425
158426,0.485
158427,0.695
158428,0.57
158429,0.5475
158430,0.585
158431,0.4925
158432,0.3325
158433,0.5425
158434,0.44
158435,0.495
158436,0.435
158437,0.465
158438,0.465
158439,0.485
158440,0.5225
158441,0.495
158442,0.4575
158443,0.6225
158444,0.44
158445,0.3675
158446,0.3575
158447,0.6375
158448,0.445
158449,0.645
158450,0.4775
158451,0.4425
158452,0.605
158453,0.4925
158454,0.5675
158455,0.55
158456,0.545
158457,0.4175
158458,0.585
158459,0.6575
158460,0.39
158461,0.4975
158462,0.4475
158463,0.5375
158464,0.39
158465,0.32
158466,0.5575
158467,0.4275
158468,0.4875
158469,0.585
158470,0.3875
158471,0.3825
158472,0.5275
158473,0.325
158474,0.515
158475,0.58
158476,0.4775
158477,0.31
158478,0.56
158479,0.5125
158480,0.4925
158481,0.415
158482,0.41
158483,0.535
158484,0.4675
158485,0.705
158486,0.3725
158487,0.465
158488,0.5775
158489,0.4775
158490,0.575
158491,0.455
158492,0.585
158493,0.4625
158494,0.7125
158495,0.505
158496,0.5775
158497,0.5025
158498,0.3775
158499,0.535
158500,0.4975
158501,0.32
158502,0.4425
158503,0.395
158504,0.4475
158505,0.7125
158506,0.26
158507,0.5
158508,0.2375
158509,0.54
158510,0.56
158511,0.565
158512,0.36
158513,0.5
158514,0.38
158515,0.475
158516,0.4525
158517,0.4525
158518,0.5575
158519,0.535
158520,0.56
158521,0.37
158522,0.5925
158523,0.505
158524,0.485
158525,0.595
158526,0.365
158527,0.53
158528,0.36
158529,0.39
158530,0.54
158531,0.525
158532,0.4725
158533,0.615
158534,0.425
158535,0.44
158536,0.4175
158537,0.4775
158538,0.46
158539,0.475
158540,0.58
158541,0.465
158542,0.5825
158543,0.4475
158544,0.425
158545,0.5225
158546,0.6375
158547,0.49
158548,0.575
158549,0.4225
158550,0.495
158551,0.3825
158552,0.525
158553,0.6125
158554,0.71
158555,0.6425
158556,0.48
158557,0.695
158558,0.565
158559,0.665
158560,0.425
158561,0.4825
158562,0.5325
158563,0.63
158564,0.6475
158565,0.56
158566,0.4325
158567,0.4975
158568,0.7375
158569,0.42
158570,0.4825
158571,0.3475
158572,0.445
158573,0.5975
158574,0.4625
158575,0.54
158576,0.4575
158577,0.42
158578,0.445
158579,0.5075
158580,0.4325
158581,0.4575
158582,0.6125
158583,0.5425
158584,0.4625
158585,0.47
158586,0.5
158587,0.39
158588,0.5625
158589,0.3925
158590,0.85
158591,0.43
158592,0.6175
158593,0.605
158594,0.5825
158595,0.41
158596,0.33
158597,0.605
158598,0.725
158599,0.495
158600,0.47
158601,0.48
158602,0.45
158603,0.4825
158604,0.515
158605,0.3225
158606,0.615
158607,0.4975
158608,0.49
158609,0.435
158610,0.445
158611,0.4025
158612,0.55
158613,0.4625
158614,0.5125
158615,0.5
158616,0.51
158617,0.6025
158618,0.575
158619,0.4325
158620,0.51
158621,0.475
158622,0.4875
158623,0.3375
158624,0.4875
158625,0.5425
158626,0.4325
158627,0.52
158628,0.4325
158629,0.475
158630,0.4225
158631,0.5975
158632,0.415
158633,0.34
158634,0.4875
158635,0.3875
158636,0.4675
158637,0.3325
158638,0.3775
158639,0.43
158640,0.5275
158641,0.49
158642,0.3725
158643,0.4675
158644,0.4625
158645,0.58
158646,0.45
158647,0.56
158648,0.6
158649,0.48
158650,0.35
158651,0.495
158652,0.3325
158653,0.49
158654,0.47
158655,0.5625
158656,0.5725
158657,0.455
158658,0.455
158659,0.505
158660,0.43
158661,0.575
158662,0.4175
158663,0.4
158664,0.4375
158665,0.49
158666,0.4475
158667,0.395
158668,0.655
158669,0.4675
158670,0.4175
158671,0.5175
158672,0.4575
158673,0.505
158674,0.525
158675,0.5025
158676,0.505
158677,0.5325
158678,0.5875
158679,0.3825
158680,0.69
158681,0.5425
158682,0.4175
158683,0.3525
158684,0.3675
158685,0.3775
158686,0.4175
158687,0.545
158688,0.62
158689,0.455
158690,0.4125
158691,0.5
158692,0.4825
158693,0.635
158694,0.3825
158695,0.505
158696,0.43
158697,0.47
158698,0.5275
158699,0.585
158700,0.59
158701,0.505
158702,0.405
158703,0.5175
158704,0.5725
158705,0.38
158706,0.4675
158707,0.6275
158708,0.61
158709,0.4225
158710,0.545
158711,0.49
158712,0.4525
158713,0.7325
158714,0.51
158715,0.575
158716,0.5325
158717,0.5825
158718,0.3925
158719,0.415
158720,0.545
158721,0.4125
158722,0.5975
158723,0.4775
158724,0.605
158725,0.3625
158726,0.735
158727,0.47
158728,0.425
158729,0.525
158730,0.4325
158731,0.415
158732,0.6075
158733,0.5325
158734,0.4225
158735,0.5375
158736,0.3525
158737,0.555
158738,0.595
158739,0.5
158740,0.515
158741,0.4325
158742,0.4625
158743,0.48
158744,0.6125
158745,0.515
158746,0.37
158747,0.56
158748,0.4425
158749,0.72
158750,0.435
158751,0.4425
158752,0.525
158753,0.5425
158754,0.4475
158755,0.5675
158756,0.685
158757,0.395
158758,0.5375
158759,0.43
158760,0.64
158761,0.415
158762,0.4625
158763,0.5325
158764,0.59
158765,0.4675
158766,0.45
158767,0.6675
158768,0.6775
158769,0.445
158770,0.67
158771,0.4325
158772,0.515
158773,0.525
158774,0.5625
158775,0.4325
158776,0.5625
158777,0.3925
158778,0.45
158779,0.4725
158780,0.415
158781,0.58
158782,0.645
158783,0.3775
158784,0.4925
158785,0.4725
158786,0.63
158787,0.7125
158788,0.4725
158789,0.3775
158790,0.445
158791,0.5825
158792,0.3825
158793,0.4675
158794,0.5225
158795,0.4325
158796,0.425
158797,0.3325
158798,0.435
158799,0.6225
158800,0.39
158801,0.54
158802,0.4525
158803,0.5975
158804,0.5475
158805,0.7
158806,0.5425
158807,0.455
158808,0.6425
158809,0.5275
158810,0.6225
158811,0.5675
158812,0.51
158813,0.475
158814,0.4825
158815,0.435
158816,0.5025
158817,0.5675
158818,0.525
158819,0.6225
158820,0.57
158821,0.6325
158822,0.635
158823,0.5025
158824,0.55
158825,0.44
158826,0.645
158827,0.485
158828,0.5
158829,0.44
158830,0.4975
158831,0.49
158832,0.405
158833,0.5375
158834,0.4125
158835,0.6275
158836,0.55
158837,0.56
158838,0.57
158839,0.5075
158840,0.445
158841,0.325
158842,0.4275
158843,0.705
158844,0.3675
158845,0.58
158846,0.465
158847,0.5575
158848,0.4825
158849,0.4475
158850,0.53
158851,0.5325
158852,0.6525
158853,0.4925
158854,0.44
158855,0.4625
158856,0.4325
158857,0.395
158858,0.3725
158859,0.485
158860,0.51
158861,0.455
158862,0.2825
158863,0.4825
158864,0.6375
158865,0.4775
158866,0.3275
158867,0.38
158868,0.4575
158869,0.61
158870,0.6325
158871,0.3975
158872,0.605
158873,0.4875
158874,0.5675
158875,0.4725
158876,0.4975
158877,0.4225
158878,0.4525
158879,0.5675
158880,0.435
158881,0.3175
158882,0.465
158883,0.5175
158884,0.57
158885,0.45
158886,0.52
158887,0.5725
158888,0.595
158889,0.405
158890,0.5975
158891,0.4125
158892,0.545
158893,0.45
158894,0.43
158895,0.45
158896,0.385
158897,0.4775
158898,0.4275
158899,0.3975
158900,0.5675
158901,0.7375
158902,0.4075
158903,0.4975
158904,0.515
158905,0.515
158906,0.52
158907,0.54
158908,0.5675
158909,0.385
158910,0.3325
158911,0.3125
158912,0.3075
158913,0.46
158914,0.4525
158915,0.5575
158916,0.305
158917,0.53
158918,0.4475
158919,0.4425
158920,0.305
158921,0.4625
158922,0.365
158923,0.6675
158924,0.62
158925,0.405
158926,0.52
158927,0.4875
158928,0.4025
158929,0.5175
158930,0.4625
158931,0.465
158932,0.44
158933,0.5325
158934,0.62
158935,0.5825
158936,0.4175
158937,0.4575
158938,0.5075
158939,0.5675
158940,0.4625
158941,0.495
158942,0.4925
158943,0.5275
158944,0.3775
158945,0.5475
158946,0.4525
158947,0.52
158948,0.57
158949,0.3925
158950,0.58
158951,0.495
158952,0.5125
158953,0.555
158954,0.4725
158955,0.4625
158956,0.505
158957,0.6425
158958,0.71
158959,0.3625
158960,0.5475
158961,0.49
158962,0.445
158963,0.5125
158964,0.53
158965,0.4675
158966,0.425
158967,0.49
158968,0.4325
158969,0.3925
158970,0.34
158971,0.48
158972,0.445
158973,0.4425
158974,0.45
158975,0.4725
158976,0.445
158977,0.52
158978,0.585
158979,0.4325
158980,0.4325
158981,0.43
158982,0.4925
158983,0.595
158984,0.51
158985,0.4725
158986,0.55
158987,0.485
158988,0.5475
158989,0.5225
158990,0.4175
158991,0.4225
158992,0.4625
158993,0.42
158994,0.45
158995,0.5325
158996,0.6975
158997,0.4875
158998,0.405
158999,0.4175
159000,0.3175
159001,0.5875
159002,0.5075
159003,0.42
159004,0.5675
159005,0.45
159006,0.6525
159007,0.3225
159008,0.495
159009,0.4325
159010,0.545
159011,0.535
159012,0.53
159013,0.5825
159014,0.7475
159015,0.5625
159016,0.4475
159017,0.465
159018,0.47
159019,0.49
159020,0.45
159021,0.405
159022,0.585
159023,0.4575
159024,0.555
159025,0.455
159026,0.5125
159027,0.4675
159028,0.645
159029,0.465
159030,0.425
159031,0.46
159032,0.4825
159033,0.485
159034,0.5225
159035,0.3875
159036,0.51
159037,0.45
159038,0.64
159039,0.6375
159040,0.44
159041,0.445
159042,0.475
159043,0.5525
159044,0.52
159045,0.5625
159046,0.4425
159047,0.5125
159048,0.5025
159049,0.5025
159050,0.535
159051,0.4575
159052,0.3925
159053,0.4175
159054,0.4625
159055,0.5825
159056,0.48
159057,0.5975
159058,0.5675
159059,0.41
159060,0.4175
159061,0.5275
159062,0.4225
159063,0.405
159064,0.395
159065,0.4325
159066,0.4475
159067,0.4225
159068,0.62
159069,0.5875
159070,0.46
159071,0.54
159072,0.3925
159073,0.4775
159074,0.6
159075,0.3675
159076,0.4525
159077,0.4225
159078,0.47
159079,0.4325
159080,0.3925
159081,0.49
159082,0.5675
159083,0.3825
159084,0.47
159085,0.7325
159086,0.545
159087,0.415
159088,0.3875
159089,0.4825
159090,0.5175
159091,0.4075
159092,0.4425
159093,0.36
159094,0.4825
159095,0.4125
159096,0.53
159097,0.5075
159098,0.4825
159099,0.57
159100,0.55
159101,0.4125
159102,0.3625
159103,0.5025
159104,0.5925
159105,0.52
159106,0.455
159107,0.4875
159108,0.51
159109,0.6775
159110,0.48
159111,0.5325
159112,0.5175
159113,0.4
159114,0.5525
159115,0.4875
159116,0.48
159117,0.505
159118,0.49
159119,0.51
159120,0.6775
159121,0.68
159122,0.5275
159123,0.43
159124,0.445
159125,0.4525
159126,0.5275
159127,0.5675
159128,0.615
159129,0.6075
159130,0.4375
159131,0.4475
159132,0.405
159133,0.475
159134,0.315
159135,0.44
159136,0.6475
159137,0.38
159138,0.3825
159139,0.47
159140,0.4875
159141,0.51
159142,0.6225
159143,0.555
159144,0.4275
159145,0.4625
159146,0.435
159147,0.48
159148,0.5675
159149,0.485
159150,0.4675
159151,0.4625
159152,0.5
159153,0.3875
159154,0.4825
159155,0.4825
159156,0.4725
159157,0.5075
159158,0.5
159159,0.3925
159160,0.545
159161,0.5475
159162,0.435
159163,0.5
159164,0.5
159165,0.465
159166,0.445
159167,0.5525
159168,0.64
159169,0.545
159170,0.45
159171,0.4975
159172,0.3825
159173,0.465
159174,0.39
159175,0.37
159176,0.4125
159177,0.5
159178,0.505
159179,0.5725
159180,0.6675
159181,0.495
159182,0.45
159183,0.6375
159184,0.6975
159185,0.63
159186,0.33
159187,0.42
159188,0.495
159189,0.4875
159190,0.665
159191,0.465
159192,0.5875
159193,0.5
159194,0.425
159195,0.44
159196,0.3925
159197,0.6125
159198,0.535
159199,0.5
159200,0.4725
159201,0.4625
159202,0.5725
159203,0.78
159204,0.4625
159205,0.4575
159206,0.6075
159207,0.4125
159208,0.3275
159209,0.44
159210,0.4725
159211,0.5025
159212,0.5075
159213,0.5625
159214,0.6
159215,0.455
159216,0.48
159217,0.6225
159218,0.43
159219,0.3925
159220,0.36
159221,0.5125
159222,0.665
159223,0.44
159224,0.5725
159225,0.545
159226,0.4875
159227,0.46
159228,0.6975
159229,0.53
159230,0.5375
159231,0.425
159232,0.55
159233,0.5625
159234,0.3675
159235,0.5525
159236,0.4525
159237,0.5175
159238,0.505
159239,0.555
159240,0.56
159241,0.5325
159242,0.455
159243,0.505
159244,0.425
159245,0.51
159246,0.4825
159247,0.48
159248,0.45
159249,0.475
159250,0.5775
159251,0.485
159252,0.5125
159253,0.475
159254,0.4225
159255,0.485
159256,0.395
159257,0.4025
159258,0.445
159259,0.52
159260,0.3525
159261,0.4325
159262,0.335
159263,0.5925
159264,0.5125
159265,0.7025
159266,0.5925
159267,0.35
159268,0.5775
159269,0.455
159270,0.4975
159271,0.445
159272,0.6725
159273,0.3725
159274,0.4125
159275,0.47
159276,0.4325
159277,0.285
159278,0.47
159279,0.4575
159280,0.62
159281,0.585
159282,0.4075
159283,0.575
159284,0.57
159285,0.645
159286,0.4175
159287,0.5525
159288,0.49
159289,0.56
159290,0.41
159291,0.5825
159292,0.4375
159293,0.5175
159294,0.43
159295,0.6075
159296,0.47
159297,0.3975
159298,0.505
159299,0.45
159300,0.4275
159301,0.5025
159302,0.3525
159303,0.5475
159304,0.4825
159305,0.44
159306,0.495
159307,0.465
159308,0.515
159309,0.455
159310,0.525
159311,0.465
159312,0.42
159313,0.4375
159314,0.4975
159315,0.4375
159316,0.4725
159317,0.4275
159318,0.3375
159319,0.3975
159320,0.645
159321,0.53
159322,0.64
159323,0.2975
159324,0.6125
159325,0.4725
159326,0.5675
159327,0.6125
159328,0.545
159329,0.5025
159330,0.535
159331,0.535
159332,0.63
159333,0.4175
159334,0.355
159335,0.3725
159336,0.4575
159337,0.525
159338,0.5175
159339,0.33
159340,0.6525
159341,0.4725
159342,0.47
159343,0.4625
159344,0.5325
159345,0.435
159346,0.4475
159347,0.48
159348,0.6025
159349,0.585
159350,0.415
159351,0.4825
159352,0.565
159353,0.6575
159354,0.5825
159355,0.4475
159356,0.545
159357,0.5075
159358,0.3825
159359,0.3325
159360,0.385
159361,0.56
159362,0.535
159363,0.6525
159364,0.42
159365,0.38
159366,0.5725
159367,0.5375
159368,0.64
159369,0.5825
159370,0.4725
159371,0.425
159372,0.345
159373,0.55
159374,0.5225
159375,0.5425
159376,0.44
159377,0.5175
159378,0.475
159379,0.435
159380,0.565
159381,0.485
159382,0.56
159383,0.58
159384,0.3725
159385,0.4875
159386,0.605
159387,0.52
159388,0.4125
159389,0.675
159390,0.5425
159391,0.42
159392,0.5525
159393,0.545
159394,0.4775
159395,0.44
159396,0.595
159397,0.4875
159398,0.4575
159399,0.4725
159400,0.4975
159401,0.4625
159402,0.455
159403,0.4025
159404,0.4475
159405,0.5575
159406,0.49
159407,0.395
159408,0.3025
159409,0.48
159410,0.505
159411,0.535
159412,0.42
159413,0.5175
159414,0.44
159415,0.6325
159416,0.395
159417,0.58
159418,0.72
159419,0.465
159420,0.59
159421,0.5175
159422,0.54
159423,0.4725
159424,0.465
159425,0.465
159426,0.4625
159427,0.505
159428,0.53
159429,0.5875
159430,0.6275
159431,0.65
159432,0.51
159433,0.4225
159434,0.59
159435,0.3825
159436,0.455
159437,0.335
159438,0.5325
159439,0.3925
159440,0.6
159441,0.445
159442,0.58
159443,0.44
159444,0.3975
159445,0.3875
159446,0.555
159447,0.635
159448,0.4975
159449,0.5225
159450,0.6025
159451,0.54
159452,0.4925
159453,0.6125
159454,0.5525
159455,0.5375
159456,0.66
159457,0.42
159458,0.49
159459,0.4975
159460,0.4925
159461,0.6075
159462,0.4325
159463,0.7025
159464,0.495
159465,0.2925
159466,0.4525
159467,0.5325
159468,0.485
159469,0.3825
159470,0.595
159471,0.445
159472,0.4875
159473,0.6425
159474,0.4425
159475,0.5675
159476,0.42
159477,0.555
159478,0.5125
159479,0.625
159480,0.4925
159481,0.4525
159482,0.4475
159483,0.455
159484,0.605
159485,0.495
159486,0.44
159487,0.5175
159488,0.4625
159489,0.4425
159490,0.33
159491,0.53
159492,0.46
159493,0.5025
159494,0.4175
159495,0.3525
159496,0.44
159497,0.5375
159498,0.45
159499,0.5975
159500,0.4775
159501,0.635
159502,0.4575
159503,0.6275
159504,0.445
159505,0.445
159506,0.3725
159507,0.54
159508,0.51
159509,0.4625
159510,0.44
159511,0.4325
159512,0.4075
159513,0.41
159514,0.565
159515,0.4
159516,0.465
159517,0.3725
159518,0.36
159519,0.645
159520,0.615
159521,0.655
159522,0.645
159523,0.4525
159524,0.765
159525,0.4875
159526,0.425
159527,0.33
159528,0.4775
159529,0.5075
159530,0.4425
159531,0.4525
159532,0.5575
159533,0.4925
159534,0.5175
159535,0.41
159536,0.6
159537,0.4375
159538,0.455
159539,0.485
159540,0.5075
159541,0.4825
159542,0.395
159543,0.6725
159544,0.61
159545,0.405
159546,0.5225
159547,0.6625
159548,0.485
159549,0.705
159550,0.46
159551,0.68
159552,0.61
159553,0.4925
159554,0.4625
159555,0.6925
159556,0.475
159557,0.42
159558,0.43
159559,0.51
159560,0.67
159561,0.57
159562,0.51
159563,0.6175
159564,0.5125
159565,0.4375
159566,0.6375
159567,0.4575
159568,0.4725
159569,0.5525
159570,0.4825
159571,0.45
159572,0.42
159573,0.47
159574,0.38
159575,0.3575
159576,0.52
159577,0.4725
159578,0.3975
159579,0.3925
159580,0.43
159581,0.58
159582,0.565
159583,0.51
159584,0.485
159585,0.6025
159586,0.475
159587,0.4475
159588,0.735
159589,0.41
159590,0.4475
159591,0.4675
159592,0.4425
159593,0.425
159594,0.4325
159595,0.5025
159596,0.325
159597,0.605
159598,0.4625
159599,0.655
159600,0.3775
159601,0.52
159602,0.5675
159603,0.38
159604,0.5325
159605,0.6825
159606,0.505
159607,0.565
159608,0.515
159609,0.585
159610,0.3875
159611,0.455
159612,0.5125
159613,0.4525
159614,0.4875
159615,0.3175
159616,0.57
159617,0.5325
159618,0.5975
159619,0.6475
159620,0.5175
159621,0.57
159622,0.635
159623,0.4475
159624,0.6525
159625,0.5475
159626,0.5875
159627,0.495
159628,0.5575
159629,0.415
159630,0.37
159631,0.515
159632,0.5825
159633,0.5
159634,0.7225
159635,0.375
159636,0.535
159637,0.5825
159638,0.3875
159639,0.445
159640,0.625
159641,0.4175
159642,0.6625
159643,0.5975
159644,0.35
159645,0.5675
159646,0.5
159647,0.565
159648,0.4025
159649,0.4225
159650,0.475
159651,0.43
159652,0.6725
159653,0.555
159654,0.525
159655,0.5175
159656,0.4625
159657,0.4275
159658,0.5375
159659,0.64
159660,0.4425
159661,0.54
159662,0.4525
159663,0.4025
159664,0.595
159665,0.5025
159666,0.3925
159667,0.5575
159668,0.5075
159669,0.555
159670,0.5
159671,0.47
159672,0.5725
159673,0.52
159674,0.4975
159675,0.47
159676,0.3375
159677,0.54
159678,0.375
159679,0.37
159680,0.57
159681,0.56
159682,0.5975
159683,0.6025
159684,0.495
159685,0.455
159686,0.48
159687,0.455
159688,0.3725
159689,0.415
159690,0.4125
159691,0.35
159692,0.3825
159693,0.445
159694,0.6475
159695,0.425
159696,0.385
159697,0.435
159698,0.465
159699,0.58
159700,0.5475
159701,0.55
159702,0.415
159703,0.6625
159704,0.6125
159705,0.4625
159706,0.36
159707,0.39
159708,0.455
159709,0.4425
159710,0.3475
159711,0.53
159712,0.235
159713,0.4225
159714,0.415
159715,0.6125
159716,0.4925
159717,0.4375
159718,0.4675
159719,0.495
159720,0.54
159721,0.3825
159722,0.45
159723,0.5375
159724,0.6
159725,0.4825
159726,0.7575
159727,0.525
159728,0.475
159729,0.4425
159730,0.46
159731,0.4975
159732,0.5475
159733,0.415
159734,0.5475
159735,0.425
159736,0.645
159737,0.4525
159738,0.5875
159739,0.57
159740,0.42
159741,0.735
159742,0.5075
159743,0.73
159744,0.5025
159745,0.465
159746,0.5825
159747,0.5575
159748,0.41
159749,0.6925
159750,0.5075
159751,0.4
159752,0.6525
159753,0.2075
159754,0.535
159755,0.5575
159756,0.5525
159757,0.305
159758,0.4525
159759,0.405
159760,0.445
159761,0.4775
159762,0.35
159763,0.4275
159764,0.4725
159765,0.655
159766,0.44
159767,0.45
159768,0.5825
159769,0.5275
159770,0.515
159771,0.3975
159772,0.3825
159773,0.8375
159774,0.455
159775,0.6
159776,0.635
159777,0.51
159778,0.55
159779,0.3875
159780,0.3975
159781,0.6
159782,0.3825
159783,0.4925
159784,0.41
159785,0.565
159786,0.5875
159787,0.6775
159788,0.6
159789,0.59
159790,0.4925
159791,0.49
159792,0.5175
159793,0.535
159794,0.6275
159795,0.495
159796,0.485
159797,0.3475
159798,0.2875
159799,0.5125
159800,0.445
159801,0.435
159802,0.7725
159803,0.57
159804,0.45
159805,0.6725
159806,0.6075
159807,0.52
159808,0.4375
159809,0.545
159810,0.6325
159811,0.4425
159812,0.395
159813,0.4925
159814,0.525
159815,0.3875
159816,0.5525
159817,0.495
159818,0.47
159819,0.4475
159820,0.4825
159821,0.54
159822,0.4875
159823,0.5775
159824,0.3425
159825,0.42
159826,0.4525
159827,0.6175
159828,0.6425
159829,0.3725
159830,0.4975
159831,0.3225
159832,0.505
159833,0.45
159834,0.605
159835,0.57
159836,0.4375
159837,0.3475
159838,0.5975
159839,0.6925
159840,0.42
159841,0.5575
159842,0.3475
159843,0.39
159844,0.5475
159845,0.4525
159846,0.4475
159847,0.5525
159848,0.515
159849,0.425
159850,0.4375
159851,0.5475
159852,0.455
159853,0.5175
159854,0.49
159855,0.625
159856,0.535
159857,0.465
159858,0.64
159859,0.4925
159860,0.4025
159861,0.4425
159862,0.5625
159863,0.4375
159864,0.405
159865,0.485
159866,0.555
159867,0.6825
159868,0.4775
159869,0.49
159870,0.455
159871,0.5475
159872,0.46
159873,0.435
159874,0.42
159875,0.48
159876,0.4
159877,0.455
159878,0.535
159879,0.4175
159880,0.44
159881,0.4675
159882,0.52
159883,0.6725
159884,0.5025
159885,0.5375
159886,0.41
159887,0.37
159888,0.4775
159889,0.5575
159890,0.46
159891,0.4325
159892,0.44
159893,0.5975
159894,0.4725
159895,0.5575
159896,0.6
159897,0.405
159898,0.46
159899,0.595
159900,0.6175
159901,0.5975
159902,0.5375
159903,0.485
159904,0.5475
159905,0.44
159906,0.525
159907,0.5525
159908,0.485
159909,0.4775
159910,0.6925
159911,0.375
159912,0.4775
159913,0.3525
159914,0.4525
159915,0.4425
159916,0.4275
159917,0.6725
159918,0.4325
159919,0.6125
159920,0.6625
159921,0.5
159922,0.4925
159923,0.4375
159924,0.545
159925,0.4275
159926,0.41
159927,0.5975
159928,0.485
159929,0.47
159930,0.49
159931,0.4575
159932,0.4675
159933,0.3825
159934,0.4925
159935,0.4225
159936,0.4775
159937,0.605
159938,0.445
159939,0.4875
159940,0.5875
159941,0.49
159942,0.3425
159943,0.5425
159944,0.5225
159945,0.55
159946,0.4425
159947,0.405
159948,0.395
159949,0.365
159950,0.59
159951,0.325
159952,0.57
159953,0.455
159954,0.445
159955,0.6825
159956,0.6075
159957,0.3875
159958,0.48
159959,0.38
159960,0.28
159961,0.655
159962,0.585
159963,0.4175
159964,0.69
159965,0.415
159966,0.4575
159967,0.5375
159968,0.68
159969,0.555
159970,0.615
159971,0.4225
159972,0.46
159973,0.5125
159974,0.5725
159975,0.3925
159976,0.4175
159977,0.5425
159978,0.59
159979,0.485
159980,0.35
159981,0.4575
159982,0.5025
159983,0.4025
159984,0.5225
159985,0.4525
159986,0.435
159987,0.76
159988,0.66
159989,0.5925
159990,0.4
159991,0.3725
159992,0.46
159993,0.43
159994,0.55
159995,0.4775
159996,0.4325
159997,0.44
159998,0.6125
159999,0.66
160000,0.3825
160001,0.6425
160002,0.6
160003,0.4625
160004,0.56
160005,0.59
160006,0.555
160007,0.585
160008,0.575
160009,0.4825
160010,0.5075
160011,0.5775
160012,0.6025
160013,0.5325
160014,0.53
160015,0.3625
160016,0.48
160017,0.51
160018,0.4875
160019,0.5675
160020,0.645
160021,0.575
160022,0.5075
160023,0.3725
160024,0.44
160025,0.5125
160026,0.3775
160027,0.475
160028,0.6125
160029,0.615
160030,0.4875
160031,0.575
160032,0.515
160033,0.4875
160034,0.52
160035,0.515
160036,0.61
160037,0.45
160038,0.3275
160039,0.5675
160040,0.32
160041,0.4825
160042,0.5175
160043,0.36
160044,0.585
160045,0.64
160046,0.6475
160047,0.56
160048,0.4975
160049,0.445
160050,0.3825
160051,0.42
160052,0.49
160053,0.46
160054,0.565
160055,0.485
160056,0.4475
160057,0.375
160058,0.4725
160059,0.4125
160060,0.35
160061,0.6425
160062,0.55
160063,0.485
160064,0.485
160065,0.505
160066,0.46
160067,0.325
160068,0.515
160069,0.445
160070,0.4475
160071,0.4475
160072,0.5375
160073,0.54
160074,0.6425
160075,0.495
160076,0.455
160077,0.4575
160078,0.56
160079,0.4175
160080,0.3775
160081,0.51
160082,0.535
160083,0.64
160084,0.53
160085,0.4375
160086,0.4425
160087,0.53
160088,0.5275
160089,0.505
160090,0.3275
160091,0.575
160092,0.4825
160093,0.3525
160094,0.475
160095,0.305
160096,0.495
160097,0.41
160098,0.57
160099,0.5
160100,0.4025
160101,0.4925
160102,0.6
160103,0.4925
160104,0.5325
160105,0.575
160106,0.4725
160107,0.555
160108,0.3825
160109,0.455
160110,0.4675
160111,0.44
160112,0.4875
160113,0.735
160114,0.62
160115,0.465
160116,0.6125
160117,0.42
160118,0.7225
160119,0.5075
160120,0.4825
160121,0.4375
160122,0.4425
160123,0.59
160124,0.5
160125,0.355
160126,0.5825
160127,0.51
160128,0.4875
160129,0.3675
160130,0.4475
160131,0.405
160132,0.445
160133,0.515
160134,0.595
160135,0.5525
160136,0.4325
160137,0.7275
160138,0.35
160139,0.485
160140,0.5625
160141,0.6875
160142,0.55
160143,0.67
160144,0.625
160145,0.48
160146,0.45
160147,0.44
160148,0.5175
160149,0.5575
160150,0.47
160151,0.5025
160152,0.45
160153,0.3825
160154,0.4275
160155,0.43
160156,0.4925
160157,0.3625
160158,0.41
160159,0.525
160160,0.4275
160161,0.6475
160162,0.6875
160163,0.5125
160164,0.5525
160165,0.475
160166,0.4725
160167,0.4675
160168,0.4125
160169,0.535
160170,0.3975
160171,0.65
160172,0.6025
160173,0.455
160174,0.345
160175,0.6525
160176,0.4875
160177,0.6625
160178,0.515
160179,0.4225
160180,0.3375
160181,0.5325
160182,0.545
160183,0.6125
160184,0.36
160185,0.3575
160186,0.5925
160187,0.4625
160188,0.6575
160189,0.435
160190,0.5875
160191,0.5475
160192,0.6625
160193,0.46
160194,0.44
160195,0.5575
160196,0.54
160197,0.5175
160198,0.5225
160199,0.5375
160200,0.5075
160201,0.535
160202,0.525
160203,0.4725
160204,0.3725
160205,0.6975
160206,0.425
160207,0.4425
160208,0.45
160209,0.545
160210,0.3625
160211,0.5125
160212,0.4425
160213,0.65
160214,0.425
160215,0.4025
160216,0.455
160217,0.5525
160218,0.41
160219,0.515
160220,0.6
160221,0.5025
160222,0.3875
160223,0.545
160224,0.4125
160225,0.475
160226,0.4675
160227,0.3775
160228,0.62
160229,0.42
160230,0.4225
160231,0.4
160232,0.525
160233,0.4675
160234,0.48
160235,0.395
160236,0.405
160237,0.565
160238,0.2925
160239,0.5725
160240,0.4925
160241,0.49
160242,0.48
160243,0.5375
160244,0.45
160245,0.5175
160246,0.4675
160247,0.455
160248,0.58
160249,0.455
160250,0.5725
160251,0.4775
160252,0.54
160253,0.58
160254,0.3375
160255,0.69
160256,0.395
160257,0.67
160258,0.5525
160259,0.5025
160260,0.5425
160261,0.56
160262,0.7625
160263,0.6025
160264,0.3925
160265,0.5075
160266,0.4275
160267,0.5525
160268,0.5275
160269,0.3825
160270,0.4
160271,0.4375
160272,0.6275
160273,0.445
160274,0.4525
160275,0.5525
160276,0.41
160277,0.475
160278,0.2875
160279,0.5625
160280,0.4625
160281,0.4225
160282,0.44
160283,0.675
160284,0.6575
160285,0.545
160286,0.4775
160287,0.485
160288,0.3375
160289,0.4175
160290,0.535
160291,0.545
160292,0.46
160293,0.64
160294,0.5475
160295,0.4225
160296,0.5
160297,0.43
160298,0.4225
160299,0.5925
160300,0.595
160301,0.4725
160302,0.4825
160303,0.335
160304,0.375
160305,0.43
160306,0.4025
160307,0.6475
160308,0.47
160309,0.69
160310,0.4125
160311,0.6875
160312,0.625
160313,0.5975
160314,0.465
160315,0.45
160316,0.64
160317,0.4175
160318,0.395
160319,0.4925
160320,0.4925
160321,0.45
160322,0.5425
160323,0.5
160324,0.51
160325,0.44
160326,0.32
160327,0.5775
160328,0.6375
160329,0.63
160330,0.4625
160331,0.5775
160332,0.43
160333,0.4825
160334,0.5
160335,0.51
160336,0.5675
160337,0.5425
160338,0.615
160339,0.4375
160340,0.55
160341,0.375
160342,0.6
160343,0.5375
160344,0.4725
160345,0.56
160346,0.565
160347,0.4775
160348,0.6175
160349,0.5025
160350,0.495
160351,0.545
160352,0.51
160353,0.485
160354,0.5075
160355,0.405
160356,0.6325
160357,0.425
160358,0.525
160359,0.455
160360,0.4625
160361,0.2825
160362,0.435
160363,0.5175
160364,0.575
160365,0.435
160366,0.505
160367,0.5475
160368,0.4875
160369,0.55
160370,0.32
160371,0.525
160372,0.565
160373,0.485
160374,0.4325
160375,0.4
160376,0.4525
160377,0.5575
160378,0.44
160379,0.34
160380,0.4725
160381,0.48
160382,0.44
160383,0.5425
160384,0.4225
160385,0.545
160386,0.455
160387,0.5475
160388,0.71
160389,0.365
160390,0.345
160391,0.64
160392,0.4775
160393,0.4425
160394,0.485
160395,0.5675
160396,0.6075
160397,0.575
160398,0.4625
160399,0.41
160400,0.3625
160401,0.5075
160402,0.3975
160403,0.4375
160404,0.5475
160405,0.415
160406,0.3375
160407,0.46
160408,0.5225
160409,0.595
160410,0.475
160411,0.5275
160412,0.5425
160413,0.4925
160414,0.535
160415,0.545
160416,0.67
160417,0.455
160418,0.52
160419,0.4875
160420,0.46
160421,0.405
160422,0.5525
160423,0.47
160424,0.44
160425,0.5125
160426,0.5075
160427,0.4175
160428,0.53
160429,0.49
160430,0.51
160431,0.5175
160432,0.3975
160433,0.3425
160434,0.56
160435,0.355
160436,0.465
160437,0.535
160438,0.3925
160439,0.39
160440,0.47
160441,0.53
160442,0.37
160443,0.645
160444,0.6175
160445,0.585
160446,0.6875
160447,0.525
160448,0.575
160449,0.62
160450,0.65
160451,0.44
160452,0.4525
160453,0.535
160454,0.3375
160455,0.44
160456,0.415
160457,0.43
160458,0.6
160459,0.485
160460,0.485
160461,0.5225
160462,0.365
160463,0.5275
160464,0.5575
160465,0.6075
160466,0.3825
160467,0.33
160468,0.525
160469,0.5725
160470,0.4075
160471,0.7375
160472,0.5075
160473,0.3925
160474,0.415
160475,0.535
160476,0.52
160477,0.5425
160478,0.4375
160479,0.5125
160480,0.4875
160481,0.645
160482,0.6
160483,0.5
160484,0.5
160485,0.55
160486,0.55
160487,0.55
160488,0.5425
160489,0.5525
160490,0.56
160491,0.485
160492,0.4075
160493,0.4825
160494,0.5
160495,0.47
160496,0.48
160497,0.4975
160498,0.52
160499,0.45
160500,0.3725
160501,0.485
160502,0.445
160503,0.505
160504,0.4375
160505,0.6525
160506,0.445
160507,0.56
160508,0.4675
160509,0.5025
160510,0.495
160511,0.52
160512,0.43
160513,0.465
160514,0.52
160515,0.55
160516,0.49
160517,0.535
160518,0.4975
160519,0.665
160520,0.55
160521,0.465
160522,0.5225
160523,0.5575
160524,0.4575
160525,0.41
160526,0.5825
160527,0.4875
160528,0.5825
160529,0.51
160530,0.5575
160531,0.385
160532,0.5225
160533,0.515
160534,0.4775
160535,0.4975
160536,0.49
160537,0.4225
160538,0.5775
160539,0.365
160540,0.6225
160541,0.5575
160542,0.55
160543,0.3775
160544,0.4875
160545,0.4275
160546,0.4625
160547,0.435
160548,0.545
160549,0.38
160550,0.505
160551,0.4075
160552,0.5775
160553,0.42
160554,0.55
160555,0.43
160556,0.385
160557,0.5125
160558,0.51
160559,0.4275
160560,0.46
160561,0.4025
160562,0.405
160563,0.485
160564,0.3525
160565,0.4425
160566,0.605
160567,0.52
160568,0.455
160569,0.35
160570,0.615
160571,0.445
160572,0.4125
160573,0.635
160574,0.47
160575,0.3825
160576,0.35
160577,0.4925
160578,0.47
160579,0.5425
160580,0.545
160581,0.485
160582,0.53
160583,0.415
160584,0.5075
160585,0.5175
160586,0.4625
160587,0.5125
160588,0.455
160589,0.325
160590,0.44
160591,0.6125
160592,0.495
160593,0.4175
160594,0.5375
160595,0.445
160596,0.48
160597,0.56
160598,0.5575
160599,0.47
160600,0.4875
160601,0.5875
160602,0.515
160603,0.45
160604,0.405
160605,0.5675
160606,0.565
160607,0.535
160608,0.465
160609,0.55
160610,0.42
160611,0.52
160612,0.41
160613,0.46
160614,0.3525
160615,0.48
160616,0.4075
160617,0.7475
160618,0.6475
160619,0.415
160620,0.4875
160621,0.47
160622,0.4575
160623,0.385
160624,0.3575
160625,0.47
160626,0.545
160627,0.4875
160628,0.4025
160629,0.505
160630,0.65
160631,0.55
160632,0.6275
160633,0.73
160634,0.4
160635,0.585
160636,0.515
160637,0.4825
160638,0.6425
160639,0.5375
160640,0.4525
160641,0.46
160642,0.515
160643,0.4925
160644,0.5025
160645,0.4775
160646,0.5575
160647,0.4875
160648,0.635
160649,0.4625
160650,0.4525
160651,0.43
160652,0.5225
160653,0.515
160654,0.62
160655,0.4875
160656,0.38
160657,0.3375
160658,0.4525
160659,0.6475
160660,0.4075
160661,0.2975
160662,0.6
160663,0.475
160664,0.595
160665,0.555
160666,0.425
160667,0.4075
160668,0.495
160669,0.59
160670,0.4775
160671,0.43
160672,0.435
160673,0.595
160674,0.42
160675,0.5125
160676,0.4525
160677,0.47
160678,0.35
160679,0.54
160680,0.41
160681,0.5275
160682,0.4225
160683,0.3875
160684,0.535
160685,0.3475
160686,0.3825
160687,0.42
160688,0.48
160689,0.5175
160690,0.5375
160691,0.5075
160692,0.5925
160693,0.54
160694,0.4375
160695,0.5075
160696,0.6375
160697,0.515
160698,0.4425
160699,0.3525
160700,0.425
160701,0.59
160702,0.6025
160703,0.5825
160704,0.645
160705,0.4025
160706,0.68
160707,0.44
160708,0.4375
160709,0.4525
160710,0.6725
160711,0.4575
160712,0.485
160713,0.6025
160714,0.61
160715,0.4075
160716,0.5725
160717,0.5875
160718,0.4825
160719,0.66
160720,0.44
160721,0.515
160722,0.4775
160723,0.4475
160724,0.65
160725,0.5725
160726,0.335
160727,0.4075
160728,0.3725
160729,0.4875
160730,0.3225
160731,0.47
160732,0.5425
160733,0.3725
160734,0.465
160735,0.525
160736,0.505
160737,0.515
160738,0.4425
160739,0.4975
160740,0.5575
160741,0.435
160742,0.44
160743,0.465
160744,0.4225
160745,0.485
160746,0.505
160747,0.465
160748,0.5575
160749,0.63
160750,0.6
160751,0.445
160752,0.43
160753,0.48
160754,0.5725
160755,0.4325
160756,0.5325
160757,0.55
160758,0.4075
160759,0.5475
160760,0.4325
160761,0.455
160762,0.3625
160763,0.64
160764,0.34
160765,0.42
160766,0.4675
160767,0.4225
160768,0.325
160769,0.4725
160770,0.545
160771,0.545
160772,0.4225
160773,0.44
160774,0.535
160775,0.3925
160776,0.505
160777,0.525
160778,0.43
160779,0.535
160780,0.4625
160781,0.435
160782,0.3825
160783,0.44
160784,0.515
160785,0.37
160786,0.62
160787,0.3825
160788,0.64
160789,0.46
160790,0.54
160791,0.6075
160792,0.405
160793,0.505
160794,0.5425
160795,0.57
160796,0.435
160797,0.3875
160798,0.4725
160799,0.5075
160800,0.4675
160801,0.7125
160802,0.4575
160803,0.5225
160804,0.3925
160805,0.53
160806,0.5725
160807,0.3975
160808,0.3175
160809,0.5575
160810,0.4925
160811,0.3525
160812,0.3525
160813,0.5425
160814,0.4975
160815,0.5175
160816,0.45
160817,0.47
160818,0.4075
160819,0.4
160820,0.745
160821,0.475
160822,0.4925
160823,0.34
160824,0.3725
160825,0.3825
160826,0.4325
160827,0.48
160828,0.4925
160829,0.4275
160830,0.4825
160831,0.4
160832,0.4875
160833,0.37
160834,0.3925
160835,0.35
160836,0.4675
160837,0.465
160838,0.4625
160839,0.3875
160840,0.4325
160841,0.405
160842,0.505
160843,0.4225
160844,0.51
160845,0.3675
160846,0.44
160847,0.4875
160848,0.48
160849,0.5925
160850,0.495
160851,0.44
160852,0.5925
160853,0.5775
160854,0.5525
160855,0.5225
160856,0.5
160857,0.59
160858,0.425
160859,0.35
160860,0.3375
160861,0.6025
160862,0.3625
160863,0.3625
160864,0.675
160865,0.525
160866,0.63
160867,0.3775
160868,0.42
160869,0.47
160870,0.5225
160871,0.555
160872,0.4025
160873,0.4625
160874,0.505
160875,0.5225
160876,0.4
160877,0.5775
160878,0.35
160879,0.48
160880,0.5275
160881,0.4225
160882,0.5725
160883,0.405
160884,0.56
160885,0.695
160886,0.565
160887,0.5525
160888,0.385
160889,0.395
160890,0.4875
160891,0.465
160892,0.4975
160893,0.4925
160894,0.51
160895,0.5025
160896,0.5125
160897,0.3
160898,0.4675
160899,0.6075
160900,0.4975
160901,0.5725
160902,0.66
160903,0.685
160904,0.4525
160905,0.38
160906,0.5075
160907,0.495
160908,0.655
160909,0.455
160910,0.4575
160911,0.4475
160912,0.5725
160913,0.555
160914,0.385
160915,0.3825
160916,0.725
160917,0.5475
160918,0.5375
160919,0.4475
160920,0.4775
160921,0.415
160922,0.515
160923,0.365
160924,0.6675
160925,0.6275
160926,0.4575
160927,0.645
160928,0.7925
160929,0.3775
160930,0.6075
160931,0.4175
160932,0.5125
160933,0.445
160934,0.4775
160935,0.59
160936,0.4325
160937,0.455
160938,0.51
160939,0.5025
160940,0.37
160941,0.59
160942,0.42
160943,0.455
160944,0.675
160945,0.595
160946,0.36
160947,0.66
160948,0.38
160949,0.325
160950,0.6025
160951,0.485
160952,0.4125
160953,0.53
160954,0.385
160955,0.34
160956,0.4025
160957,0.5875
160958,0.705
160959,0.6275
160960,0.455
160961,0.44
160962,0.5825
160963,0.42
160964,0.4975
160965,0.6375
160966,0.37
160967,0.3675
160968,0.6175
160969,0.46
160970,0.4675
160971,0.5675
160972,0.6175
160973,0.515
160974,0.44
160975,0.5575
160976,0.5475
160977,0.5025
160978,0.38
160979,0.4275
160980,0.4625
160981,0.3675
160982,0.425
160983,0.535
160984,0.7075
160985,0.51
160986,0.46
160987,0.3375
160988,0.5375
160989,0.565
160990,0.4675
160991,0.37
160992,0.3925
160993,0.4875
160994,0.5925
160995,0.4
160996,0.3725
160997,0.485
160998,0.3825
160999,0.5275
161000,0.4825
161001,0.57
161002,0.545
161003,0.4925
161004,0.5325
161005,0.475
161006,0.4325
161007,0.4225
161008,0.43
161009,0.385
161010,0.5275
161011,0.48
161012,0.4525
161013,0.4675
161014,0.475
161015,0.41
161016,0.495
161017,0.485
161018,0.4825
161019,0.4525
161020,0.5025
161021,0.525
161022,0.5275
161023,0.51
161024,0.7125
161025,0.38
161026,0.4875
161027,0.405
161028,0.45
161029,0.3925
161030,0.3675
161031,0.5325
161032,0.4725
161033,0.455
161034,0.4225
161035,0.44
161036,0.635
161037,0.445
161038,0.5175
161039,0.5325
161040,0.5425
161041,0.425
161042,0.4075
161043,0.4625
161044,0.5675
161045,0.6825
161046,0.495
161047,0.5225
161048,0.43
161049,0.555
161050,0.52
161051,0.4125
161052,0.42
161053,0.6075
161054,0.46
161055,0.46
161056,0.2825
161057,0.485
161058,0.53
161059,0.5125
161060,0.5275
161061,0.44
161062,0.4975
161063,0.51
161064,0.5475
161065,0.4
161066,0.5525
161067,0.555
161068,0.5875
161069,0.6175
161070,0.565
161071,0.5525
161072,0.56
161073,0.53
161074,0.4125
161075,0.5
161076,0.36
161077,0.385
161078,0.775
161079,0.435
161080,0.445
161081,0.2975
161082,0.6775
161083,0.54
161084,0.495
161085,0.355
161086,0.5125
161087,0.42
161088,0.34
161089,0.42
161090,0.625
161091,0.3675
161092,0.53
161093,0.4225
161094,0.5775
161095,0.4625
161096,0.55
161097,0.3825
161098,0.4
161099,0.4925
161100,0.605
161101,0.4225
161102,0.5575
161103,0.45
161104,0.47
161105,0.6525
161106,0.4575
161107,0.525
161108,0.5
161109,0.5125
161110,0.5775
161111,0.65
161112,0.465
161113,0.4075
161114,0.525
161115,0.5775
161116,0.575
161117,0.4925
161118,0.4175
161119,0.5175
161120,0.615
161121,0.465
161122,0.4575
161123,0.43
161124,0.535
161125,0.5075
161126,0.48
161127,0.385
161128,0.48
161129,0.5275
161130,0.575
161131,0.505
161132,0.53
161133,0.5
161134,0.4975
161135,0.42
161136,0.4125
161137,0.46
161138,0.67
161139,0.55
161140,0.4525
161141,0.5
161142,0.5225
161143,0.5625
161144,0.3925
161145,0.47
161146,0.46
161147,0.535
161148,0.5275
161149,0.455
161150,0.395
161151,0.5025
161152,0.625
161153,0.485
161154,0.53
161155,0.55
161156,0.4075
161157,0.375
161158,0.42
161159,0.7
161160,0.36
161161,0.5875
161162,0.395
161163,0.5225
161164,0.4425
161165,0.565
161166,0.42
161167,0.47
161168,0.4125
161169,0.4225
161170,0.4575
161171,0.5175
161172,0.495
161173,0.4075
161174,0.505
161175,0.5425
161176,0.455
161177,0.4375
161178,0.535
161179,0.4075
161180,0.5
161181,0.4725
161182,0.6175
161183,0.42
161184,0.4675
161185,0.4175
161186,0.52
161187,0.4725
161188,0.585
161189,0.445
161190,0.575
161191,0.4025
161192,0.4875
161193,0.43
161194,0.525
161195,0.455
161196,0.52
161197,0.5675
161198,0.6025
161199,0.43
161200,0.4775
161201,0.4775
161202,0.51
161203,0.5575
161204,0.4325
161205,0.465
161206,0.475
161207,0.4475
161208,0.495
161209,0.4875
161210,0.5575
161211,0.5925
161212,0.4525
161213,0.495
161214,0.5975
161215,0.48
161216,0.4375
161217,0.58
161218,0.4975
161219,0.5325
161220,0.585
161221,0.47
161222,0.4375
161223,0.6425
161224,0.5225
161225,0.4225
161226,0.5475
161227,0.505
161228,0.4325
161229,0.5475
161230,0.52
161231,0.6375
161232,0.525
161233,0.66
161234,0.63
161235,0.685
161236,0.46
161237,0.485
161238,0.5125
161239,0.535
161240,0.425
161241,0.625
161242,0.5325
161243,0.4975
161244,0.48
161245,0.4525
161246,0.4375
161247,0.495
161248,0.4575
161249,0.46
161250,0.505
161251,0.5125
161252,0.3475
161253,0.3675
161254,0.415
161255,0.465
161256,0.56
161257,0.5425
161258,0.7175
161259,0.7125
161260,0.51
161261,0.49
161262,0.54
161263,0.4975
161264,0.4375
161265,0.2975
161266,0.455
161267,0.5525
161268,0.5325
161269,0.4425
161270,0.505
161271,0.4825
161272,0.4775
161273,0.5075
161274,0.3175
161275,0.6125
161276,0.655
161277,0.5025
161278,0.465
161279,0.53
161280,0.665
161281,0.705
161282,0.5825
161283,0.51
161284,0.535
161285,0.57
161286,0.45
161287,0.5575
161288,0.76
161289,0.6175
161290,0.515
161291,0.32
161292,0.4675
161293,0.42
161294,0.53
161295,0.46
161296,0.53
161297,0.5125
161298,0.5875
161299,0.465
161300,0.6225
161301,0.4475
161302,0.59
161303,0.4625
161304,0.4475
161305,0.5
161306,0.45
161307,0.385
161308,0.405
161309,0.7075
161310,0.415
161311,0.5375
161312,0.565
161313,0.3775
161314,0.4575
161315,0.5375
161316,0.535
161317,0.6225
161318,0.4875
161319,0.565
161320,0.5175
161321,0.5625
161322,0.5875
161323,0.45
161324,0.3675
161325,0.4425
161326,0.4025
161327,0.3925
161328,0.4225
161329,0.655
161330,0.41
161331,0.565
161332,0.3
161333,0.5175
161334,0.525
161335,0.405
161336,0.65
161337,0.495
161338,0.4625
161339,0.46
161340,0.375
161341,0.59
161342,0.5375
161343,0.4025
161344,0.415
161345,0.5725
161346,0.58
161347,0.5575
161348,0.455
161349,0.3575
161350,0.615
161351,0.455
161352,0.5125
161353,0.535
161354,0.595
161355,0.4125
161356,0.435
161357,0.3825
161358,0.47
161359,0.5375
161360,0.505
161361,0.6125
161362,0.5025
161363,0.5575
161364,0.385
161365,0.565
161366,0.4825
161367,0.545
161368,0.6025
161369,0.4875
161370,0.4125
161371,0.4325
161372,0.6025
161373,0.435
161374,0.555
161375,0.4225
161376,0.5
161377,0.6275
161378,0.5575
161379,0.49
161380,0.385
161381,0.4625
161382,0.3825
161383,0.57
161384,0.555
161385,0.525
161386,0.32
161387,0.5575
161388,0.36
161389,0.43
161390,0.44
161391,0.655
161392,0.5975
161393,0.5125
161394,0.505
161395,0.45
161396,0.53
161397,0.6375
161398,0.5675
161399,0.54
161400,0.35
161401,0.6125
161402,0.46
161403,0.5475
161404,0.495
161405,0.4225
161406,0.5025
161407,0.41
161408,0.4475
161409,0.46
161410,0.51
161411,0.4375
161412,0.46
161413,0.495
161414,0.4375
161415,0.4325
161416,0.6125
161417,0.5
161418,0.555
161419,0.59
161420,0.535
161421,0.5225
161422,0.48
161423,0.4925
161424,0.605
161425,0.4475
161426,0.4725
161427,0.44
161428,0.45
161429,0.4725
161430,0.5025
161431,0.41
161432,0.49
161433,0.57
161434,0.3225
161435,0.45
161436,0.505
161437,0.3875
161438,0.5175
161439,0.4425
161440,0.4275
161441,0.41
161442,0.305
161443,0.485
161444,0.465
161445,0.4525
161446,0.4525
161447,0.4725
161448,0.6825
161449,0.6225
161450,0.6375
161451,0.4475
161452,0.38
161453,0.5975
161454,0.595
161455,0.5075
161456,0.57
161457,0.4875
161458,0.4
161459,0.41
161460,0.445
161461,0.475
161462,0.415
161463,0.535
161464,0.6
161465,0.3875
161466,0.2925
161467,0.535
161468,0.4175
161469,0.4375
161470,0.405
161471,0.5575
161472,0.5475
161473,0.565
161474,0.6525
161475,0.505
161476,0.495
161477,0.4475
161478,0.53
161479,0.5825
161480,0.4175
161481,0.4475
161482,0.39
161483,0.4625
161484,0.5225
161485,0.4425
161486,0.3975
161487,0.4825
161488,0.465
161489,0.595
161490,0.71
161491,0.5025
161492,0.58
161493,0.42
161494,0.6375
161495,0.4
161496,0.55
161497,0.4325
161498,0.465
161499,0.605
161500,0.4525
161501,0.3575
161502,0.4875
161503,0.4975
161504,0.445
161505,0.63
161506,0.58
161507,0.465
161508,0.335
161509,0.51
161510,0.5175
161511,0.56
161512,0.6225
161513,0.41
161514,0.485
161515,0.4575
161516,0.555
161517,0.49
161518,0.5475
161519,0.5425
161520,0.5275
161521,0.565
161522,0.4925
161523,0.5875
161524,0.4025
161525,0.46
161526,0.42
161527,0.4775
161528,0.365
161529,0.39
161530,0.48
161531,0.5125
161532,0.5225
161533,0.61
161534,0.4125
161535,0.5575
161536,0.81
161537,0.66
161538,0.385
161539,0.57
161540,0.445
161541,0.4775
161542,0.4275
161543,0.8075
161544,0.4425
161545,0.425
161546,0.46
161547,0.595
161548,0.5375
161549,0.4225
161550,0.515
161551,0.535
161552,0.435
161553,0.4425
161554,0.2425
161555,0.52
161556,0.575
161557,0.415
161558,0.365
161559,0.7075
161560,0.3825
161561,0.465
161562,0.3775
161563,0.5
161564,0.4275
161565,0.6325
161566,0.505
161567,0.505
161568,0.685
161569,0.6025
161570,0.5275
161571,0.635
161572,0.685
161573,0.3975
161574,0.5325
161575,0.6425
161576,0.4825
161577,0.3475
161578,0.5575
161579,0.6275
161580,0.4325
161581,0.455
161582,0.455
161583,0.615
161584,0.52
161585,0.43
161586,0.4
161587,0.5575
161588,0.4725
161589,0.4375
161590,0.3925
161591,0.3975
161592,0.455
161593,0.555
161594,0.5375
161595,0.65
161596,0.3975
161597,0.5175
161598,0.59
161599,0.58
161600,0.535
161601,0.505
161602,0.615
161603,0.4375
161604,0.6625
161605,0.53
161606,0.5925
161607,0.6175
161608,0.5025
161609,0.47
161610,0.445
161611,0.4125
161612,0.5
161613,0.42
161614,0.57
161615,0.4825
161616,0.47
161617,0.475
161618,0.495
161619,0.3625
161620,0.4225
161621,0.5225
161622,0.405
161623,0.595
161624,0.5275
161625,0.4525
161626,0.555
161627,0.475
161628,0.4075
161629,0.465
161630,0.6625
161631,0.745
161632,0.46
161633,0.4675
161634,0.515
161635,0.4725
161636,0.4275
161637,0.405
161638,0.58
161639,0.5925
161640,0.535
161641,0.3775
161642,0.445
161643,0.53
161644,0.5225
161645,0.475
161646,0.4975
161647,0.515
161648,0.6075
161649,0.4675
161650,0.4875
161651,0.5425
161652,0.45
161653,0.5375
161654,0.44
161655,0.7175
161656,0.4925
161657,0.6725
161658,0.565
161659,0.5375
161660,0.3625
161661,0.51
161662,0.4975
161663,0.56
161664,0.48
161665,0.4625
161666,0.5
161667,0.6075
161668,0.585
161669,0.45
161670,0.5175
161671,0.5525
161672,0.4125
161673,0.555
161674,0.4325
161675,0.68
161676,0.4425
161677,0.42
161678,0.4975
161679,0.3775
161680,0.4725
161681,0.58
161682,0.3425
161683,0.4375
161684,0.4625
161685,0.4275
161686,0.5425
161687,0.4775
161688,0.4475
161689,0.4
161690,0.4475
161691,0.4375
161692,0.4125
161693,0.4
161694,0.4525
161695,0.4225
161696,0.5225
161697,0.55
161698,0.38
161699,0.6825
161700,0.5075
161701,0.48
161702,0.5125
161703,0.475
161704,0.4375
161705,0.395
161706,0.455
161707,0.455
161708,0.5125
161709,0.535
161710,0.6
161711,0.415
161712,0.4325
161713,0.53
161714,0.475
161715,0.495
161716,0.39
161717,0.5475
161718,0.62
161719,0.4125
161720,0.5525
161721,0.3925
161722,0.445
161723,0.545
161724,0.5875
161725,0.415
161726,0.47
161727,0.4925
161728,0.375
161729,0.5975
161730,0.44
161731,0.3775
161732,0.59
161733,0.53
161734,0.4675
161735,0.3475
161736,0.6875
161737,0.475
161738,0.5825
161739,0.4625
161740,0.475
161741,0.54
161742,0.54
161743,0.67
161744,0.375
161745,0.535
161746,0.5675
161747,0.5525
161748,0.5675
161749,0.4825
161750,0.52
161751,0.4575
161752,0.4425
161753,0.445
161754,0.38
161755,0.585
161756,0.42
161757,0.495
161758,0.4625
161759,0.3925
161760,0.6125
161761,0.3675
161762,0.6525
161763,0.5375
161764,0.385
161765,0.6275
161766,0.455
161767,0.595
161768,0.335
161769,0.5425
161770,0.4175
161771,0.4675
161772,0.535
161773,0.4275
161774,0.48
161775,0.6
161776,0.52
161777,0.6925
161778,0.5825
161779,0.4825
161780,0.595
161781,0.4525
161782,0.615
161783,0.1625
161784,0.4475
161785,0.6
161786,0.425
161787,0.4425
161788,0.62
161789,0.4675
161790,0.61
161791,0.35
161792,0.44
161793,0.67
161794,0.65
161795,0.4375
161796,0.5375
161797,0.5075
161798,0.495
161799,0.4025
161800,0.6375
161801,0.57
161802,0.415
161803,0.49
161804,0.4525
161805,0.495
161806,0.3
161807,0.45
161808,0.415
161809,0.41
161810,0.415
161811,0.545
161812,0.6775
161813,0.4275
161814,0.455
161815,0.425
161816,0.5275
161817,0.3825
161818,0.57
161819,0.6175
161820,0.4975
161821,0.565
161822,0.52
161823,0.5675
161824,0.5775
161825,0.64
161826,0.5125
161827,0.4
161828,0.3725
161829,0.4575
161830,0.5175
161831,0.37
161832,0.6125
161833,0.5525
161834,0.4675
161835,0.705
161836,0.5675
161837,0.5225
161838,0.4775
161839,0.4175
161840,0.4075
161841,0.445
161842,0.4475
161843,0.3
161844,0.5575
161845,0.46
161846,0.425
161847,0.4475
161848,0.4175
161849,0.38
161850,0.4675
161851,0.4125
161852,0.4825
161853,0.5025
161854,0.56
161855,0.5775
161856,0.5625
161857,0.405
161858,0.4875
161859,0.4225
161860,0.4725
161861,0.6675
161862,0.4375
161863,0.5275
161864,0.48
161865,0.4225
161866,0.4625
161867,0.4425
161868,0.495
161869,0.5825
161870,0.5525
161871,0.495
161872,0.5175
161873,0.3225
161874,0.4725
161875,0.44
161876,0.5
161877,0.39
161878,0.5775
161879,0.48
161880,0.46
161881,0.525
161882,0.42
161883,0.4225
161884,0.57
161885,0.4025
161886,0.5375
161887,0.44
161888,0.565
161889,0.475
161890,0.675
161891,0.5975
161892,0.4675
161893,0.3975
161894,0.485
161895,0.47
161896,0.4275
161897,0.6325
161898,0.4975
161899,0.5525
161900,0.625
161901,0.585
161902,0.36
161903,0.59
161904,0.4475
161905,0.6775
161906,0.63
161907,0.5425
161908,0.69
161909,0.4625
161910,0.6625
161911,0.5625
161912,0.415
161913,0.565
161914,0.4325
161915,0.445
161916,0.485
161917,0.4075
161918,0.43
161919,0.5425
161920,0.615
161921,0.5675
161922,0.5125
161923,0.3725
161924,0.425
161925,0.5975
161926,0.5575
161927,0.5025
161928,0.4275
161929,0.5
161930,0.545
161931,0.47
161932,0.485
161933,0.4975
161934,0.49
161935,0.5825
161936,0.6
161937,0.4125
161938,0.58
161939,0.5925
161940,0.5075
161941,0.475
161942,0.5675
161943,0.5775
161944,0.535
161945,0.415
161946,0.54
161947,0.5975
161948,0.455
161949,0.47
161950,0.5025
161951,0.3425
161952,0.445
161953,0.4575
161954,0.4825
161955,0.44
161956,0.5825
161957,0.53
161958,0.5075
161959,0.4675
161960,0.5175
161961,0.475
161962,0.6625
161963,0.565
161964,0.48
161965,0.555
161966,0.5175
161967,0.675
161968,0.4175
161969,0.46
161970,0.615
161971,0.4325
161972,0.3625
161973,0.4425
161974,0.3775
161975,0.3925
161976,0.45
161977,0.665
161978,0.5725
161979,0.5275
161980,0.635
161981,0.42
161982,0.485
161983,0.4475
161984,0.41
161985,0.4125
161986,0.615
161987,0.48
161988,0.43
161989,0.4675
161990,0.68
161991,0.53
161992,0.61
161993,0.63
161994,0.475
161995,0.5
161996,0.405
161997,0.435
161998,0.4225
161999,0.4725
162000,0.6475
162001,0.44
162002,0.3625
162003,0.2725
162004,0.4775
162005,0.3325
162006,0.465
162007,0.4175
162008,0.4775
162009,0.6375
162010,0.5425
162011,0.57
162012,0.5325
162013,0.515
162014,0.545
162015,0.5225
162016,0.3975
162017,0.59
162018,0.525
162019,0.635
162020,0.43
162021,0.54
162022,0.48
162023,0.485
162024,0.4275
162025,0.355
162026,0.65
162027,0.58
162028,0.55
162029,0.4275
162030,0.5425
162031,0.4475
162032,0.5775
162033,0.615
162034,0.5425
162035,0.3775
162036,0.46
162037,0.5175
162038,0.4825
162039,0.6075
162040,0.6575
162041,0.4975
162042,0.375
162043,0.5125
162044,0.3925
162045,0.445
162046,0.4425
162047,0.39
162048,0.4475
162049,0.475
162050,0.2925
162051,0.33
162052,0.425
162053,0.49
162054,0.4525
162055,0.6
162056,0.4925
162057,0.4775
162058,0.6225
162059,0.43
162060,0.47
162061,0.5275
162062,0.42
162063,0.43
162064,0.685
162065,0.5825
162066,0.4775
162067,0.56
162068,0.405
162069,0.375
162070,0.4275
162071,0.365
162072,0.435
162073,0.4725
162074,0.51
162075,0.41
162076,0.39
162077,0.4775
162078,0.425
162079,0.3625
162080,0.4025
162081,0.4575
162082,0.58
162083,0.4325
162084,0.49
162085,0.41
162086,0.535
162087,0.4625
162088,0.4125
162089,0.5575
162090,0.625
162091,0.705
162092,0.565
162093,0.59
162094,0.56
162095,0.525
162096,0.3925
162097,0.6425
162098,0.4975
162099,0.49
162100,0.4875
162101,0.515
162102,0.6775
162103,0.5975
162104,0.3675
162105,0.5
162106,0.385
162107,0.65
162108,0.46
162109,0.41
162110,0.525
162111,0.4325
162112,0.3775
162113,0.43
162114,0.35
162115,0.5475
162116,0.5225
162117,0.49
162118,0.575
162119,0.61
162120,0.42
162121,0.51
162122,0.645
162123,0.505
162124,0.5625
162125,0.4675
162126,0.65
162127,0.5675
162128,0.42
162129,0.5575
162130,0.51
162131,0.4825
162132,0.5875
162133,0.4275
162134,0.5625
162135,0.4975
162136,0.45
162137,0.485
162138,0.5125
162139,0.4925
162140,0.46
162141,0.45
162142,0.6575
162143,0.44
162144,0.66
162145,0.71
162146,0.555
162147,0.3075
162148,0.56
162149,0.355
162150,0.6175
162151,0.4225
162152,0.5325
162153,0.4525
162154,0.4725
162155,0.4875
162156,0.5375
162157,0.57
162158,0.66
162159,0.6275
162160,0.53
162161,0.49
162162,0.625
162163,0.6025
162164,0.455
162165,0.4425
162166,0.355
162167,0.6075
162168,0.5875
162169,0.58
162170,0.3375
162171,0.5375
162172,0.6875
162173,0.61
162174,0.6225
162175,0.4175
162176,0.5275
162177,0.5525
162178,0.495
162179,0.4475
162180,0.49
162181,0.5675
162182,0.5175
162183,0.4375
162184,0.5675
162185,0.4575
162186,0.455
162187,0.565
162188,0.5425
162189,0.4325
162190,0.745
162191,0.4675
162192,0.435
162193,0.5125
162194,0.645
162195,0.6575
162196,0.51
162197,0.365
162198,0.5375
162199,0.535
162200,0.3925
162201,0.5625
162202,0.4675
162203,0.59
162204,0.6225
162205,0.4825
162206,0.565
162207,0.465
162208,0.4725
162209,0.4175
162210,0.52
162211,0.7125
162212,0.365
162213,0.53
162214,0.6075
162215,0.445
162216,0.65
162217,0.4475
162218,0.4525
162219,0.595
162220,0.4475
162221,0.5025
162222,0.4725
162223,0.635
162224,0.6
162225,0.485
162226,0.51
162227,0.4475
162228,0.4525
162229,0.3925
162230,0.425
162231,0.5275
162232,0.5325
162233,0.5375
162234,0.745
162235,0.435
162236,0.51
162237,0.4125
162238,0.36
162239,0.4675
162240,0.6525
162241,0.5525
162242,0.595
162243,0.49
162244,0.5475
162245,0.43
162246,0.7225
162247,0.5975
162248,0.5225
162249,0.57
162250,0.5525
162251,0.465
162252,0.3875
162253,0.34
162254,0.3625
162255,0.4475
162256,0.5025
162257,0.48
162258,0.4425
162259,0.46
162260,0.4675
162261,0.4225
162262,0.465
162263,0.4475
162264,0.705
162265,0.4225
162266,0.665
162267,0.3925
162268,0.4475
162269,0.59
162270,0.4525
162271,0.4925
162272,0.49
162273,0.73
162274,0.3875
162275,0.5975
162276,0.5875
162277,0.535
162278,0.5375
162279,0.5925
162280,0.58
162281,0.5825
162282,0.46
162283,0.525
162284,0.415
162285,0.5525
162286,0.44
162287,0.4875
162288,0.54
162289,0.6375
162290,0.4675
162291,0.4125
162292,0.4575
162293,0.59
162294,0.355
162295,0.4525
162296,0.56
162297,0.6
162298,0.515
162299,0.6425
162300,0.58
162301,0.4875
162302,0.33
162303,0.6875
162304,0.375
162305,0.5225
162306,0.5675
162307,0.44
162308,0.55
162309,0.6125
162310,0.4775
162311,0.4075
162312,0.475
162313,0.535
162314,0.52
162315,0.5625
162316,0.3825
162317,0.37
162318,0.6075
162319,0.555
162320,0.5775
162321,0.51
162322,0.4375
162323,0.6325
162324,0.74
162325,0.59
162326,0.43
162327,0.475
162328,0.41
162329,0.4
162330,0.535
162331,0.535
162332,0.51
162333,0.515
162334,0.4225
162335,0.515
162336,0.4825
162337,0.5075
162338,0.7125
162339,0.4225
162340,0.56
162341,0.4175
162342,0.47
162343,0.4725
162344,0.465
162345,0.27
162346,0.5225
162347,0.4675
162348,0.7875
162349,0.64
162350,0.5425
162351,0.5775
162352,0.325
162353,0.4
162354,0.4
162355,0.5625
162356,0.6075
162357,0.6025
162358,0.425
162359,0.425
162360,0.4525
162361,0.51
162362,0.575
162363,0.5075
162364,0.5425
162365,0.3675
162366,0.465
162367,0.52
162368,0.63
162369,0.5125
162370,0.56
162371,0.37
162372,0.58
162373,0.3525
162374,0.5625
162375,0.4775
162376,0.6275
162377,0.76
162378,0.54
162379,0.49
162380,0.5075
162381,0.5525
162382,0.5025
162383,0.3875
162384,0.4675
162385,0.4825
162386,0.4775
162387,0.4175
162388,0.485
162389,0.5575
162390,0.5575
162391,0.495
162392,0.5125
162393,0.57
162394,0.6275
162395,0.4725
162396,0.535
162397,0.5475
162398,0.49
162399,0.575
162400,0.365
162401,0.4725
162402,0.4825
162403,0.5175
162404,0.415
162405,0.4975
162406,0.505
162407,0.43
162408,0.51
162409,0.31
162410,0.51
162411,0.3475
162412,0.4825
162413,0.5225
162414,0.5575
162415,0.5425
162416,0.4125
162417,0.6175
162418,0.5575
162419,0.5725
162420,0.355
162421,0.5875
162422,0.4925
162423,0.4075
162424,0.5025
162425,0.46
162426,0.3975
162427,0.4725
162428,0.315
162429,0.565
162430,0.56
162431,0.4725
162432,0.375
162433,0.74
162434,0.5125
162435,0.525
162436,0.3925
162437,0.48
162438,0.53
162439,0.485
162440,0.5125
162441,0.565
162442,0.495
162443,0.4775
162444,0.61
162445,0.38
162446,0.4325
162447,0.455
162448,0.41
162449,0.5975
162450,0.4225
162451,0.3925
162452,0.635
162453,0.635
162454,0.5125
162455,0.335
162456,0.6175
162457,0.4025
162458,0.575
162459,0.52
162460,0.5125
162461,0.4075
162462,0.48
162463,0.5025
162464,0.4625
162465,0.5125
162466,0.465
162467,0.395
162468,0.41
162469,0.6
162470,0.4825
162471,0.51
162472,0.315
162473,0.4675
162474,0.4875
162475,0.465
162476,0.4525
162477,0.435
162478,0.4925
162479,0.555
162480,0.47
162481,0.675
162482,0.5525
162483,0.485
162484,0.4875
162485,0.49
162486,0.465
162487,0.3775
162488,0.3475
162489,0.4875
162490,0.39
162491,0.6025
162492,0.44
162493,0.6175
162494,0.3225
162495,0.555
162496,0.5925
162497,0.3725
162498,0.3875
162499,0.415
162500,0.4125
162501,0.5075
162502,0.355
162503,0.235
162504,0.6825
162505,0.4075
162506,0.36
162507,0.3725
162508,0.3
162509,0.5825
162510,0.6175
162511,0.5675
162512,0.675
162513,0.5275
162514,0.4975
162515,0.495
162516,0.555
162517,0.3925
162518,0.455
162519,0.525
162520,0.5025
162521,0.6025
162522,0.74
162523,0.5825
162524,0.5775
162525,0.4825
162526,0.5425
162527,0.345
162528,0.535
162529,0.46
162530,0.41
162531,0.38
162532,0.55
162533,0.545
162534,0.4675
162535,0.49
162536,0.375
162537,0.43
162538,0.4975
162539,0.67
162540,0.5225
162541,0.4575
162542,0.7625
162543,0.435
162544,0.6725
162545,0.4675
162546,0.53
162547,0.4725
162548,0.3975
162549,0.5775
162550,0.455
162551,0.4375
162552,0.5175
162553,0.705
162554,0.475
162555,0.55
162556,0.5225
162557,0.4325
162558,0.4975
162559,0.405
162560,0.35
162561,0.4725
162562,0.6325
162563,0.405
162564,0.34
162565,0.535
162566,0.505
162567,0.5225
162568,0.5
162569,0.4175
162570,0.57
162571,0.44
162572,0.53
162573,0.4575
162574,0.4525
162575,0.53
162576,0.4875
162577,0.53
162578,0.585
162579,0.56
162580,0.3975
162581,0.4325
162582,0.6425
162583,0.5475
162584,0.645
162585,0.585
162586,0.3475
162587,0.385
162588,0.4225
162589,0.3375
162590,0.58
162591,0.4
162592,0.5875
162593,0.4325
162594,0.47
162595,0.38
162596,0.3725
162597,0.47
162598,0.4875
162599,0.455
162600,0.5075
162601,0.635
162602,0.45
162603,0.365
162604,0.5175
162605,0.53
162606,0.4575
162607,0.4575
162608,0.455
162609,0.4125
162610,0.485
162611,0.415
162612,0.4975
162613,0.51
162614,0.49
162615,0.51
162616,0.4925
162617,0.3475
162618,0.4725
162619,0.2675
162620,0.435
162621,0.6025
162622,0.42
162623,0.4875
162624,0.67
162625,0.6225
162626,0.5175
162627,0.47
162628,0.675
162629,0.51
162630,0.5175
162631,0.45
162632,0.4575
162633,0.575
162634,0.4775
162635,0.6575
162636,0.4575
162637,0.3875
162638,0.54
162639,0.435
162640,0.6525
162641,0.425
162642,0.47
162643,0.3975
162644,0.425
162645,0.3925
162646,0.45
162647,0.5375
162648,0.4
162649,0.5
162650,0.515
162651,0.68
162652,0.57
162653,0.3275
162654,0.655
162655,0.6725
162656,0.54
162657,0.37
162658,0.505
162659,0.4625
162660,0.525
162661,0.4625
162662,0.365
162663,0.4275
162664,0.6425
162665,0.465
162666,0.6425
162667,0.5375
162668,0.4675
162669,0.6325
162670,0.37
162671,0.4575
162672,0.4575
162673,0.3175
162674,0.5575
162675,0.37
162676,0.525
162677,0.52
162678,0.415
162679,0.4075
162680,0.59
162681,0.7225
162682,0.675
162683,0.465
162684,0.4175
162685,0.4825
162686,0.4975
162687,0.4225
162688,0.5125
162689,0.47
162690,0.485
162691,0.6225
162692,0.5675
162693,0.465
162694,0.5525
162695,0.4475
162696,0.3625
162697,0.44
162698,0.485
162699,0.4575
162700,0.5625
162701,0.44
162702,0.63
162703,0.6025
162704,0.3575
162705,0.595
162706,0.6725
162707,0.3875
162708,0.5025
162709,0.35
162710,0.5975
162711,0.465
162712,0.5675
162713,0.37
162714,0.56
162715,0.4775
162716,0.4875
162717,0.56
162718,0.6375
162719,0.465
162720,0.43
162721,0.4075
162722,0.495
162723,0.36
162724,0.3925
162725,0.58
162726,0.6475
162727,0.4475
162728,0.4275
162729,0.4425
162730,0.5025
162731,0.505
162732,0.2525
162733,0.4225
162734,0.615
162735,0.3925
162736,0.5975
162737,0.4875
162738,0.5375
162739,0.7775
162740,0.385
162741,0.605
162742,0.545
162743,0.4675
162744,0.4375
162745,0.5
162746,0.43
162747,0.4075
162748,0.4325
162749,0.4275
162750,0.745
162751,0.5425
162752,0.4925
162753,0.7475
162754,0.61
162755,0.4025
162756,0.5725
162757,0.44
162758,0.25
162759,0.475
162760,0.585
162761,0.39
162762,0.49
162763,0.455
162764,0.4975
162765,0.4325
162766,0.445
162767,0.5025
162768,0.715
162769,0.525
162770,0.43
162771,0.405
162772,0.575
162773,0.525
162774,0.4275
162775,0.51
162776,0.4425
162777,0.4175
162778,0.4025
162779,0.575
162780,0.4575
162781,0.585
162782,0.46
162783,0.54
162784,0.5475
162785,0.52
162786,0.4625
162787,0.73
162788,0.5575
162789,0.4675
162790,0.455
162791,0.5375
162792,0.43
162793,0.46
162794,0.3975
162795,0.45
162796,0.3425
162797,0.615
162798,0.5775
162799,0.535
162800,0.485
162801,0.4575
162802,0.4525
162803,0.425
162804,0.485
162805,0.45
162806,0.3625
162807,0.49
162808,0.4675
162809,0.47
162810,0.48
162811,0.4125
162812,0.4725
162813,0.52
162814,0.4225
162815,0.4275
162816,0.5075
162817,0.51
162818,0.44
162819,0.5325
162820,0.445
162821,0.57
162822,0.4875
162823,0.4725
162824,0.445
162825,0.52
162826,0.51
162827,0.58
162828,0.555
162829,0.3975
162830,0.4675
162831,0.4725
162832,0.7075
162833,0.555
162834,0.54
162835,0.39
162836,0.5425
162837,0.4325
162838,0.425
162839,0.5025
162840,0.58
162841,0.525
162842,0.3775
162843,0.4225
162844,0.5275
162845,0.4525
162846,0.4825
162847,0.645
162848,0.5825
162849,0.5725
162850,0.46
162851,0.5325
162852,0.5925
162853,0.425
162854,0.635
162855,0.5325
162856,0.435
162857,0.4375
162858,0.4275
162859,0.615
162860,0.49
162861,0.6575
162862,0.45
162863,0.4825
162864,0.5175
162865,0.525
162866,0.5925
162867,0.5
162868,0.445
162869,0.4625
162870,0.695
162871,0.415
162872,0.5425
162873,0.38
162874,0.3575
162875,0.455
162876,0.5
162877,0.585
162878,0.37
162879,0.6425
162880,0.58
162881,0.3325
162882,0.4175
162883,0.415
162884,0.4275
162885,0.4175
162886,0.5925
162887,0.555
162888,0.305
162889,0.52
162890,0.505
162891,0.475
162892,0.675
162893,0.385
162894,0.435
162895,0.525
162896,0.385
162897,0.52
162898,0.445
162899,0.425
162900,0.5025
162901,0.4825
162902,0.3125
162903,0.5
162904,0.615
162905,0.775
162906,0.43
162907,0.4875
162908,0.4575
162909,0.4975
162910,0.43
162911,0.455
162912,0.455
162913,0.4375
162914,0.6425
162915,0.4675
162916,0.6775
162917,0.4825
162918,0.765
162919,0.3975
162920,0.6825
162921,0.69
162922,0.405
162923,0.465
162924,0.53
162925,0.5625
162926,0.4325
162927,0.4525
162928,0.4475
162929,0.435
162930,0.4325
162931,0.405
162932,0.48
162933,0.57
162934,0.4975
162935,0.3375
162936,0.345
162937,0.5575
162938,0.4925
162939,0.395
162940,0.475
162941,0.4375
162942,0.5875
162943,0.47
162944,0.5075
162945,0.425
162946,0.5675
162947,0.525
162948,0.5325
162949,0.455
162950,0.5075
162951,0.6075
162952,0.465
162953,0.4775
162954,0.42
162955,0.4075
162956,0.5175
162957,0.37
162958,0.4675
162959,0.52
162960,0.4425
162961,0.5525
162962,0.4675
162963,0.6775
162964,0.405
162965,0.4075
162966,0.3975
162967,0.52
162968,0.4375
162969,0.4925
162970,0.4675
162971,0.43
162972,0.425
162973,0.5325
162974,0.665
162975,0.6575
162976,0.645
162977,0.625
162978,0.4975
162979,0.49
162980,0.5825
162981,0.48
162982,0.495
162983,0.375
162984,0.3625
162985,0.5025
162986,0.49
162987,0.48
162988,0.45
162989,0.4925
162990,0.4075
162991,0.38
162992,0.4825
162993,0.43
162994,0.445
162995,0.4125
162996,0.475
162997,0.5925
162998,0.555
162999,0.34
163000,0.6325
163001,0.5875
163002,0.62
163003,0.6025
163004,0.4475
163005,0.535
163006,0.45
163007,0.605
163008,0.48
163009,0.4825
163010,0.5375
163011,0.5075
163012,0.6425
163013,0.445
163014,0.44
163015,0.6575
163016,0.4875
163017,0.445
163018,0.4725
163019,0.535
163020,0.4275
163021,0.465
163022,0.4725
163023,0.6525
163024,0.555
163025,0.6725
163026,0.585
163027,0.5175
163028,0.5475
163029,0.6275
163030,0.6125
163031,0.44
163032,0.5725
163033,0.51
163034,0.46
163035,0.41
163036,0.5425
163037,0.435
163038,0.5475
163039,0.5525
163040,0.5075
163041,0.39
163042,0.5325
163043,0.43
163044,0.51
163045,0.325
163046,0.4675
163047,0.5175
163048,0.51
163049,0.53
163050,0.3925
163051,0.5375
163052,0.435
163053,0.58
163054,0.33
163055,0.5925
163056,0.675
163057,0.405
163058,0.4925
163059,0.475
163060,0.545
163061,0.4825
163062,0.485
163063,0.4775
163064,0.685
163065,0.515
163066,0.5575
163067,0.4625
163068,0.4975
163069,0.6025
163070,0.445
163071,0.4775
163072,0.32
163073,0.55
163074,0.485
163075,0.4175
163076,0.605
163077,0.465
163078,0.535
163079,0.5175
163080,0.5675
163081,0.4375
163082,0.5575
163083,0.4525
163084,0.4575
163085,0.6375
163086,0.49
163087,0.455
163088,0.545
163089,0.5275
163090,0.5275
163091,0.415
163092,0.5275
163093,0.455
163094,0.5025
163095,0.515
163096,0.5875
163097,0.7025
163098,0.515
163099,0.545
163100,0.435
163101,0.5775
163102,0.5175
163103,0.6625
163104,0.3925
163105,0.7
163106,0.4675
163107,0.4775
163108,0.58
163109,0.4825
163110,0.48
163111,0.485
163112,0.3875
163113,0.445
163114,0.4675
163115,0.5675
163116,0.5775
163117,0.53
163118,0.725
163119,0.425
163120,0.34
163121,0.4275
163122,0.5
163123,0.4475
163124,0.55
163125,0.57
163126,0.535
163127,0.4725
163128,0.55
163129,0.575
163130,0.4625
163131,0.5175
163132,0.4025
163133,0.3775
163134,0.5
163135,0.4325
163136,0.415
163137,0.395
163138,0.5775
163139,0.55
163140,0.4825
163141,0.5275
163142,0.4275
163143,0.5275
163144,0.535
163145,0.4575
163146,0.4175
163147,0.49
163148,0.6625
163149,0.5425
163150,0.4475
163151,0.335
163152,0.5625
163153,0.48
163154,0.4875
163155,0.4
163156,0.605
163157,0.5375
163158,0.51
163159,0.445
163160,0.465
163161,0.5325
163162,0.505
163163,0.6925
163164,0.5175
163165,0.3875
163166,0.545
163167,0.5075
163168,0.4125
163169,0.415
163170,0.57
163171,0.585
163172,0.425
163173,0.495
163174,0.5425
163175,0.4475
163176,0.44
163177,0.48
163178,0.375
163179,0.37
163180,0.5075
163181,0.4775
163182,0.555
163183,0.3475
163184,0.44
163185,0.4375
163186,0.515
163187,0.4625
163188,0.43
163189,0.4475
163190,0.4575
163191,0.68
163192,0.465
163193,0.645
163194,0.5475
163195,0.36
163196,0.5725
163197,0.4025
163198,0.48
163199,0.5475
163200,0.515
163201,0.5125
163202,0.46
163203,0.395
163204,0.375
163205,0.4875
163206,0.3825
163207,0.4725
163208,0.4625
163209,0.555
163210,0.555
163211,0.365
163212,0.5375
163213,0.495
163214,0.295
163215,0.4575
163216,0.52
163217,0.3975
163218,0.535
163219,0.45
163220,0.5925
163221,0.465
163222,0.44
163223,0.575
163224,0.395
163225,0.44
163226,0.45
163227,0.4975
163228,0.475
163229,0.5525
163230,0.4975
163231,0.5575
163232,0.565
163233,0.6025
163234,0.5725
163235,0.4875
163236,0.6825
163237,0.5275
163238,0.525
163239,0.4075
163240,0.42
163241,0.4525
163242,0.55
163243,0.4975
163244,0.39
163245,0.575
163246,0.4775
163247,0.5
163248,0.6975
163249,0.4425
163250,0.38
163251,0.4875
163252,0.605
163253,0.56
163254,0.5075
163255,0.29
163256,0.42
163257,0.375
163258,0.5575
163259,0.645
163260,0.5675
163261,0.4825
163262,0.4525
163263,0.4
163264,0.5375
163265,0.4175
163266,0.51
163267,0.37
163268,0.42
163269,0.66
163270,0.5975
163271,0.4475
163272,0.4625
163273,0.4625
163274,0.4
163275,0.3925
163276,0.56
163277,0.6475
163278,0.5625
163279,0.3325
163280,0.4675
163281,0.5075
163282,0.49
163283,0.47
163284,0.4775
163285,0.595
163286,0.6325
163287,0.4125
163288,0.6475
163289,0.4375
163290,0.6275
163291,0.405
163292,0.4875
163293,0.52
163294,0.33
163295,0.4625
163296,0.575
163297,0.35
163298,0.435
163299,0.535
163300,0.415
163301,0.5375
163302,0.635
163303,0.6775
163304,0.61
163305,0.5575
163306,0.4875
163307,0.5075
163308,0.5575
163309,0.5475
163310,0.5075
163311,0.4525
163312,0.7
163313,0.4925
163314,0.54
163315,0.4775
163316,0.3575
163317,0.6025
163318,0.5175
163319,0.4925
163320,0.4625
163321,0.6625
163322,0.5275
163323,0.45
163324,0.525
163325,0.595
163326,0.51
163327,0.3475
163328,0.5975
163329,0.4825
163330,0.4875
163331,0.4975
163332,0.465
163333,0.39
163334,0.615
163335,0.48
163336,0.5575
163337,0.5775
163338,0.325
163339,0.315
163340,0.55
163341,0.475
163342,0.415
163343,0.4125
163344,0.56
163345,0.4175
163346,0.5475
163347,0.4725
163348,0.4075
163349,0.51
163350,0.47
163351,0.51
163352,0.4075
163353,0.46
163354,0.395
163355,0.53
163356,0.36
163357,0.495
163358,0.585
163359,0.43
163360,0.5925
163361,0.3825
163362,0.5675
163363,0.5375
163364,0.3725
163365,0.4
163366,0.615
163367,0.4325
163368,0.5775
163369,0.5925
163370,0.4775
163371,0.655
163372,0.5425
163373,0.3775
163374,0.43
163375,0.65
163376,0.535
163377,0.5025
163378,0.47
163379,0.38
163380,0.555
163381,0.4975
163382,0.485
163383,0.57
163384,0.5425
163385,0.4775
163386,0.565
163387,0.5225
163388,0.4725
163389,0.5775
163390,0.4025
163391,0.3475
163392,0.4625
163393,0.42
163394,0.6775
163395,0.4875
163396,0.5625
163397,0.3375
163398,0.4625
163399,0.51
163400,0.4175
163401,0.5325
163402,0.41
163403,0.4725
163404,0.46
163405,0.445
163406,0.515
163407,0.5275
163408,0.4825
163409,0.495
163410,0.445
163411,0.55
163412,0.495
163413,0.5425
163414,0.4525
163415,0.59
163416,0.585
163417,0.6275
163418,0.4175
163419,0.52
163420,0.49
163421,0.445
163422,0.4575
163423,0.36
163424,0.6325
163425,0.4125
163426,0.535
163427,0.5025
163428,0.415
163429,0.445
163430,0.48
163431,0.5225
163432,0.485
163433,0.4825
163434,0.505
163435,0.4875
163436,0.415
163437,0.6425
163438,0.4625
163439,0.49
163440,0.6025
163441,0.38
163442,0.7075
163443,0.58
163444,0.555
163445,0.47
163446,0.67
163447,0.71
163448,0.6
163449,0.48
163450,0.565
163451,0.34
163452,0.4025
163453,0.4675
163454,0.435
163455,0.5875
163456,0.4675
163457,0.4675
163458,0.7075
163459,0.3925
163460,0.41
163461,0.4575
163462,0.43
163463,0.365
163464,0.4125
163465,0.435
163466,0.51
163467,0.625
163468,0.475
163469,0.265
163470,0.605
163471,0.53
163472,0.435
163473,0.545
163474,0.6625
163475,0.535
163476,0.435
163477,0.6325
163478,0.5375
163479,0.5175
163480,0.5225
163481,0.5225
163482,0.3775
163483,0.5275
163484,0.5425
163485,0.385
163486,0.47
163487,0.57
163488,0.49
163489,0.4525
163490,0.4875
163491,0.5675
163492,0.56
163493,0.3725
163494,0.4025
163495,0.45
163496,0.4175
163497,0.61
163498,0.465
163499,0.49
163500,0.6025
163501,0.4525
163502,0.42
163503,0.55
163504,0.385
163505,0.5575
163506,0.4975
163507,0.52
163508,0.52
163509,0.48
163510,0.45
163511,0.385
163512,0.4975
163513,0.385
163514,0.465
163515,0.5275
163516,0.435
163517,0.53
163518,0.465
163519,0.5575
163520,0.5
163521,0.425
163522,0.46
163523,0.4325
163524,0.4825
163525,0.435
163526,0.35
163527,0.45
163528,0.4975
163529,0.4225
163530,0.535
163531,0.5375
163532,0.45
163533,0.405
163534,0.3925
163535,0.5025
163536,0.5225
163537,0.5925
163538,0.4575
163539,0.3875
163540,0.465
163541,0.49
163542,0.645
163543,0.425
163544,0.42
163545,0.635
163546,0.375
163547,0.485
163548,0.4525
163549,0.4625
163550,0.4125
163551,0.5
163552,0.45
163553,0.57
163554,0.4725
163555,0.4575
163556,0.455
163557,0.49
163558,0.625
163559,0.5475
163560,0.5975
163561,0.4425
163562,0.525
163563,0.6725
163564,0.44
163565,0.505
163566,0.43
163567,0.555
163568,0.4175
163569,0.4825
163570,0.4725
163571,0.5675
163572,0.3725
163573,0.515
163574,0.645
163575,0.3475
163576,0.4875
163577,0.4725
163578,0.435
163579,0.4125
163580,0.74
163581,0.5225
163582,0.575
163583,0.5625
163584,0.4375
163585,0.3625
163586,0.4625
163587,0.47
163588,0.45
163589,0.39
163590,0.5075
163591,0.5375
163592,0.555
163593,0.45
163594,0.4825
163595,0.5075
163596,0.5925
163597,0.47
163598,0.4925
163599,0.4925
163600,0.42
163601,0.6725
163602,0.6375
163603,0.5575
163604,0.5225
163605,0.4975
163606,0.6175
163607,0.5
163608,0.29
163609,0.52
163610,0.435
163611,0.5475
163612,0.47
163613,0.46
163614,0.48
163615,0.5275
163616,0.59
163617,0.445
163618,0.4375
163619,0.585
163620,0.51
163621,0.505
163622,0.4225
163623,0.38
163624,0.4525
163625,0.615
163626,0.4875
163627,0.4825
163628,0.42
163629,0.4675
163630,0.3825
163631,0.4975
163632,0.6175
163633,0.4825
163634,0.405
163635,0.6325
163636,0.56
163637,0.5175
163638,0.59
163639,0.43
163640,0.52
163641,0.3525
163642,0.585
163643,0.5125
163644,0.5325
163645,0.3975
163646,0.4275
163647,0.4625
163648,0.4275
163649,0.5675
163650,0.495
163651,0.585
163652,0.3625
163653,0.4525
163654,0.59
163655,0.4475
163656,0.625
163657,0.4475
163658,0.455
163659,0.52
163660,0.3875
163661,0.5
163662,0.4375
163663,0.54
163664,0.3175
163665,0.61
163666,0.4675
163667,0.4775
163668,0.6075
163669,0.4875
163670,0.6325
163671,0.4175
163672,0.6025
163673,0.3775
163674,0.38
163675,0.6125
163676,0.49
163677,0.585
163678,0.465
163679,0.44
163680,0.3925
163681,0.42
163682,0.4825
163683,0.38
163684,0.5425
163685,0.51
163686,0.5825
163687,0.59
163688,0.3525
163689,0.4175
163690,0.515
163691,0.3575
163692,0.465
163693,0.71
163694,0.38
163695,0.455
163696,0.5
163697,0.685
163698,0.73
163699,0.4975
163700,0.5525
163701,0.4075
163702,0.5425
163703,0.545
163704,0.455
163705,0.4725
163706,0.42
163707,0.4375
163708,0.4575
163709,0.555
163710,0.53
163711,0.605
163712,0.465
163713,0.275
163714,0.52
163715,0.3775
163716,0.555
163717,0.5325
163718,0.3625
163719,0.525
163720,0.575
163721,0.485
163722,0.4575
163723,0.4925
163724,0.445
163725,0.605
163726,0.52
163727,0.4625
163728,0.6375
163729,0.465
163730,0.56
163731,0.4975
163732,0.7525
163733,0.5175
163734,0.5275
163735,0.525
163736,0.4
163737,0.4375
163738,0.685
163739,0.385
163740,0.5175
163741,0.525
163742,0.535
163743,0.465
163744,0.6275
163745,0.5025
163746,0.455
163747,0.6725
163748,0.4925
163749,0.5125
163750,0.3875
163751,0.595
163752,0.59
163753,0.375
163754,0.4
163755,0.5
163756,0.425
163757,0.7425
163758,0.5875
163759,0.695
163760,0.4775
163761,0.365
163762,0.495
163763,0.2975
163764,0.62
163765,0.3325
163766,0.47
163767,0.54
163768,0.41
163769,0.5125
163770,0.4225
163771,0.6075
163772,0.5525
163773,0.5325
163774,0.465
163775,0.6625
163776,0.47
163777,0.6125
163778,0.505
163779,0.6775
163780,0.355
163781,0.585
163782,0.46
163783,0.4375
163784,0.3375
163785,0.44
163786,0.465
163787,0.345
163788,0.635
163789,0.425
163790,0.3775
163791,0.6275
163792,0.585
163793,0.37
163794,0.3425
163795,0.42
163796,0.5425
163797,0.5625
163798,0.3775
163799,0.66
163800,0.4025
163801,0.4625
163802,0.545
163803,0.3625
163804,0.4375
163805,0.355
163806,0.565
163807,0.6075
163808,0.4025
163809,0.3925
163810,0.4725
163811,0.455
163812,0.3175
163813,0.4875
163814,0.3375
163815,0.5
163816,0.5525
163817,0.64
163818,0.4375
163819,0.5825
163820,0.36
163821,0.6475
163822,0.5125
163823,0.4775
163824,0.5775
163825,0.53
163826,0.4625
163827,0.465
163828,0.505
163829,0.4475
163830,0.575
163831,0.4825
163832,0.4425
163833,0.455
163834,0.4925
163835,0.51
163836,0.4775
163837,0.485
163838,0.6025
163839,0.4475
163840,0.3825
163841,0.54
163842,0.425
163843,0.5425
163844,0.425
163845,0.6275
163846,0.4925
163847,0.3025
163848,0.7375
163849,0.31
163850,0.415
163851,0.5125
163852,0.555
163853,0.525
163854,0.535
163855,0.595
163856,0.5775
163857,0.455
163858,0.4075
163859,0.68
163860,0.49
163861,0.3925
163862,0.33
163863,0.5375
163864,0.505
163865,0.51
163866,0.335
163867,0.555
163868,0.5175
163869,0.4675
163870,0.53
163871,0.4475
163872,0.4625
163873,0.48
163874,0.5475
163875,0.4275
163876,0.4125
163877,0.315
163878,0.4425
163879,0.465
163880,0.5025
163881,0.555
163882,0.415
163883,0.345
163884,0.565
163885,0.605
163886,0.5275
163887,0.56
163888,0.4225
163889,0.425
163890,0.5925
163891,0.47
163892,0.4625
163893,0.4475
163894,0.5075
163895,0.41
163896,0.49
163897,0.3925
163898,0.5775
163899,0.565
163900,0.48
163901,0.5575
163902,0.5575
163903,0.555
163904,0.51
163905,0.48
163906,0.54
163907,0.595
163908,0.33
163909,0.605
163910,0.4275
163911,0.5775
163912,0.5175
163913,0.58
163914,0.39
163915,0.4825
163916,0.4875
163917,0.235
163918,0.515
163919,0.47
163920,0.41
163921,0.4375
163922,0.48
163923,0.58
163924,0.4325
163925,0.4725
163926,0.5125
163927,0.66
163928,0.4275
163929,0.4225
163930,0.5275
163931,0.3175
163932,0.3375
163933,0.42
163934,0.46
163935,0.32
163936,0.4825
163937,0.4675
163938,0.485
163939,0.635
163940,0.4175
163941,0.495
163942,0.4975
163943,0.5925
163944,0.58
163945,0.335
163946,0.57
163947,0.415
163948,0.4575
163949,0.595
163950,0.505
163951,0.3225
163952,0.41
163953,0.4975
163954,0.4475
163955,0.575
163956,0.53
163957,0.305
163958,0.4825
163959,0.5475
163960,0.5475
163961,0.3525
163962,0.475
163963,0.5925
163964,0.5275
163965,0.6225
163966,0.4
163967,0.4125
163968,0.425
163969,0.58
163970,0.3475
163971,0.6075
163972,0.62
163973,0.415
163974,0.4775
163975,0.6725
163976,0.385
163977,0.4775
163978,0.57
163979,0.6
163980,0.41
163981,0.53
163982,0.56
163983,0.7175
163984,0.4125
163985,0.6375
163986,0.4625
163987,0.365
163988,0.5375
163989,0.465
163990,0.5
163991,0.495
163992,0.61
163993,0.4775
163994,0.415
163995,0.375
163996,0.49
163997,0.505
163998,0.3
163999,0.49
164000,0.3725
164001,0.5775
164002,0.4225
164003,0.455
164004,0.445
164005,0.585
164006,0.515
164007,0.5575
164008,0.5975
164009,0.475
164010,0.4825
164011,0.41
164012,0.525
164013,0.5375
164014,0.3975
164015,0.445
164016,0.4625
164017,0.61
164018,0.655
164019,0.5675
164020,0.47
164021,0.52
164022,0.545
164023,0.4375
164024,0.37
164025,0.445
164026,0.3725
164027,0.585
164028,0.615
164029,0.4875
164030,0.46
164031,0.555
164032,0.6
164033,0.5175
164034,0.455
164035,0.5725
164036,0.595
164037,0.4375
164038,0.54
164039,0.6025
164040,0.68
164041,0.57
164042,0.385
164043,0.27
164044,0.3875
164045,0.535
164046,0.5225
164047,0.4475
164048,0.525
164049,0.49
164050,0.57
164051,0.485
164052,0.545
164053,0.4925
164054,0.685
164055,0.53
164056,0.4525
164057,0.4225
164058,0.54
164059,0.4675
164060,0.5625
164061,0.7325
164062,0.55
164063,0.4025
164064,0.4625
164065,0.54
164066,0.47
164067,0.55
164068,0.655
164069,0.4825
164070,0.3975
164071,0.4975
164072,0.445
164073,0.49
164074,0.4925
164075,0.6
164076,0.575
164077,0.6
164078,0.3375
164079,0.6025
164080,0.7175
164081,0.57
164082,0.53
164083,0.5775
164084,0.4025
164085,0.475
164086,0.37
164087,0.5625
164088,0.5675
164089,0.36
164090,0.595
164091,0.475
164092,0.5075
164093,0.365
164094,0.4825
164095,0.505
164096,0.46
164097,0.4725
164098,0.4525
164099,0.535
164100,0.385
164101,0.3875
164102,0.43
164103,0.39
164104,0.6575
164105,0.4425
164106,0.365
164107,0.475
164108,0.5475
164109,0.615
164110,0.41
164111,0.475
164112,0.3875
164113,0.485
164114,0.535
164115,0.41
164116,0.3625
164117,0.5575
164118,0.4625
164119,0.38
164120,0.3775
164121,0.475
164122,0.5975
164123,0.3625
164124,0.4875
164125,0.315
164126,0.6125
164127,0.4025
164128,0.5475
164129,0.55
164130,0.4525
164131,0.545
164132,0.3925
164133,0.58
164134,0.5125
164135,0.605
164136,0.4725
164137,0.3825
164138,0.5375
164139,0.5175
164140,0.475
164141,0.4175
164142,0.4075
164143,0.6
164144,0.595
164145,0.545
164146,0.5575
164147,0.345
164148,0.52
164149,0.5525
164150,0.66
164151,0.555
164152,0.39
164153,0.415
164154,0.42
164155,0.46
164156,0.5375
164157,0.465
164158,0.6075
164159,0.515
164160,0.475
164161,0.5175
164162,0.6625
164163,0.4575
164164,0.5575
164165,0.4675
164166,0.5525
164167,0.5425
164168,0.5025
164169,0.4975
164170,0.4725
164171,0.285
164172,0.46
164173,0.5375
164174,0.57
164175,0.49
164176,0.385
164177,0.4225
164178,0.6025
164179,0.425
164180,0.5075
164181,0.58
164182,0.495
164183,0.415
164184,0.5625
164185,0.3625
164186,0.4875
164187,0.7175
164188,0.535
164189,0.585
164190,0.4875
164191,0.5725
164192,0.5725
164193,0.5275
164194,0.6
164195,0.4625
164196,0.575
164197,0.5475
164198,0.4525
164199,0.5325
164200,0.695
164201,0.4075
164202,0.545
164203,0.52
164204,0.5475
164205,0.425
164206,0.6925
164207,0.43
164208,0.465
164209,0.5275
164210,0.65
164211,0.49
164212,0.5925
164213,0.4125
164214,0.6425
164215,0.5325
164216,0.4825
164217,0.445
164218,0.45
164219,0.635
164220,0.5075
164221,0.4375
164222,0.6075
164223,0.4725
164224,0.345
164225,0.55
164226,0.535
164227,0.495
164228,0.565
164229,0.3325
164230,0.525
164231,0.555
164232,0.4725
164233,0.455
164234,0.375
164235,0.545
164236,0.415
164237,0.46
164238,0.4425
164239,0.41
164240,0.5325
164241,0.4625
164242,0.505
164243,0.45
164244,0.4675
164245,0.495
164246,0.5475
164247,0.445
164248,0.52
164249,0.55
164250,0.515
164251,0.495
164252,0.46
164253,0.5925
164254,0.37
164255,0.38
164256,0.67
164257,0.4175
164258,0.5125
164259,0.5575
164260,0.46
164261,0.575
164262,0.4375
164263,0.585
164264,0.465
164265,0.6475
164266,0.595
164267,0.635
164268,0.455
164269,0.6525
164270,0.4575
164271,0.335
164272,0.4825
164273,0.3725
164274,0.585
164275,0.4875
164276,0.445
164277,0.45
164278,0.525
164279,0.4825
164280,0.495
164281,0.4425
164282,0.5225
164283,0.3575
164284,0.5175
164285,0.4425
164286,0.4925
164287,0.55
164288,0.6825
164289,0.4625
164290,0.46
164291,0.4325
164292,0.4975
164293,0.3825
164294,0.5575
164295,0.46
164296,0.565
164297,0.55
164298,0.5975
164299,0.4475
164300,0.6325
164301,0.665
164302,0.4325
164303,0.545
164304,0.6525
164305,0.4475
164306,0.4925
164307,0.51
164308,0.3875
164309,0.52
164310,0.47
164311,0.485
164312,0.59
164313,0.475
164314,0.435
164315,0.475
164316,0.495
164317,0.635
164318,0.49
164319,0.4275
164320,0.43
164321,0.4725
164322,0.4825
164323,0.3525
164324,0.5225
164325,0.47
164326,0.4075
164327,0.51
164328,0.5175
164329,0.4725
164330,0.5775
164331,0.4525
164332,0.4525
164333,0.4475
164334,0.5425
164335,0.5875
164336,0.425
164337,0.4425
164338,0.63
164339,0.435
164340,0.4525
164341,0.5425
164342,0.4
164343,0.6475
164344,0.39
164345,0.3725
164346,0.5325
164347,0.5575
164348,0.43
164349,0.6075
164350,0.4675
164351,0.5375
164352,0.4125
164353,0.455
164354,0.4575
164355,0.455
164356,0.4475
164357,0.45
164358,0.545
164359,0.345
164360,0.3675
164361,0.405
164362,0.49
164363,0.335
164364,0.425
164365,0.5525
164366,0.54
164367,0.525
164368,0.5825
164369,0.4525
164370,0.4975
164371,0.5725
164372,0.45
164373,0.5275
164374,0.5775
164375,0.41
164376,0.3925
164377,0.69
164378,0.38
164379,0.555
164380,0.485
164381,0.5575
164382,0.5075
164383,0.49
164384,0.66
164385,0.545
164386,0.4625
164387,0.64
164388,0.4425
164389,0.525
164390,0.555
164391,0.665
164392,0.5525
164393,0.46
164394,0.5375
164395,0.39
164396,0.61
164397,0.4275
164398,0.47
164399,0.6475
164400,0.5775
164401,0.395
164402,0.4375
164403,0.4775
164404,0.5875
164405,0.445
164406,0.53
164407,0.5325
164408,0.44
164409,0.3975
164410,0.4625
164411,0.5425
164412,0.475
164413,0.565
164414,0.3825
164415,0.475
164416,0.475
164417,0.5725
164418,0.5775
164419,0.625
164420,0.57
164421,0.58
164422,0.3925
164423,0.4775
164424,0.445
164425,0.4125
164426,0.5925
164427,0.365
164428,0.4475
164429,0.355
164430,0.4775
164431,0.3625
164432,0.53
164433,0.5325
164434,0.55
164435,0.6325
164436,0.5225
164437,0.4025
164438,0.4075
164439,0.5625
164440,0.305
164441,0.545
164442,0.4875
164443,0.415
164444,0.51
164445,0.5625
164446,0.4675
164447,0.4125
164448,0.53
164449,0.5825
164450,0.59
164451,0.4225
164452,0.475
164453,0.38
164454,0.6275
164455,0.505
164456,0.4825
164457,0.51
164458,0.31
164459,0.5275
164460,0.4275
164461,0.395
164462,0.3725
164463,0.6075
164464,0.435
164465,0.5575
164466,0.5175
164467,0.5275
164468,0.56
164469,0.4775
164470,0.53
164471,0.4725
164472,0.45
164473,0.3725
164474,0.6775
164475,0.3325
164476,0.4675
164477,0.62
164478,0.405
164479,0.575
164480,0.3675
164481,0.48
164482,0.48
164483,0.4025
164484,0.53
164485,0.3425
164486,0.4425
164487,0.59
164488,0.55
164489,0.585
164490,0.39
164491,0.4175
164492,0.395
164493,0.4825
164494,0.5675
164495,0.4225
164496,0.415
164497,0.5975
164498,0.52
164499,0.4625
164500,0.445
164501,0.455
164502,0.6025
164503,0.455
164504,0.37
164505,0.55
164506,0.3725
164507,0.5975
164508,0.35
164509,0.4775
164510,0.425
164511,0.3775
164512,0.725
164513,0.505
164514,0.5075
164515,0.38
164516,0.435
164517,0.675
164518,0.5775
164519,0.5425
164520,0.5175
164521,0.5775
164522,0.5875
164523,0.4375
164524,0.465
164525,0.4025
164526,0.6975
164527,0.4375
164528,0.5175
164529,0.51
164530,0.595
164531,0.635
164532,0.58
164533,0.465
164534,0.52
164535,0.3975
164536,0.425
164537,0.505
164538,0.5925
164539,0.4375
164540,0.405
164541,0.515
164542,0.7075
164543,0.4225
164544,0.48
164545,0.4925
164546,0.5
164547,0.43
164548,0.5475
164549,0.34
164550,0.38
164551,0.545
164552,0.4775
164553,0.505
164554,0.395
164555,0.4575
164556,0.5025
164557,0.5125
164558,0.3975
164559,0.5325
164560,0.4525
164561,0.4475
164562,0.43
164563,0.4725
164564,0.425
164565,0.4925
164566,0.4825
164567,0.45
164568,0.47
164569,0.3975
164570,0.3575
164571,0.415
164572,0.52
164573,0.405
164574,0.48
164575,0.365
164576,0.6125
164577,0.6225
164578,0.655
164579,0.52
164580,0.5325
164581,0.4825
164582,0.48
164583,0.495
164584,0.3325
164585,0.345
164586,0.4425
164587,0.6175
164588,0.585
164589,0.4825
164590,0.4525
164591,0.5525
164592,0.385
164593,0.5725
164594,0.45
164595,0.48
164596,0.55
164597,0.46
164598,0.5325
164599,0.425
164600,0.5475
164601,0.4575
164602,0.5675
164603,0.425
164604,0.4
164605,0.565
164606,0.45
164607,0.4675
164608,0.455
164609,0.48
164610,0.5375
164611,0.475
164612,0.53
164613,0.3825
164614,0.4425
164615,0.5075
164616,0.6225
164617,0.49
164618,0.48
164619,0.675
164620,0.445
164621,0.5025
164622,0.5275
164623,0.3775
164624,0.5425
164625,0.5875
164626,0.4925
164627,0.5475
164628,0.6975
164629,0.54
164630,0.5525
164631,0.4525
164632,0.6175
164633,0.6825
164634,0.645
164635,0.4625
164636,0.58
164637,0.4025
164638,0.4625
164639,0.6275
164640,0.4875
164641,0.4675
164642,0.5125
164643,0.72
164644,0.3925
164645,0.4075
164646,0.3775
164647,0.3775
164648,0.5275
164649,0.3875
164650,0.5275
164651,0.4025
164652,0.44
164653,0.505
164654,0.4425
164655,0.495
164656,0.55
164657,0.5675
164658,0.6675
164659,0.535
164660,0.46
164661,0.505
164662,0.495
164663,0.6175
164664,0.3875
164665,0.415
164666,0.435
164667,0.6375
164668,0.495
164669,0.3875
164670,0.445
164671,0.4175
164672,0.545
164673,0.53
164674,0.5675
164675,0.5875
164676,0.565
164677,0.62
164678,0.4875
164679,0.4025
164680,0.335
164681,0.5125
164682,0.4
164683,0.515
164684,0.5325
164685,0.3925
164686,0.4075
164687,0.62
164688,0.4175
164689,0.4
164690,0.665
164691,0.4075
164692,0.3825
164693,0.545
164694,0.6425
164695,0.6875
164696,0.38
164697,0.375
164698,0.565
164699,0.39
164700,0.5075
164701,0.6425
164702,0.44
164703,0.5325
164704,0.465
164705,0.49
164706,0.435
164707,0.3775
164708,0.51
164709,0.47
164710,0.4375
164711,0.58
164712,0.4725
164713,0.3925
164714,0.52
164715,0.5175
164716,0.4275
164717,0.47
164718,0.6725
164719,0.55
164720,0.615
164721,0.3975
164722,0.4375
164723,0.5425
164724,0.535
164725,0.4075
164726,0.5725
164727,0.57
164728,0.4475
164729,0.45
164730,0.615
164731,0.4375
164732,0.37
164733,0.6875
164734,0.525
164735,0.66
164736,0.43
164737,0.34
164738,0.43
164739,0.4675
164740,0.4325
164741,0.6175
164742,0.5025
164743,0.505
164744,0.585
164745,0.52
164746,0.6525
164747,0.355
164748,0.665
164749,0.455
164750,0.37
164751,0.3525
164752,0.4025
164753,0.5475
164754,0.495
164755,0.4825
164756,0.345
164757,0.62
164758,0.5175
164759,0.5075
164760,0.555
164761,0.6475
164762,0.4975
164763,0.3175
164764,0.46
164765,0.56
164766,0.65
164767,0.4525
164768,0.5775
164769,0.4275
164770,0.4075
164771,0.3675
164772,0.6175
164773,0.45
164774,0.3625
164775,0.4175
164776,0.4625
164777,0.6325
164778,0.555
164779,0.4925
164780,0.5225
164781,0.435
164782,0.395
164783,0.44
164784,0.6525
164785,0.5
164786,0.545
164787,0.6275
164788,0.525
164789,0.6925
164790,0.635
164791,0.4175
164792,0.46
164793,0.4325
164794,0.4475
164795,0.4125
164796,0.5325
164797,0.4275
164798,0.3725
164799,0.4625
164800,0.43
164801,0.4725
164802,0.5325
164803,0.49
164804,0.4625
164805,0.415
164806,0.4475
164807,0.61
164808,0.5325
164809,0.67
164810,0.6
164811,0.6175
164812,0.465
164813,0.4575
164814,0.4275
164815,0.565
164816,0.635
164817,0.5625
164818,0.47
164819,0.4375
164820,0.2875
164821,0.54
164822,0.515
164823,0.415
164824,0.4575
164825,0.465
164826,0.645
164827,0.51
164828,0.4475
164829,0.535
164830,0.3925
164831,0.5175
164832,0.485
164833,0.53
164834,0.39
164835,0.54
164836,0.4825
164837,0.47
164838,0.5275
164839,0.535
164840,0.475
164841,0.4175
164842,0.4325
164843,0.4925
164844,0.3125
164845,0.46
164846,0.3475
164847,0.465
164848,0.4475
164849,0.4475
164850,0.4725
164851,0.4225
164852,0.44
164853,0.6175
164854,0.3475
164855,0.4825
164856,0.5225
164857,0.4975
164858,0.6475
164859,0.5425
164860,0.51
164861,0.445
164862,0.635
164863,0.535
164864,0.445
164865,0.4575
164866,0.535
164867,0.3775
164868,0.4
164869,0.4975
164870,0.405
164871,0.535
164872,0.5275
164873,0.525
164874,0.5275
164875,0.4575
164876,0.5
164877,0.5575
164878,0.65
164879,0.635
164880,0.415
164881,0.555
164882,0.5
164883,0.59
164884,0.4
164885,0.4925
164886,0.5625
164887,0.355
164888,0.5575
164889,0.63
164890,0.5375
164891,0.3775
164892,0.475
164893,0.4975
164894,0.5975
164895,0.4725
164896,0.5325
164897,0.3125
164898,0.525
164899,0.415
164900,0.57
164901,0.4225
164902,0.415
164903,0.435
164904,0.6075
164905,0.52
164906,0.4
164907,0.5575
164908,0.49
164909,0.6525
164910,0.5925
164911,0.455
164912,0.42
164913,0.4
164914,0.615
164915,0.47
164916,0.3975
164917,0.385
164918,0.3925
164919,0.43
164920,0.475
164921,0.4775
164922,0.6175
164923,0.395
164924,0.58
164925,0.64
164926,0.51
164927,0.6725
164928,0.525
164929,0.44
164930,0.5075
164931,0.6325
164932,0.525
164933,0.43
164934,0.4375
164935,0.3675
164936,0.5075
164937,0.4675
164938,0.4025
164939,0.255
164940,0.4375
164941,0.4875
164942,0.6
164943,0.4975
164944,0.5675
164945,0.4775
164946,0.5375
164947,0.4775
164948,0.3325
164949,0.535
164950,0.4175
164951,0.4575
164952,0.48
164953,0.545
164954,0.445
164955,0.4375
164956,0.57
164957,0.6125
164958,0.685
164959,0.4925
164960,0.555
164961,0.28
164962,0.6225
164963,0.605
164964,0.51
164965,0.52
164966,0.6775
164967,0.47
164968,0.6075
164969,0.375
164970,0.4675
164971,0.54
164972,0.54
164973,0.505
164974,0.43
164975,0.42
164976,0.52
164977,0.475
164978,0.585
164979,0.4575
164980,0.5325
164981,0.49
164982,0.3275
164983,0.5575
164984,0.3975
164985,0.43
164986,0.485
164987,0.475
164988,0.4025
164989,0.5875
164990,0.5325
164991,0.55
164992,0.545
164993,0.565
164994,0.3825
164995,0.53
164996,0.475
164997,0.6
164998,0.4325
164999,0.5325
165000,0.5475
165001,0.5025
165002,0.5375
165003,0.5275
165004,0.445
165005,0.4975
165006,0.555
165007,0.41
165008,0.495
165009,0.5475
165010,0.485
165011,0.55
165012,0.48
165013,0.44
165014,0.6725
165015,0.44
165016,0.62
165017,0.685
165018,0.4325
165019,0.495
165020,0.71
165021,0.535
165022,0.55
165023,0.575
165024,0.4
165025,0.405
165026,0.445
165027,0.43
165028,0.435
165029,0.4425
165030,0.56
165031,0.69
165032,0.44
165033,0.5825
165034,0.4775
165035,0.37
165036,0.485
165037,0.3925
165038,0.4725
165039,0.5525
165040,0.465
165041,0.555
165042,0.4275
165043,0.49
165044,0.5
165045,0.595
165046,0.555
165047,0.5025
165048,0.4725
165049,0.6575
165050,0.375
165051,0.535
165052,0.58
165053,0.4475
165054,0.405
165055,0.5
165056,0.6325
165057,0.5025
165058,0.5725
165059,0.7425
165060,0.5
165061,0.41
165062,0.46
165063,0.4225
165064,0.5925
165065,0.575
165066,0.5575
165067,0.555
165068,0.5175
165069,0.5675
165070,0.605
165071,0.5375
165072,0.3425
165073,0.61
165074,0.435
165075,0.605
165076,0.63
165077,0.4125
165078,0.49
165079,0.495
165080,0.575
165081,0.56
165082,0.5825
165083,0.4825
165084,0.5875
165085,0.63
165086,0.4525
165087,0.5075
165088,0.49
165089,0.4425
165090,0.6
165091,0.39
165092,0.4825
165093,0.5625
165094,0.45
165095,0.6
165096,0.48
165097,0.75
165098,0.6425
165099,0.6775
165100,0.6725
165101,0.4725
165102,0.5225
165103,0.59
165104,0.6475
165105,0.635
165106,0.355
165107,0.4575
165108,0.64
165109,0.505
165110,0.4825
165111,0.5125
165112,0.4825
165113,0.5025
165114,0.47
165115,0.4675
165116,0.3825
165117,0.4075
165118,0.545
165119,0.68
165120,0.4275
165121,0.535
165122,0.3975
165123,0.54
165124,0.5075
165125,0.5275
165126,0.465
165127,0.375
165128,0.655
165129,0.4225
165130,0.6775
165131,0.475
165132,0.4875
165133,0.48
165134,0.5175
165135,0.4875
165136,0.4325
165137,0.395
165138,0.435
165139,0.33
165140,0.3875
165141,0.58
165142,0.6325
165143,0.4275
165144,0.605
165145,0.6025
165146,0.6625
165147,0.2675
165148,0.465
165149,0.42
165150,0.6525
165151,0.39
165152,0.4
165153,0.545
165154,0.51
165155,0.445
165156,0.345
165157,0.48
165158,0.38
165159,0.5225
165160,0.3825
165161,0.635
165162,0.49
165163,0.485
165164,0.41
165165,0.5775
165166,0.495
165167,0.605
165168,0.4825
165169,0.5
165170,0.6875
165171,0.565
165172,0.4525
165173,0.49
165174,0.445
165175,0.42
165176,0.4275
165177,0.475
165178,0.525
165179,0.6475
165180,0.605
165181,0.545
165182,0.5425
165183,0.4975
165184,0.4125
165185,0.5425
165186,0.3425
165187,0.465
165188,0.4225
165189,0.5725
165190,0.4075
165191,0.44
165192,0.5325
165193,0.34
165194,0.43
165195,0.4325
165196,0.4725
165197,0.45
165198,0.55
165199,0.4425
165200,0.4775
165201,0.3575
165202,0.3525
165203,0.5575
165204,0.56
165205,0.4475
165206,0.5125
165207,0.39
165208,0.6125
165209,0.5375
165210,0.4375
165211,0.5925
165212,0.68
165213,0.45
165214,0.61
165215,0.4125
165216,0.5525
165217,0.465
165218,0.525
165219,0.51
165220,0.5975
165221,0.6125
165222,0.4425
165223,0.31
165224,0.5425
165225,0.465
165226,0.5525
165227,0.655
165228,0.655
165229,0.4775
165230,0.435
165231,0.6
165232,0.4075
165233,0.4625
165234,0.45
165235,0.5975
165236,0.4775
165237,0.445
165238,0.47
165239,0.4675
165240,0.41
165241,0.4475
165242,0.4675
165243,0.435
165244,0.6975
165245,0.47
165246,0.335
165247,0.3625
165248,0.3825
165249,0.405
165250,0.715
165251,0.4275
165252,0.4175
165253,0.5025
165254,0.53
165255,0.475
165256,0.335
165257,0.5025
165258,0.6375
165259,0.4425
165260,0.42
165261,0.545
165262,0.42
165263,0.355
165264,0.485
165265,0.505
165266,0.3775
165267,0.445
165268,0.62
165269,0.49
165270,0.3875
165271,0.5925
165272,0.6525
165273,0.565
165274,0.52
165275,0.655
165276,0.6925
165277,0.455
165278,0.495
165279,0.445
165280,0.6025
165281,0.4525
165282,0.455
165283,0.595
165284,0.4525
165285,0.52
165286,0.3475
165287,0.4575
165288,0.3925
165289,0.42
165290,0.395
165291,0.3425
165292,0.4575
165293,0.5175
165294,0.595
165295,0.5475
165296,0.6425
165297,0.425
165298,0.48
165299,0.7025
165300,0.59
165301,0.405
165302,0.4225
165303,0.4025
165304,0.445
165305,0.625
165306,0.425
165307,0.4975
165308,0.5
165309,0.515
165310,0.595
165311,0.4925
165312,0.4825
165313,0.5025
165314,0.5325
165315,0.48
165316,0.535
165317,0.58
165318,0.385
165319,0.6275
165320,0.405
165321,0.4425
165322,0.4325
165323,0.445
165324,0.455
165325,0.4925
165326,0.52
165327,0.5075
165328,0.615
165329,0.45
165330,0.4775
165331,0.4775
165332,0.6525
165333,0.535
165334,0.52
165335,0.5025
165336,0.4525
165337,0.505
165338,0.565
165339,0.69
165340,0.5275
165341,0.5925
165342,0.485
165343,0.3475
165344,0.2825
165345,0.34
165346,0.5625
165347,0.5775
165348,0.55
165349,0.405
165350,0.44
165351,0.62
165352,0.47
165353,0.5575
165354,0.4975
165355,0.6025
165356,0.32
165357,0.4475
165358,0.4975
165359,0.4975
165360,0.5525
165361,0.51
165362,0.45
165363,0.54
165364,0.42
165365,0.55
165366,0.41
165367,0.375
165368,0.515
165369,0.5875
165370,0.4875
165371,0.46
165372,0.565
165373,0.67
165374,0.585
165375,0.4775
165376,0.535
165377,0.45
165378,0.3975
165379,0.6925
165380,0.5675
165381,0.48
165382,0.5625
165383,0.425
165384,0.505
165385,0.625
165386,0.4475
165387,0.4825
165388,0.46
165389,0.47
165390,0.4025
165391,0.305
165392,0.625
165393,0.35
165394,0.535
165395,0.565
165396,0.4125
165397,0.545
165398,0.42
165399,0.7275
165400,0.5275
165401,0.5175
165402,0.5175
165403,0.3975
165404,0.4175
165405,0.4925
165406,0.4075
165407,0.6175
165408,0.4325
165409,0.4675
165410,0.4825
165411,0.4975
165412,0.4875
165413,0.47
165414,0.515
165415,0.395
165416,0.51
165417,0.4175
165418,0.62
165419,0.445
165420,0.53
165421,0.47
165422,0.55
165423,0.445
165424,0.44
165425,0.48
165426,0.39
165427,0.6275
165428,0.655
165429,0.53
165430,0.4575
165431,0.5275
165432,0.6175
165433,0.375
165434,0.6275
165435,0.4625
165436,0.635
165437,0.34
165438,0.4775
165439,0.49
165440,0.5075
165441,0.635
165442,0.4775
165443,0.685
165444,0.58
165445,0.5225
165446,0.445
165447,0.4325
165448,0.5175
165449,0.6025
165450,0.3
165451,0.48
165452,0.425
165453,0.525
165454,0.6475
165455,0.78
165456,0.555
165457,0.535
165458,0.53
165459,0.4825
165460,0.415
165461,0.5175
165462,0.5125
165463,0.325
165464,0.695
165465,0.415
165466,0.625
165467,0.4475
165468,0.48
165469,0.5275
165470,0.585
165471,0.535
165472,0.445
165473,0.55
165474,0.495
165475,0.6625
165476,0.4125
165477,0.5825
165478,0.62
165479,0.585
165480,0.4725
165481,0.365
165482,0.6
165483,0.4775
165484,0.575
165485,0.3575
165486,0.5
165487,0.48
165488,0.4725
165489,0.535
165490,0.385
165491,0.4825
165492,0.53
165493,0.4925
165494,0.52
165495,0.575
165496,0.465
165497,0.535
165498,0.61
165499,0.4725
165500,0.555
165501,0.51
165502,0.3725
165503,0.655
165504,0.4275
165505,0.59
165506,0.3725
165507,0.52
165508,0.3575
165509,0.455
165510,0.5375
165511,0.495
165512,0.5425
165513,0.4225
165514,0.47
165515,0.4575
165516,0.575
165517,0.48
165518,0.33
165519,0.6675
165520,0.4275
165521,0.54
165522,0.3525
165523,0.6375
165524,0.47
165525,0.445
165526,0.3425
165527,0.3875
165528,0.6275
165529,0.6425
165530,0.53
165531,0.6125
165532,0.415
165533,0.5025
165534,0.5775
165535,0.3925
165536,0.51
165537,0.445
165538,0.415
165539,0.5725
165540,0.655
165541,0.47
165542,0.5625
165543,0.5325
165544,0.5775
165545,0.6125
165546,0.5125
165547,0.6025
165548,0.4
165549,0.4975
165550,0.47
165551,0.625
165552,0.515
165553,0.6
165554,0.5275
165555,0.3425
165556,0.4875
165557,0.5775
165558,0.4475
165559,0.4825
165560,0.4725
165561,0.4075
165562,0.53
165563,0.485
165564,0.56
165565,0.3275
165566,0.57
165567,0.6025
165568,0.435
165569,0.63
165570,0.4825
165571,0.445
165572,0.35
165573,0.49
165574,0.3675
165575,0.44
165576,0.415
165577,0.4275
165578,0.44
165579,0.515
165580,0.45
165581,0.485
165582,0.465
165583,0.55
165584,0.3875
165585,0.505
165586,0.4025
165587,0.63
165588,0.405
165589,0.6925
165590,0.5225
165591,0.63
165592,0.545
165593,0.525
165594,0.4375
165595,0.68
165596,0.415
165597,0.56
165598,0.5975
165599,0.515
165600,0.4675
165601,0.3275
165602,0.3475
165603,0.5875
165604,0.405
165605,0.405
165606,0.5075
165607,0.54
165608,0.5075
165609,0.585
165610,0.7025
165611,0.4825
165612,0.4625
165613,0.4425
165614,0.6475
165615,0.67
165616,0.5125
165617,0.4
165618,0.4025
165619,0.5325
165620,0.365
165621,0.485
165622,0.5875
165623,0.475
165624,0.5075
165625,0.5725
165626,0.34
165627,0.61
165628,0.5025
165629,0.5075
165630,0.6425
165631,0.4025
165632,0.4575
165633,0.2825
165634,0.3925
165635,0.3775
165636,0.4175
165637,0.4575
165638,0.5825
165639,0.4225
165640,0.53
165641,0.595
165642,0.3275
165643,0.5925
165644,0.7175
165645,0.43
165646,0.4775
165647,0.5275
165648,0.59
165649,0.6575
165650,0.6075
165651,0.5425
165652,0.5325
165653,0.6175
165654,0.5375
165655,0.375
165656,0.37
165657,0.5625
165658,0.4825
165659,0.68
165660,0.34
165661,0.5225
165662,0.44
165663,0.33
165664,0.51
165665,0.615
165666,0.355
165667,0.3975
165668,0.465
165669,0.6625
165670,0.47
165671,0.5175
165672,0.61
165673,0.5525
165674,0.52
165675,0.505
165676,0.555
165677,0.505
165678,0.385
165679,0.2925
165680,0.58
165681,0.37
165682,0.3475
165683,0.435
165684,0.4525
165685,0.4075
165686,0.535
165687,0.6725
165688,0.3775
165689,0.475
165690,0.64
165691,0.4925
165692,0.5475
165693,0.45
165694,0.5525
165695,0.43
165696,0.5675
165697,0.58
165698,0.465
165699,0.515
165700,0.465
165701,0.4675
165702,0.4425
165703,0.6325
165704,0.505
165705,0.6075
165706,0.46
165707,0.4975
165708,0.4125
165709,0.4575
165710,0.3775
165711,0.4775
165712,0.66
165713,0.4275
165714,0.55
165715,0.3175
165716,0.5225
165717,0.415
165718,0.6
165719,0.39
165720,0.5525
165721,0.3575
165722,0.49
165723,0.5425
165724,0.3725
165725,0.5725
165726,0.53
165727,0.55
165728,0.5425
165729,0.3925
165730,0.385
165731,0.6875
165732,0.4325
165733,0.4425
165734,0.5025
165735,0.53
165736,0.4575
165737,0.6625
165738,0.4275
165739,0.435
165740,0.5425
165741,0.5625
165742,0.66
165743,0.48
165744,0.5775
165745,0.45
165746,0.56
165747,0.48
165748,0.4375
165749,0.5825
165750,0.59
165751,0.4575
165752,0.475
165753,0.525
165754,0.545
165755,0.57
165756,0.4675
165757,0.7125
165758,0.6275
165759,0.6025
165760,0.4225
165761,0.475
165762,0.3875
165763,0.4225
165764,0.45
165765,0.475
165766,0.33
165767,0.425
165768,0.545
165769,0.5475
165770,0.3875
165771,0.635
165772,0.5025
165773,0.38
165774,0.5375
165775,0.455
165776,0.5925
165777,0.3675
165778,0.5425
165779,0.475
165780,0.335
165781,0.475
165782,0.69
165783,0.5525
165784,0.4875
165785,0.445
165786,0.5025
165787,0.5425
165788,0.3075
165789,0.57
165790,0.35
165791,0.535
165792,0.475
165793,0.4825
165794,0.5225
165795,0.435
165796,0.5025
165797,0.5075
165798,0.51
165799,0.5325
165800,0.37
165801,0.4575
165802,0.475
165803,0.4575
165804,0.5925
165805,0.455
165806,0.565
165807,0.3775
165808,0.59
165809,0.4825
165810,0.425
165811,0.4325
165812,0.5075
165813,0.395
165814,0.335
165815,0.325
165816,0.4725
165817,0.4525
165818,0.5425
165819,0.5375
165820,0.37
165821,0.56
165822,0.46
165823,0.73
165824,0.445
165825,0.45
165826,0.595
165827,0.4275
165828,0.42
165829,0.3825
165830,0.46
165831,0.4925
165832,0.3675
165833,0.635
165834,0.4575
165835,0.4375
165836,0.435
165837,0.5175
165838,0.5175
165839,0.415
165840,0.45
165841,0.46
165842,0.385
165843,0.67
165844,0.57
165845,0.67
165846,0.42
165847,0.3325
165848,0.4775
165849,0.425
165850,0.54
165851,0.3825
165852,0.4875
165853,0.47
165854,0.4475
165855,0.4325
165856,0.505
165857,0.4625
165858,0.4125
165859,0.365
165860,0.4
165861,0.4675
165862,0.5625
165863,0.5925
165864,0.4325
165865,0.4525
165866,0.5425
165867,0.52
165868,0.71
165869,0.3875
165870,0.4875
165871,0.3375
165872,0.5125
165873,0.38
165874,0.49
165875,0.5125
165876,0.665
165877,0.495
165878,0.4125
165879,0.63
165880,0.5775
165881,0.485
165882,0.4725
165883,0.495
165884,0.5375
165885,0.5225
165886,0.56
165887,0.3675
165888,0.3275
165889,0.5325
165890,0.4
165891,0.485
165892,0.445
165893,0.5875
165894,0.4025
165895,0.39
165896,0.5125
165897,0.295
165898,0.38
165899,0.4525
165900,0.4525
165901,0.51
165902,0.4575
165903,0.4
165904,0.4725
165905,0.3425
165906,0.4125
165907,0.5525
165908,0.4675
165909,0.4475
165910,0.5175
165911,0.54
165912,0.465
165913,0.3625
165914,0.5875
165915,0.39
165916,0.5375
165917,0.2
165918,0.5025
165919,0.5875
165920,0.5875
165921,0.6325
165922,0.4225
165923,0.575
165924,0.515
165925,0.59
165926,0.4225
165927,0.33
165928,0.6125
165929,0.7
165930,0.5075
165931,0.6675
165932,0.3725
165933,0.4725
165934,0.5325
165935,0.6375
165936,0.365
165937,0.645
165938,0.3675
165939,0.3775
165940,0.4
165941,0.4225
165942,0.515
165943,0.465
165944,0.3825
165945,0.73
165946,0.34
165947,0.445
165948,0.3375
165949,0.36
165950,0.43
165951,0.3025
165952,0.4825
165953,0.6225
165954,0.39
165955,0.6675
165956,0.44
165957,0.555
165958,0.3475
165959,0.4225
165960,0.48
165961,0.56
165962,0.54
165963,0.5675
165964,0.52
165965,0.445
165966,0.5225
165967,0.615
165968,0.6825
165969,0.53
165970,0.4125
165971,0.3725
165972,0.58
165973,0.38
165974,0.5975
165975,0.565
165976,0.47
165977,0.5475
165978,0.46
165979,0.705
165980,0.24
165981,0.585
165982,0.35
165983,0.305
165984,0.4325
165985,0.48
165986,0.4075
165987,0.465
165988,0.4025
165989,0.3425
165990,0.5825
165991,0.445
165992,0.5075
165993,0.48
165994,0.56
165995,0.58
165996,0.3825
165997,0.535
165998,0.3575
165999,0.4925
166000,0.38
166001,0.435
166002,0.6325
166003,0.3975
166004,0.5975
166005,0.485
166006,0.5025
166007,0.455
166008,0.52
166009,0.4175
166010,0.565
166011,0.3975
166012,0.3875
166013,0.4775
166014,0.3775
166015,0.51
166016,0.54
166017,0.565
166018,0.5875
166019,0.615
166020,0.5025
166021,0.5725
166022,0.365
166023,0.425
166024,0.4425
166025,0.3325
166026,0.555
166027,0.43
166028,0.4475
166029,0.4375
166030,0.3925
166031,0.465
166032,0.375
166033,0.495
166034,0.37
166035,0.435
166036,0.525
166037,0.4675
166038,0.4625
166039,0.4475
166040,0.425
166041,0.375
166042,0.4375
166043,0.445
166044,0.5075
166045,0.3975
166046,0.4075
166047,0.4425
166048,0.41
166049,0.49
166050,0.58
166051,0.605
166052,0.46
166053,0.47
166054,0.6275
166055,0.475
166056,0.445
166057,0.4025
166058,0.3975
166059,0.4975
166060,0.515
166061,0.3925
166062,0.395
166063,0.5475
166064,0.4025
166065,0.5375
166066,0.5825
166067,0.4725
166068,0.5825
166069,0.42
166070,0.5125
166071,0.5
166072,0.4525
166073,0.4875
166074,0.55
166075,0.3875
166076,0.41
166077,0.4975
166078,0.455
166079,0.435
166080,0.4625
166081,0.52
166082,0.38
166083,0.48
166084,0.5125
166085,0.4425
166086,0.4375
166087,0.49
166088,0.3975
166089,0.5075
166090,0.6025
166091,0.4825
166092,0.395
166093,0.565
166094,0.485
166095,0.6075
166096,0.4075
166097,0.4175
166098,0.5275
166099,0.5025
166100,0.4275
166101,0.5525
166102,0.45
166103,0.3275
166104,0.31
166105,0.38
166106,0.505
166107,0.4775
166108,0.385
166109,0.4625
166110,0.48
166111,0.3925
166112,0.425
166113,0.455
166114,0.525
166115,0.4225
166116,0.595
166117,0.51
166118,0.5225
166119,0.725
166120,0.425
166121,0.6175
166122,0.505
166123,0.43
166124,0.3675
166125,0.425
166126,0.485
166127,0.4225
166128,0.62
166129,0.64
166130,0.555
166131,0.4825
166132,0.5125
166133,0.63
166134,0.5275
166135,0.4975
166136,0.335
166137,0.4125
166138,0.495
166139,0.4725
166140,0.5975
166141,0.45
166142,0.4825
166143,0.6175
166144,0.4225
166145,0.7275
166146,0.4475
166147,0.4
166148,0.5125
166149,0.365
166150,0.33
166151,0.33
166152,0.5
166153,0.4775
166154,0.3725
166155,0.435
166156,0.395
166157,0.4125
166158,0.545
166159,0.51
166160,0.38
166161,0.63
166162,0.5175
166163,0.3675
166164,0.3475
166165,0.3175
166166,0.44
166167,0.585
166168,0.51
166169,0.625
166170,0.4975
166171,0.5
166172,0.515
166173,0.515
166174,0.42
166175,0.4225
166176,0.4025
166177,0.415
166178,0.5575
166179,0.3775
166180,0.4375
166181,0.5325
166182,0.475
166183,0.505
166184,0.445
166185,0.485
166186,0.5575
166187,0.43
166188,0.6425
166189,0.455
166190,0.5325
166191,0.4875
166192,0.455
166193,0.3225
166194,0.62
166195,0.505
166196,0.645
166197,0.3475
166198,0.3475
166199,0.5825
166200,0.4675
166201,0.47
166202,0.5125
166203,0.5175
166204,0.43
166205,0.395
166206,0.36
166207,0.4175
166208,0.565
166209,0.565
166210,0.485
166211,0.355
166212,0.4975
166213,0.435
166214,0.3125
166215,0.63
166216,0.3925
166217,0.37
166218,0.4575
166219,0.39
166220,0.3725
166221,0.415
166222,0.4075
166223,0.3775
166224,0.645
166225,0.46
166226,0.5425
166227,0.4675
166228,0.5275
166229,0.3475
166230,0.47
166231,0.3475
166232,0.6
166233,0.56
166234,0.545
166235,0.38
166236,0.3975
166237,0.3475
166238,0.48
166239,0.5225
166240,0.395
166241,0.445
166242,0.5075
166243,0.4275
166244,0.4925
166245,0.3075
166246,0.3425
166247,0.5225
166248,0.395
166249,0.3775
166250,0.445
166251,0.495
166252,0.415
166253,0.44
166254,0.4825
166255,0.51
166256,0.4325
166257,0.6475
166258,0.48
166259,0.5875
166260,0.7575
166261,0.355
166262,0.5175
166263,0.405
166264,0.5675
166265,0.505
166266,0.5625
166267,0.5175
166268,0.4525
166269,0.4875
166270,0.5575
166271,0.505
166272,0.615
166273,0.3725
166274,0.5225
166275,0.4675
166276,0.495
166277,0.5675
166278,0.4425
166279,0.4875
166280,0.3875
166281,0.3875
166282,0.5575
166283,0.52
166284,0.39
166285,0.36
166286,0.565
166287,0.4125
166288,0.48
166289,0.46
166290,0.535
166291,0.53
166292,0.53
166293,0.5925
166294,0.56
166295,0.6025
166296,0.4425
166297,0.3025
166298,0.435
166299,0.5275
166300,0.4275
166301,0.4775
166302,0.48
166303,0.425
166304,0.365
166305,0.5675
166306,0.465
166307,0.6075
166308,0.47
166309,0.565
166310,0.3525
166311,0.44
166312,0.46
166313,0.5
166314,0.465
166315,0.3525
166316,0.48
166317,0.595
166318,0.4625
166319,0.59
166320,0.5025
166321,0.5825
166322,0.36
166323,0.41
166324,0.54
166325,0.4025
166326,0.4475
166327,0.505
166328,0.4175
166329,0.57
166330,0.3625
166331,0.61
166332,0.5125
166333,0.4175
166334,0.45
166335,0.5
166336,0.4975
166337,0.4775
166338,0.525
166339,0.5125
166340,0.4775
166341,0.4025
166342,0.4675
166343,0.6275
166344,0.47
166345,0.415
166346,0.45
166347,0.4475
166348,0.6325
166349,0.5275
166350,0.4675
166351,0.5975
166352,0.3175
166353,0.4375
166354,0.5875
166355,0.63
166356,0.4025
166357,0.3425
166358,0.4125
166359,0.485
166360,0.465
166361,0.505
166362,0.5025
166363,0.4375
166364,0.415
166365,0.445
166366,0.38
166367,0.4
166368,0.4
166369,0.355
166370,0.3675
166371,0.3925
166372,0.5925
166373,0.3775
166374,0.5675
166375,0.4875
166376,0.51
166377,0.615
166378,0.38
166379,0.5525
166380,0.5575
166381,0.455
166382,0.505
166383,0.4625
166384,0.4925
166385,0.455
166386,0.6075
166387,0.495
166388,0.3975
166389,0.375
166390,0.5025
166391,0.5075
166392,0.54
166393,0.415
166394,0.545
166395,0.4
166396,0.5925
166397,0.3775
166398,0.5625
166399,0.6525
166400,0.455
166401,0.4475
166402,0.355
166403,0.3275
166404,0.48
166405,0.555
166406,0.4875
166407,0.3175
166408,0.455
166409,0.4675
166410,0.4375
166411,0.465
166412,0.57
166413,0.5425
166414,0.5925
166415,0.63
166416,0.3975
166417,0.3575
166418,0.4275
166419,0.4425
166420,0.5025
166421,0.3575
166422,0.48
166423,0.4275
166424,0.465
166425,0.455
166426,0.465
166427,0.3725
166428,0.4575
166429,0.4775
166430,0.525
166431,0.5375
166432,0.475
166433,0.4975
166434,0.5475
166435,0.51
166436,0.3675
166437,0.4125
166438,0.35
166439,0.4425
166440,0.525
166441,0.4725
166442,0.48
166443,0.605
166444,0.46
166445,0.4075
166446,0.3325
166447,0.4125
166448,0.6275
166449,0.535
166450,0.5725
166451,0.455
166452,0.4475
166453,0.4
166454,0.5425
166455,0.42
166456,0.6125
166457,0.4175
166458,0.4825
166459,0.4175
166460,0.455
166461,0.505
166462,0.6075
166463,0.375
166464,0.38
166465,0.3725
166466,0.675
166467,0.505
166468,0.48
166469,0.4375
166470,0.4675
166471,0.535
166472,0.6475
166473,0.45
166474,0.5725
166475,0.425
166476,0.59
166477,0.4975
166478,0.4775
166479,0.4875
166480,0.5
166481,0.3575
166482,0.445
166483,0.5475
166484,0.54
166485,0.3975
166486,0.5775
166487,0.4975
166488,0.4975
166489,0.4025
166490,0.3875
166491,0.3625
166492,0.4575
166493,0.47
166494,0.5775
166495,0.49
166496,0.415
166497,0.5725
166498,0.47
166499,0.54
166500,0.71
166501,0.355
166502,0.4825
166503,0.51
166504,0.515
166505,0.3075
166506,0.52
166507,0.4475
166508,0.525
166509,0.65
166510,0.4675
166511,0.405
166512,0.5225
166513,0.55
166514,0.475
166515,0.3975
166516,0.395
166517,0.39
166518,0.5225
166519,0.45
166520,0.18
166521,0.6725
166522,0.6025
166523,0.4075
166524,0.465
166525,0.46
166526,0.4775
166527,0.525
166528,0.3625
166529,0.425
166530,0.635
166531,0.4725
166532,0.57
166533,0.62
166534,0.555
166535,0.46
166536,0.5625
166537,0.5475
166538,0.4725
166539,0.4575
166540,0.6925
166541,0.3725
166542,0.42
166543,0.545
166544,0.37
166545,0.4425
166546,0.2875
166547,0.595
166548,0.345
166549,0.4325
166550,0.5825
166551,0.43
166552,0.4925
166553,0.5475
166554,0.6275
166555,0.5475
166556,0.5925
166557,0.3625
166558,0.3375
166559,0.55
166560,0.4
166561,0.81
166562,0.675
166563,0.43
166564,0.4925
166565,0.59
166566,0.4875
166567,0.3675
166568,0.52
166569,0.7025
166570,0.4775
166571,0.3475
166572,0.3475
166573,0.51
166574,0.5175
166575,0.305
166576,0.55
166577,0.3525
166578,0.5425
166579,0.2875
166580,0.4775
166581,0.6275
166582,0.445
166583,0.4675
166584,0.555
166585,0.3975
166586,0.7225
166587,0.51
166588,0.4225
166589,0.575
166590,0.5325
166591,0.405
166592,0.5
166593,0.495
166594,0.58
166595,0.455
166596,0.4425
166597,0.47
166598,0.55
166599,0.55
166600,0.5125
166601,0.64
166602,0.4625
166603,0.485
166604,0.4025
166605,0.3475
166606,0.5525
166607,0.585
166608,0.6325
166609,0.455
166610,0.6525
166611,0.4275
166612,0.4275
166613,0.45
166614,0.53
166615,0.44
166616,0.565
166617,0.4425
166618,0.6375
166619,0.5075
166620,0.405
166621,0.6575
166622,0.5875
166623,0.48
166624,0.4525
166625,0.65
166626,0.5025
166627,0.4825
166628,0.4
166629,0.5425
166630,0.415
166631,0.385
166632,0.4025
166633,0.5825
166634,0.4225
166635,0.3825
166636,0.58
166637,0.6175
166638,0.6175
166639,0.4725
166640,0.47
166641,0.4675
166642,0.545
166643,0.465
166644,0.5575
166645,0.5875
166646,0.5375
166647,0.47
166648,0.6025
166649,0.4225
166650,0.55
166651,0.455
166652,0.4475
166653,0.7475
166654,0.4025
166655,0.3675
166656,0.4125
166657,0.4225
166658,0.365
166659,0.335
166660,0.33
166661,0.35
166662,0.38
166663,0.3375
166664,0.465
166665,0.43
166666,0.4675
166667,0.6075
166668,0.4975
166669,0.4525
166670,0.5875
166671,0.47
166672,0.4525
166673,0.5975
166674,0.45
166675,0.425
166676,0.4725
166677,0.5125
166678,0.4
166679,0.375
166680,0.5
166681,0.58
166682,0.4525
166683,0.4825
166684,0.4875
166685,0.44
166686,0.4275
166687,0.66
166688,0.6325
166689,0.6275
166690,0.3075
166691,0.5075
166692,0.5325
166693,0.32
166694,0.535
166695,0.475
166696,0.545
166697,0.6225
166698,0.435
166699,0.6525
166700,0.49
166701,0.395
166702,0.565
166703,0.5275
166704,0.3875
166705,0.365
166706,0.555
166707,0.53
166708,0.3425
166709,0.32
166710,0.5225
166711,0.385
166712,0.465
166713,0.4625
166714,0.4275
166715,0.3525
166716,0.5525
166717,0.4625
166718,0.54
166719,0.6175
166720,0.5275
166721,0.4525
166722,0.4825
166723,0.43
166724,0.555
166725,0.295
166726,0.545
166727,0.595
166728,0.5525
166729,0.6475
166730,0.4675
166731,0.52
166732,0.485
166733,0.4125
166734,0.4825
166735,0.3975
166736,0.445
166737,0.52
166738,0.465
166739,0.5725
166740,0.5525
166741,0.36
166742,0.58
166743,0.4475
166744,0.475
166745,0.66
166746,0.4925
166747,0.415
166748,0.585
166749,0.5125
166750,0.485
166751,0.4475
166752,0.5775
166753,0.59
166754,0.5025
166755,0.5575
166756,0.5125
166757,0.525
166758,0.445
166759,0.545
166760,0.4575
166761,0.485
166762,0.5325
166763,0.355
166764,0.7825
166765,0.3925
166766,0.59
166767,0.5075
166768,0.6775
166769,0.6225
166770,0.4
166771,0.515
166772,0.4875
166773,0.325
166774,0.535
166775,0.42
166776,0.5275
166777,0.32
166778,0.4625
166779,0.4925
166780,0.7175
166781,0.4575
166782,0.6625
166783,0.4325
166784,0.47
166785,0.3625
166786,0.435
166787,0.42
166788,0.4625
166789,0.5175
166790,0.4725
166791,0.4825
166792,0.555
166793,0.535
166794,0.32
166795,0.6725
166796,0.46
166797,0.61
166798,0.6325
166799,0.5325
166800,0.35
166801,0.5
166802,0.54
166803,0.515
166804,0.61
166805,0.7025
166806,0.52
166807,0.45
166808,0.4725
166809,0.45
166810,0.5375
166811,0.5475
166812,0.43
166813,0.42
166814,0.415
166815,0.5425
166816,0.5
166817,0.5075
166818,0.29
166819,0.615
166820,0.51
166821,0.505
166822,0.4575
166823,0.42
166824,0.3625
166825,0.435
166826,0.425
166827,0.4925
166828,0.375
166829,0.44
166830,0.475
166831,0.4375
166832,0.51
166833,0.3975
166834,0.485
166835,0.505
166836,0.495
166837,0.3975
166838,0.39
166839,0.58
166840,0.6575
166841,0.44
166842,0.59
166843,0.655
166844,0.41
166845,0.5475
166846,0.48
166847,0.645
166848,0.52
166849,0.4075
166850,0.485
166851,0.45
166852,0.5725
166853,0.585
166854,0.67
166855,0.3675
166856,0.55
166857,0.4525
166858,0.53
166859,0.5825
166860,0.5525
166861,0.475
166862,0.495
166863,0.7125
166864,0.4575
166865,0.5425
166866,0.675
166867,0.715
166868,0.5225
166869,0.485
166870,0.71
166871,0.4725
166872,0.4775
166873,0.51
166874,0.42
166875,0.5725
166876,0.5325
166877,0.4625
166878,0.4625
166879,0.28
166880,0.42
166881,0.4325
166882,0.5475
166883,0.5875
166884,0.585
166885,0.4925
166886,0.3425
166887,0.5325
166888,0.5875
166889,0.4975
166890,0.51
166891,0.6325
166892,0.62
166893,0.39
166894,0.685
166895,0.6825
166896,0.4725
166897,0.635
166898,0.415
166899,0.6475
166900,0.7275
166901,0.5075
166902,0.4425
166903,0.675
166904,0.5425
166905,0.6225
166906,0.485
166907,0.5475
166908,0.53
166909,0.4075
166910,0.475
166911,0.5275
166912,0.425
166913,0.565
166914,0.37
166915,0.4675
166916,0.41
166917,0.6525
166918,0.5625
166919,0.54
166920,0.51
166921,0.5625
166922,0.58
166923,0.425
166924,0.495
166925,0.4625
166926,0.5725
166927,0.4675
166928,0.345
166929,0.46
166930,0.365
166931,0.485
166932,0.39
166933,0.5125
166934,0.5575
166935,0.68
166936,0.325
166937,0.5125
166938,0.4425
166939,0.47
166940,0.4925
166941,0.5825
166942,0.4925
166943,0.39
166944,0.415
166945,0.3625
166946,0.5375
166947,0.395
166948,0.425
166949,0.5
166950,0.4
166951,0.3875
166952,0.42
166953,0.5225
166954,0.56
166955,0.3725
166956,0.5875
166957,0.3875
166958,0.59
166959,0.505
166960,0.615
166961,0.55
166962,0.4725
166963,0.4825
166964,0.45
166965,0.495
166966,0.48
166967,0.5075
166968,0.345
166969,0.45
166970,0.42
166971,0.55
166972,0.53
166973,0.4675
166974,0.6625
166975,0.455
166976,0.5675
166977,0.525
166978,0.4475
166979,0.575
166980,0.385
166981,0.465
166982,0.4775
166983,0.575
166984,0.4175
166985,0.48
166986,0.515
166987,0.625
166988,0.6325
166989,0.62
166990,0.4225
166991,0.4825
166992,0.555
166993,0.55
166994,0.465
166995,0.4275
166996,0.37
166997,0.605
166998,0.605
166999,0.555
167000,0.64
167001,0.57
167002,0.5025
167003,0.4875
167004,0.3975
167005,0.4625
167006,0.435
167007,0.3375
167008,0.545
167009,0.57
167010,0.4625
167011,0.54
167012,0.52
167013,0.455
167014,0.4375
167015,0.53
167016,0.515
167017,0.2825
167018,0.42
167019,0.3725
167020,0.4925
167021,0.34
167022,0.42
167023,0.325
167024,0.55
167025,0.37
167026,0.51
167027,0.4925
167028,0.37
167029,0.4225
167030,0.4025
167031,0.29
167032,0.3275
167033,0.41
167034,0.4625
167035,0.3575
167036,0.365
167037,0.3275
167038,0.37
167039,0.375
167040,0.3525
167041,0.3175
167042,0.35
167043,0.405
167044,0.335
167045,0.375
167046,0.485
167047,0.335
167048,0.38
167049,0.4925
167050,0.395
167051,0.3
167052,0.4225
167053,0.4025
167054,0.4575
167055,0.355
167056,0.495
167057,0.385
167058,0.4475
167059,0.48
167060,0.63
167061,0.455
167062,0.59
167063,0.485
167064,0.4125
167065,0.4225
167066,0.4225
167067,0.5625
167068,0.4425
167069,0.485
167070,0.565
167071,0.4975
167072,0.4625
167073,0.4325
167074,0.5725
167075,0.4725
167076,0.6
167077,0.4275
167078,0.4125
167079,0.4925
167080,0.45
167081,0.42
167082,0.4225
167083,0.4125
167084,0.61
167085,0.42
167086,0.5675
167087,0.52
167088,0.4425
167089,0.6175
167090,0.595
167091,0.4625
167092,0.4425
167093,0.3175
167094,0.2875
167095,0.8025
167096,0.4125
167097,0.4775
167098,0.4825
167099,0.5175
167100,0.5275
167101,0.6525
167102,0.6025
167103,0.545
167104,0.455
167105,0.3875
167106,0.505
167107,0.505
167108,0.45
167109,0.4775
167110,0.5525
167111,0.3625
167112,0.42
167113,0.465
167114,0.515
167115,0.375
167116,0.3475
167117,0.45
167118,0.375
167119,0.485
167120,0.53
167121,0.4275
167122,0.39
167123,0.7025
167124,0.4675
167125,0.405
167126,0.495
167127,0.445
167128,0.675
167129,0.51
167130,0.5225
167131,0.4425
167132,0.43
167133,0.6525
167134,0.47
167135,0.43
167136,0.62
167137,0.475
167138,0.585
167139,0.49
167140,0.455
167141,0.3475
167142,0.51
167143,0.4875
167144,0.4825
167145,0.3625
167146,0.35
167147,0.39
167148,0.4775
167149,0.7925
167150,0.4875
167151,0.3725
167152,0.345
167153,0.3725
167154,0.465
167155,0.5775
167156,0.455
167157,0.575
167158,0.57
167159,0.6575
167160,0.5575
167161,0.5975
167162,0.5025
167163,0.4025
167164,0.395
167165,0.3025
167166,0.465
167167,0.5225
167168,0.51
167169,0.485
167170,0.3875
167171,0.435
167172,0.415
167173,0.5775
167174,0.46
167175,0.6275
167176,0.4525
167177,0.48
167178,0.455
167179,0.5125
167180,0.65
167181,0.4625
167182,0.7925
167183,0.5525
167184,0.485
167185,0.4675
167186,0.43
167187,0.455
167188,0.305
167189,0.5725
167190,0.5175
167191,0.5825
167192,0.5
167193,0.57
167194,0.3575
167195,0.4675
167196,0.515
167197,0.56
167198,0.4625
167199,0.525
167200,0.5575
167201,0.36
167202,0.4675
167203,0.4
167204,0.4175
167205,0.455
167206,0.485
167207,0.4575
167208,0.57
167209,0.71
167210,0.395
167211,0.4325
167212,0.435
167213,0.53
167214,0.53
167215,0.425
167216,0.4175
167217,0.44
167218,0.4675
167219,0.5325
167220,0.5
167221,0.46
167222,0.6275
167223,0.525
167224,0.5975
167225,0.5575
167226,0.48
167227,0.4625
167228,0.395
167229,0.335
167230,0.425
167231,0.565
167232,0.435
167233,0.4025
167234,0.4075
167235,0.51
167236,0.5
167237,0.47
167238,0.32
167239,0.495
167240,0.48
167241,0.5425
167242,0.5575
167243,0.4875
167244,0.5825
167245,0.455
167246,0.415
167247,0.5425
167248,0.4575
167249,0.6125
167250,0.3925
167251,0.4275
167252,0.57
167253,0.3675
167254,0.39
167255,0.465
167256,0.46
167257,0.4175
167258,0.6125
167259,0.6425
167260,0.415
167261,0.53
167262,0.52
167263,0.6
167264,0.62
167265,0.465
167266,0.5925
167267,0.68
167268,0.5575
167269,0.6825
167270,0.33
167271,0.4
167272,0.3775
167273,0.6025
167274,0.5875
167275,0.59
167276,0.4625
167277,0.575
167278,0.5375
167279,0.5
167280,0.3575
167281,0.375
167282,0.5825
167283,0.615
167284,0.645
167285,0.45
167286,0.4125
167287,0.5475
167288,0.4825
167289,0.5025
167290,0.3525
167291,0.46
167292,0.6
167293,0.6225
167294,0.45
167295,0.4375
167296,0.4975
167297,0.5975
167298,0.62
167299,0.6575
167300,0.535
167301,0.505
167302,0.4025
167303,0.395
167304,0.62
167305,0.51
167306,0.625
167307,0.4725
167308,0.3875
167309,0.565
167310,0.535
167311,0.5875
167312,0.475
167313,0.43
167314,0.405
167315,0.5225
167316,0.4625
167317,0.4375
167318,0.58
167319,0.445
167320,0.375
167321,0.53
167322,0.46
167323,0.4325
167324,0.6425
167325,0.475
167326,0.4075
167327,0.58
167328,0.525
167329,0.575
167330,0.5025
167331,0.4775
167332,0.345
167333,0.48
167334,0.5025
167335,0.435
167336,0.45
167337,0.5175
167338,0.4025
167339,0.56
167340,0.59
167341,0.5
167342,0.55
167343,0.5375
167344,0.4725
167345,0.5875
167346,0.3825
167347,0.58
167348,0.5175
167349,0.4625
167350,0.4425
167351,0.4475
167352,0.4475
167353,0.485
167354,0.6275
167355,0.44
167356,0.5475
167357,0.355
167358,0.7075
167359,0.45
167360,0.56
167361,0.6475
167362,0.4925
167363,0.66
167364,0.46
167365,0.6525
167366,0.4
167367,0.54
167368,0.45
167369,0.505
167370,0.52
167371,0.63
167372,0.6
167373,0.6025
167374,0.65
167375,0.4675
167376,0.4975
167377,0.4
167378,0.63
167379,0.48
167380,0.4475
167381,0.4875
167382,0.65
167383,0.5725
167384,0.455
167385,0.515
167386,0.4375
167387,0.415
167388,0.5375
167389,0.475
167390,0.7
167391,0.39
167392,0.5425
167393,0.44
167394,0.5575
167395,0.5025
167396,0.44
167397,0.51
167398,0.48
167399,0.4525
167400,0.5875
167401,0.4325
167402,0.445
167403,0.5025
167404,0.5175
167405,0.58
167406,0.4725
167407,0.4725
167408,0.585
167409,0.5175
167410,0.4675
167411,0.5125
167412,0.5125
167413,0.4125
167414,0.475
167415,0.43
167416,0.52
167417,0.465
167418,0.5175
167419,0.3925
167420,0.6725
167421,0.5175
167422,0.545
167423,0.635
167424,0.5475
167425,0.52
167426,0.5825
167427,0.49
167428,0.4825
167429,0.4525
167430,0.5775
167431,0.5025
167432,0.615
167433,0.5475
167434,0.4925
167435,0.5275
167436,0.5275
167437,0.565
167438,0.475
167439,0.31
167440,0.4975
167441,0.545
167442,0.555
167443,0.4425
167444,0.71
167445,0.595
167446,0.6525
167447,0.405
167448,0.4525
167449,0.54
167450,0.47
167451,0.43
167452,0.54
167453,0.3875
167454,0.69
167455,0.59
167456,0.545
167457,0.605
167458,0.465
167459,0.48
167460,0.565
167461,0.5425
167462,0.485
167463,0.4175
167464,0.4975
167465,0.5175
167466,0.4475
167467,0.365
167468,0.3725
167469,0.515
167470,0.47
167471,0.3775
167472,0.5775
167473,0.5925
167474,0.42
167475,0.585
167476,0.52
167477,0.4775
167478,0.5775
167479,0.4525
167480,0.45
167481,0.6075
167482,0.4925
167483,0.505
167484,0.5475
167485,0.6125
167486,0.4975
167487,0.51
167488,0.36
167489,0.51
167490,0.4525
167491,0.6675
167492,0.52
167493,0.5475
167494,0.495
167495,0.59
167496,0.4275
167497,0.495
167498,0.6125
167499,0.53
167500,0.595
167501,0.57
167502,0.635
167503,0.445
167504,0.4725
167505,0.4175
167506,0.465
167507,0.395
167508,0.3775
167509,0.545
167510,0.365
167511,0.6325
167512,0.5025
167513,0.485
167514,0.3925
167515,0.4125
167516,0.2125
167517,0.455
167518,0.3625
167519,0.645
167520,0.4625
167521,0.4975
167522,0.25
167523,0.48
167524,0.4475
167525,0.4675
167526,0.4975
167527,0.4875
167528,0.43
167529,0.3425
167530,0.3725
167531,0.4125
167532,0.57
167533,0.5075
167534,0.525
167535,0.4375
167536,0.51
167537,0.465
167538,0.4075
167539,0.525
167540,0.3875
167541,0.44
167542,0.455
167543,0.4625
167544,0.4775
167545,0.28
167546,0.4925
167547,0.715
167548,0.43
167549,0.575
167550,0.515
167551,0.4075
167552,0.4575
167553,0.655
167554,0.3825
167555,0.5375
167556,0.5325
167557,0.49
167558,0.5875
167559,0.5475
167560,0.4125
167561,0.65
167562,0.47
167563,0.5675
167564,0.5875
167565,0.6325
167566,0.4525
167567,0.58
167568,0.53
167569,0.53
167570,0.4625
167571,0.4775
167572,0.5025
167573,0.5525
167574,0.52
167575,0.5625
167576,0.685
167577,0.645
167578,0.4275
167579,0.4475
167580,0.5575
167581,0.41
167582,0.41
167583,0.345
167584,0.3825
167585,0.58
167586,0.63
167587,0.435
167588,0.4825
167589,0.47
167590,0.425
167591,0.4775
167592,0.4075
167593,0.42
167594,0.3675
167595,0.4825
167596,0.5025
167597,0.3975
167598,0.545
167599,0.5525
167600,0.3925
167601,0.3575
167602,0.585
167603,0.6225
167604,0.625
167605,0.58
167606,0.5275
167607,0.5575
167608,0.3625
167609,0.57
167610,0.45
167611,0.4475
167612,0.505
167613,0.545
167614,0.49
167615,0.515
167616,0.4325
167617,0.5475
167618,0.475
167619,0.5125
167620,0.4875
167621,0.49
167622,0.535
167623,0.4275
167624,0.505
167625,0.48
167626,0.59
167627,0.45
167628,0.4575
167629,0.5725
167630,0.4975
167631,0.4125
167632,0.5025
167633,0.57
167634,0.54
167635,0.4925
167636,0.475
167637,0.42
167638,0.5325
167639,0.5175
167640,0.4025
167641,0.42
167642,0.535
167643,0.375
167644,0.6125
167645,0.5375
167646,0.355
167647,0.4975
167648,0.555
167649,0.52
167650,0.3975
167651,0.3875
167652,0.445
167653,0.5475
167654,0.5175
167655,0.41
167656,0.515
167657,0.3975
167658,0.2575
167659,0.5425
167660,0.5425
167661,0.615
167662,0.44
167663,0.665
167664,0.5525
167665,0.475
167666,0.575
167667,0.3975
167668,0.52
167669,0.4775
167670,0.415
167671,0.38
167672,0.5075
167673,0.4975
167674,0.6375
167675,0.37
167676,0.5775
167677,0.4975
167678,0.59
167679,0.455
167680,0.495
167681,0.5575
167682,0.525
167683,0.565
167684,0.5425
167685,0.4175
167686,0.495
167687,0.4425
167688,0.5325
167689,0.5625
167690,0.5
167691,0.5075
167692,0.39
167693,0.5
167694,0.59
167695,0.4725
167696,0.5325
167697,0.4375
167698,0.4925
167699,0.4675
167700,0.4725
167701,0.6
167702,0.4925
167703,0.5475
167704,0.4925
167705,0.4875
167706,0.3725
167707,0.66
167708,0.49
167709,0.37
167710,0.56
167711,0.52
167712,0.4825
167713,0.4025
167714,0.6425
167715,0.4375
167716,0.4775
167717,0.4075
167718,0.48
167719,0.5125
167720,0.55
167721,0.4225
167722,0.3525
167723,0.37
167724,0.475
167725,0.6425
167726,0.3175
167727,0.5475
167728,0.465
167729,0.4875
167730,0.4125
167731,0.5
167732,0.4425
167733,0.6875
167734,0.5425
167735,0.55
167736,0.6875
167737,0.5175
167738,0.645
167739,0.635
167740,0.465
167741,0.405
167742,0.6825
167743,0.4775
167744,0.47
167745,0.5
167746,0.45
167747,0.45
167748,0.665
167749,0.6025
167750,0.435
167751,0.52
167752,0.4725
167753,0.3975
167754,0.435
167755,0.445
167756,0.485
167757,0.64
167758,0.3925
167759,0.6475
167760,0.6825
167761,0.2325
167762,0.6675
167763,0.4175
167764,0.675
167765,0.4525
167766,0.7275
167767,0.4175
167768,0.57
167769,0.6025
167770,0.5375
167771,0.5975
167772,0.455
167773,0.4
167774,0.4225
167775,0.4975
167776,0.3675
167777,0.4825
167778,0.445
167779,0.465
167780,0.5475
167781,0.5125
167782,0.415
167783,0.435
167784,0.65
167785,0.4575
167786,0.5475
167787,0.52
167788,0.4375
167789,0.62
167790,0.495
167791,0.48
167792,0.415
167793,0.5
167794,0.575
167795,0.4525
167796,0.52
167797,0.6275
167798,0.58
167799,0.5225
167800,0.5525
167801,0.505
167802,0.3575
167803,0.4475
167804,0.3575
167805,0.4725
167806,0.41
167807,0.47
167808,0.4575
167809,0.4575
167810,0.4225
167811,0.5
167812,0.38
167813,0.47
167814,0.405
167815,0.615
167816,0.5
167817,0.6275
167818,0.46
167819,0.57
167820,0.64
167821,0.48
167822,0.38
167823,0.485
167824,0.425
167825,0.5625
167826,0.61
167827,0.4175
167828,0.495
167829,0.5675
167830,0.5375
167831,0.36
167832,0.5025
167833,0.46
167834,0.5425
167835,0.39
167836,0.5325
167837,0.34
167838,0.4525
167839,0.36
167840,0.3475
167841,0.495
167842,0.59
167843,0.5275
167844,0.735
167845,0.4675
167846,0.535
167847,0.46
167848,0.3425
167849,0.595
167850,0.52
167851,0.52
167852,0.4875
167853,0.4375
167854,0.515
167855,0.5325
167856,0.49
167857,0.525
167858,0.455
167859,0.3575
167860,0.4775
167861,0.56
167862,0.4775
167863,0.5125
167864,0.5175
167865,0.4875
167866,0.4
167867,0.5175
167868,0.36
167869,0.55
167870,0.4075
167871,0.5825
167872,0.475
167873,0.4625
167874,0.4
167875,0.5475
167876,0.455
167877,0.405
167878,0.41
167879,0.4025
167880,0.4775
167881,0.5975
167882,0.6075
167883,0.525
167884,0.45
167885,0.385
167886,0.52
167887,0.5925
167888,0.4975
167889,0.5825
167890,0.51
167891,0.465
167892,0.6175
167893,0.5425
167894,0.57
167895,0.5175
167896,0.5175
167897,0.555
167898,0.54
167899,0.495
167900,0.5825
167901,0.495
167902,0.415
167903,0.36
167904,0.6
167905,0.42
167906,0.57
167907,0.5725
167908,0.395
167909,0.4825
167910,0.5475
167911,0.6475
167912,0.4575
167913,0.5675
167914,0.5075
167915,0.5575
167916,0.525
167917,0.685
167918,0.635
167919,0.5525
167920,0.445
167921,0.55
167922,0.53
167923,0.5425
167924,0.4375
167925,0.6325
167926,0.5625
167927,0.585
167928,0.5075
167929,0.4575
167930,0.535
167931,0.4425
167932,0.4275
167933,0.46
167934,0.405
167935,0.41
167936,0.5425
167937,0.3675
167938,0.5475
167939,0.4575
167940,0.4725
167941,0.4825
167942,0.655
167943,0.425
167944,0.465
167945,0.39
167946,0.36
167947,0.56
167948,0.5975
167949,0.4875
167950,0.5925
167951,0.495
167952,0.43
167953,0.4125
167954,0.35
167955,0.4975
167956,0.6375
167957,0.51
167958,0.495
167959,0.4075
167960,0.4
167961,0.595
167962,0.615
167963,0.415
167964,0.4675
167965,0.4225
167966,0.565
167967,0.6475
167968,0.48
167969,0.445
167970,0.585
167971,0.3925
167972,0.3525
167973,0.58
167974,0.4825
167975,0.4875
167976,0.495
167977,0.6075
167978,0.3475
167979,0.44
167980,0.53
167981,0.46
167982,0.54
167983,0.655
167984,0.5175
167985,0.6025
167986,0.4525
167987,0.43
167988,0.565
167989,0.3625
167990,0.4575
167991,0.3875
167992,0.3525
167993,0.58
167994,0.62
167995,0.48
167996,0.425
167997,0.565
167998,0.4275
167999,0.455
168000,0.4375
168001,0.62
168002,0.605
168003,0.4775
168004,0.4575
168005,0.495
168006,0.55
168007,0.505
168008,0.44
168009,0.4125
168010,0.4425
168011,0.605
168012,0.3125
168013,0.4175
168014,0.345
168015,0.63
168016,0.4275
168017,0.45
168018,0.45
168019,0.65
168020,0.45
168021,0.6775
168022,0.69
168023,0.51
168024,0.3725
168025,0.6175
168026,0.6825
168027,0.5325
168028,0.505
168029,0.515
168030,0.425
168031,0.39
168032,0.585
168033,0.3725
168034,0.45
168035,0.49
168036,0.465
168037,0.5275
168038,0.68
168039,0.335
168040,0.4425
168041,0.5475
168042,0.55
168043,0.45
168044,0.6475
168045,0.5775
168046,0.59
168047,0.395
168048,0.6
168049,0.47
168050,0.5525
168051,0.44
168052,0.4825
168053,0.45
168054,0.495
168055,0.45
168056,0.3875
168057,0.455
168058,0.3375
168059,0.515
168060,0.485
168061,0.5
168062,0.57
168063,0.475
168064,0.37
168065,0.4325
168066,0.495
168067,0.44
168068,0.3925
168069,0.355
168070,0.475
168071,0.48
168072,0.39
168073,0.38
168074,0.4475
168075,0.56
168076,0.4225
168077,0.4275
168078,0.5025
168079,0.68
168080,0.7925
168081,0.55
168082,0.4075
168083,0.6425
168084,0.475
168085,0.3725
168086,0.6625
168087,0.5375
168088,0.3475
168089,0.475
168090,0.5225
168091,0.535
168092,0.4875
168093,0.6075
168094,0.4975
168095,0.605
168096,0.485
168097,0.4425
168098,0.6
168099,0.3875
168100,0.5125
168101,0.5225
168102,0.5225
168103,0.465
168104,0.54
168105,0.4475
168106,0.43
168107,0.38
168108,0.475
168109,0.405
168110,0.615
168111,0.3675
168112,0.4825
168113,0.5725
168114,0.5325
168115,0.3475
168116,0.475
168117,0.565
168118,0.6525
168119,0.445
168120,0.66
168121,0.375
168122,0.6275
168123,0.5075
168124,0.405
168125,0.47
168126,0.44
168127,0.6575
168128,0.44
168129,0.4775
168130,0.415
168131,0.5225
168132,0.425
168133,0.685
168134,0.5
168135,0.5575
168136,0.495
168137,0.56
168138,0.575
168139,0.475
168140,0.455
168141,0.57
168142,0.555
168143,0.4475
168144,0.4175
168145,0.6325
168146,0.5725
168147,0.5525
168148,0.475
168149,0.4375
168150,0.4475
168151,0.565
168152,0.42
168153,0.4475
168154,0.4175
168155,0.3075
168156,0.495
168157,0.4425
168158,0.6025
168159,0.515
168160,0.3875
168161,0.4425
168162,0.515
168163,0.54
168164,0.3725
168165,0.61
168166,0.495
168167,0.5525
168168,0.4725
168169,0.4425
168170,0.4925
168171,0.5725
168172,0.6175
168173,0.44
168174,0.72
168175,0.5275
168176,0.5125
168177,0.6
168178,0.3175
168179,0.4825
168180,0.41
168181,0.565
168182,0.465
168183,0.5375
168184,0.4075
168185,0.4425
168186,0.4675
168187,0.465
168188,0.51
168189,0.5625
168190,0.5175
168191,0.6375
168192,0.645
168193,0.5625
168194,0.4975
168195,0.4525
168196,0.66
168197,0.5025
168198,0.4075
168199,0.425
168200,0.49
168201,0.555
168202,0.525
168203,0.5525
168204,0.4825
168205,0.43
168206,0.3075
168207,0.505
168208,0.455
168209,0.605
168210,0.775
168211,0.6525
168212,0.53
168213,0.4425
168214,0.4425
168215,0.34
168216,0.485
168217,0.47
168218,0.485
168219,0.565
168220,0.4175
168221,0.7025
168222,0.48
168223,0.69
168224,0.47
168225,0.355
168226,0.685
168227,0.6525
168228,0.485
168229,0.53
168230,0.425
168231,0.5175
168232,0.4425
168233,0.415
168234,0.4425
168235,0.4425
168236,0.47
168237,0.37
168238,0.59
168239,0.54
168240,0.4275
168241,0.5675
168242,0.43
168243,0.5175
168244,0.5325
168245,0.4825
168246,0.3525
168247,0.42
168248,0.415
168249,0.575
168250,0.4175
168251,0.415
168252,0.505
168253,0.6125
168254,0.525
168255,0.57
168256,0.455
168257,0.3725
168258,0.4475
168259,0.5475
168260,0.345
168261,0.6525
168262,0.47
168263,0.43
168264,0.39
168265,0.66
168266,0.6225
168267,0.5425
168268,0.4425
168269,0.4525
168270,0.685
168271,0.62
168272,0.4975
168273,0.4575
168274,0.5175
168275,0.615
168276,0.5475
168277,0.31
168278,0.4675
168279,0.54
168280,0.5
168281,0.4925
168282,0.625
168283,0.515
168284,0.3825
168285,0.4275
168286,0.46
168287,0.435
168288,0.4675
168289,0.545
168290,0.5775
168291,0.475
168292,0.4775
168293,0.435
168294,0.5
168295,0.4575
168296,0.5125
168297,0.5275
168298,0.39
168299,0.4275
168300,0.445
168301,0.5425
168302,0.5325
168303,0.67
168304,0.425
168305,0.4525
168306,0.4375
168307,0.63
168308,0.5325
168309,0.4825
168310,0.4325
168311,0.4225
168312,0.49
168313,0.3125
168314,0.535
168315,0.5925
168316,0.645
168317,0.4775
168318,0.46
168319,0.54
168320,0.4225
168321,0.52
168322,0.45
168323,0.485
168324,0.5725
168325,0.4225
168326,0.4575
168327,0.5125
168328,0.315
168329,0.4925
168330,0.44
168331,0.525
168332,0.7325
168333,0.575
168334,0.4725
168335,0.465
168336,0.43
168337,0.365
168338,0.67
168339,0.4575
168340,0.64
168341,0.5025
168342,0.5325
168343,0.46
168344,0.56
168345,0.4575
168346,0.46
168347,0.4825
168348,0.495
168349,0.3725
168350,0.5225
168351,0.55
168352,0.5725
168353,0.3075
168354,0.715
168355,0.6875
168356,0.3925
168357,0.5175
168358,0.4525
168359,0.7325
168360,0.405
168361,0.5925
168362,0.4175
168363,0.6225
168364,0.5
168365,0.5375
168366,0.5225
168367,0.595
168368,0.59
168369,0.4975
168370,0.4875
168371,0.4475
168372,0.485
168373,0.4325
168374,0.495
168375,0.5625
168376,0.49
168377,0.455
168378,0.5275
168379,0.4625
168380,0.5425
168381,0.7275
168382,0.64
168383,0.5
168384,0.6875
168385,0.3725
168386,0.45
168387,0.61
168388,0.48
168389,0.505
168390,0.69
168391,0.55
168392,0.615
168393,0.56
168394,0.5525
168395,0.57
168396,0.395
168397,0.415
168398,0.4875
168399,0.5825
168400,0.575
168401,0.58
168402,0.595
168403,0.6625
168404,0.45
168405,0.5375
168406,0.71
168407,0.515
168408,0.4875
168409,0.6225
168410,0.4125
168411,0.4825
168412,0.6775
168413,0.665
168414,0.5775
168415,0.5375
168416,0.4725
168417,0.5
168418,0.6075
168419,0.5575
168420,0.5475
168421,0.62
168422,0.5275
168423,0.4375
168424,0.4625
168425,0.4375
168426,0.5325
168427,0.72
168428,0.44
168429,0.5075
168430,0.3775
168431,0.4975
168432,0.565
168433,0.6525
168434,0.4625
168435,0.4875
168436,0.35
168437,0.725
168438,0.67
168439,0.3175
168440,0.475
168441,0.5925
168442,0.785
168443,0.4675
168444,0.4825
168445,0.5775
168446,0.44
168447,0.6475
168448,0.3775
168449,0.635
168450,0.4175
168451,0.47
168452,0.475
168453,0.395
168454,0.48
168455,0.53
168456,0.47
168457,0.4975
168458,0.43
168459,0.46
168460,0.61
168461,0.41
168462,0.4825
168463,0.4425
168464,0.3975
168465,0.5025
168466,0.73
168467,0.4425
168468,0.61
168469,0.66
168470,0.6825
168471,0.4675
168472,0.5425
168473,0.46
168474,0.57
168475,0.4875
168476,0.585
168477,0.3875
168478,0.49
168479,0.58
168480,0.5125
168481,0.6475
168482,0.24
168483,0.465
168484,0.495
168485,0.5225
168486,0.525
168487,0.5375
168488,0.4375
168489,0.37
168490,0.6275
168491,0.5625
168492,0.66
168493,0.565
168494,0.49
168495,0.4875
168496,0.45
168497,0.475
168498,0.495
168499,0.585
168500,0.5825
168501,0.56
168502,0.33
168503,0.42
168504,0.505
168505,0.595
168506,0.455
168507,0.5975
168508,0.415
168509,0.5975
168510,0.49
168511,0.485
168512,0.4925
168513,0.3475
168514,0.65
168515,0.545
168516,0.56
168517,0.47
168518,0.6375
168519,0.3375
168520,0.6125
168521,0.6575
168522,0.565
168523,0.395
168524,0.55
168525,0.6125
168526,0.5825
168527,0.5075
168528,0.335
168529,0.4475
168530,0.45
168531,0.4475
168532,0.435
168533,0.5475
168534,0.46
168535,0.615
168536,0.495
168537,0.4775
168538,0.5525
168539,0.3225
168540,0.455
168541,0.5375
168542,0.5225
168543,0.45
168544,0.4025
168545,0.4725
168546,0.515
168547,0.4475
168548,0.6475
168549,0.39
168550,0.4525
168551,0.4275
168552,0.385
168553,0.55
168554,0.4525
168555,0.5175
168556,0.395
168557,0.4475
168558,0.6425
168559,0.545
168560,0.52
168561,0.5
168562,0.525
168563,0.38
168564,0.5275
168565,0.3875
168566,0.51
168567,0.5425
168568,0.64
168569,0.5925
168570,0.5
168571,0.4775
168572,0.6475
168573,0.5475
168574,0.44
168575,0.415
168576,0.545
168577,0.57
168578,0.62
168579,0.445
168580,0.595
168581,0.5025
168582,0.3975
168583,0.505
168584,0.52
168585,0.535
168586,0.3975
168587,0.5375
168588,0.4625
168589,0.5225
168590,0.575
168591,0.465
168592,0.495
168593,0.4175
168594,0.52
168595,0.5525
168596,0.5675
168597,0.605
168598,0.715
168599,0.4975
168600,0.465
168601,0.59
168602,0.4275
168603,0.515
168604,0.3075
168605,0.3275
168606,0.5825
168607,0.4275
168608,0.495
168609,0.3225
168610,0.655
168611,0.5125
168612,0.4425
168613,0.44
168614,0.4125
168615,0.44
168616,0.5325
168617,0.415
168618,0.39
168619,0.55
168620,0.4325
168621,0.3725
168622,0.4775
168623,0.4475
168624,0.565
168625,0.59
168626,0.4175
168627,0.63
168628,0.5275
168629,0.5075
168630,0.565
168631,0.4525
168632,0.4925
168633,0.4
168634,0.55
168635,0.3725
168636,0.365
168637,0.4425
168638,0.4225
168639,0.45
168640,0.5125
168641,0.6
168642,0.5325
168643,0.595
168644,0.62
168645,0.5725
168646,0.61
168647,0.62
168648,0.6025
168649,0.5725
168650,0.5275
168651,0.485
168652,0.5225
168653,0.62
168654,0.37
168655,0.45
168656,0.5675
168657,0.66
168658,0.345
168659,0.58
168660,0.4825
168661,0.5125
168662,0.4875
168663,0.6425
168664,0.43
168665,0.4675
168666,0.5075
168667,0.6525
168668,0.55
168669,0.5725
168670,0.34
168671,0.5725
168672,0.4675
168673,0.3775
168674,0.595
168675,0.5725
168676,0.5575
168677,0.4225
168678,0.5475
168679,0.4625
168680,0.46
168681,0.5075
168682,0.61
168683,0.4425
168684,0.49
168685,0.41
168686,0.4425
168687,0.4625
168688,0.44
168689,0.67
168690,0.465
168691,0.535
168692,0.54
168693,0.535
168694,0.525
168695,0.5225
168696,0.4375
168697,0.6175
168698,0.62
168699,0.4825
168700,0.37
168701,0.7275
168702,0.51
168703,0.54
168704,0.44
168705,0.4625
168706,0.4825
168707,0.5
168708,0.49
168709,0.6425
168710,0.5875
168711,0.545
168712,0.5525
168713,0.4275
168714,0.43
168715,0.515
168716,0.455
168717,0.585
168718,0.6025
168719,0.4
168720,0.5825
168721,0.5075
168722,0.495
168723,0.58
168724,0.435
168725,0.4875
168726,0.605
168727,0.5325
168728,0.4775
168729,0.5675
168730,0.5625
168731,0.445
168732,0.4
168733,0.4825
168734,0.575
168735,0.4875
168736,0.4475
168737,0.615
168738,0.545
168739,0.56
168740,0.5325
168741,0.4875
168742,0.43
168743,0.4675
168744,0.6025
168745,0.6325
168746,0.56
168747,0.5475
168748,0.6175
168749,0.57
168750,0.465
168751,0.355
168752,0.3375
168753,0.4
168754,0.43
168755,0.2425
168756,0.595
168757,0.5225
168758,0.49
168759,0.3425
168760,0.44
168761,0.5775
168762,0.4325
168763,0.5275
168764,0.6325
168765,0.4925
168766,0.3825
168767,0.4525
168768,0.4775
168769,0.4425
168770,0.4175
168771,0.5725
168772,0.5325
168773,0.46
168774,0.5425
168775,0.5425
168776,0.4225
168777,0.485
168778,0.4675
168779,0.5725
168780,0.4425
168781,0.43
168782,0.6175
168783,0.585
168784,0.665
168785,0.44
168786,0.485
168787,0.555
168788,0.5125
168789,0.4625
168790,0.53
168791,0.46
168792,0.4225
168793,0.54
168794,0.4375
168795,0.345
168796,0.5475
168797,0.5475
168798,0.565
168799,0.49
168800,0.46
168801,0.345
168802,0.4
168803,0.6725
168804,0.42
168805,0.515
168806,0.5875
168807,0.47
168808,0.4925
168809,0.37
168810,0.45
168811,0.495
168812,0.445
168813,0.4875
168814,0.54
168815,0.4625
168816,0.435
168817,0.3525
168818,0.5825
168819,0.5075
168820,0.5125
168821,0.3675
168822,0.475
168823,0.58
168824,0.5175
168825,0.685
168826,0.5125
168827,0.52
168828,0.5625
168829,0.66
168830,0.435
168831,0.38
168832,0.4075
168833,0.4525
168834,0.675
168835,0.4125
168836,0.635
168837,0.52
168838,0.5725
168839,0.4825
168840,0.445
168841,0.4525
168842,0.47
168843,0.415
168844,0.4625
168845,0.4925
168846,0.4125
168847,0.5425
168848,0.525
168849,0.41
168850,0.575
168851,0.465
168852,0.4325
168853,0.5825
168854,0.4475
168855,0.3775
168856,0.47
168857,0.5225
168858,0.4525
168859,0.4575
168860,0.3725
168861,0.33
168862,0.545
168863,0.6
168864,0.4625
168865,0.3375
168866,0.2675
168867,0.3875
168868,0.5
168869,0.55
168870,0.5575
168871,0.5375
168872,0.68
168873,0.5675
168874,0.4875
168875,0.4125
168876,0.5225
168877,0.32
168878,0.405
168879,0.5675
168880,0.3675
168881,0.4925
168882,0.685
168883,0.45
168884,0.445
168885,0.4425
168886,0.4525
168887,0.505
168888,0.3825
168889,0.3825
168890,0.5
168891,0.54
168892,0.3975
168893,0.4825
168894,0.4075
168895,0.5025
168896,0.54
168897,0.4275
168898,0.57
168899,0.6475
168900,0.44
168901,0.45
168902,0.6775
168903,0.5775
168904,0.6875
168905,0.5125
168906,0.495
168907,0.4375
168908,0.5525
168909,0.445
168910,0.4725
168911,0.4275
168912,0.41
168913,0.425
168914,0.42
168915,0.43
168916,0.435
168917,0.5575
168918,0.5625
168919,0.5625
168920,0.43
168921,0.3925
168922,0.505
168923,0.6025
168924,0.5025
168925,0.5
168926,0.56
168927,0.52
168928,0.465
168929,0.4175
168930,0.475
168931,0.4625
168932,0.5325
168933,0.425
168934,0.4575
168935,0.4175
168936,0.475
168937,0.5475
168938,0.5525
168939,0.5075
168940,0.575
168941,0.445
168942,0.62
168943,0.5675
168944,0.61
168945,0.455
168946,0.555
168947,0.48
168948,0.35
168949,0.4275
168950,0.36
168951,0.48
168952,0.6225
168953,0.4325
168954,0.3525
168955,0.44
168956,0.515
168957,0.4325
168958,0.6275
168959,0.615
168960,0.54
168961,0.445
168962,0.5475
168963,0.4225
168964,0.555
168965,0.4175
168966,0.62
168967,0.6725
168968,0.4425
168969,0.4425
168970,0.6075
168971,0.5875
168972,0.38
168973,0.3625
168974,0.42
168975,0.4075
168976,0.625
168977,0.4275
168978,0.4475
168979,0.5
168980,0.4425
168981,0.5325
168982,0.4925
168983,0.435
168984,0.465
168985,0.745
168986,0.6025
168987,0.46
168988,0.505
168989,0.4975
168990,0.4925
168991,0.3975
168992,0.495
168993,0.5475
168994,0.47
168995,0.4875
168996,0.4275
168997,0.43
168998,0.4325
168999,0.4975
169000,0.6425
169001,0.365
169002,0.5225
169003,0.7
169004,0.3975
169005,0.33
169006,0.415
169007,0.47
169008,0.4425
169009,0.4525
169010,0.5275
169011,0.56
169012,0.4925
169013,0.46
169014,0.52
169015,0.5225
169016,0.4225
169017,0.6225
169018,0.4225
169019,0.475
169020,0.4325
169021,0.4925
169022,0.435
169023,0.545
169024,0.68
169025,0.455
169026,0.4725
169027,0.4075
169028,0.6975
169029,0.43
169030,0.54
169031,0.485
169032,0.5975
169033,0.525
169034,0.505
169035,0.4025
169036,0.41
169037,0.6175
169038,0.54
169039,0.3625
169040,0.4325
169041,0.5
169042,0.5225
169043,0.5025
169044,0.5575
169045,0.4675
169046,0.7025
169047,0.4225
169048,0.4475
169049,0.3125
169050,0.58
169051,0.525
169052,0.49
169053,0.61
169054,0.505
169055,0.51
169056,0.6525
169057,0.4225
169058,0.55
169059,0.5325
169060,0.5875
169061,0.5925
169062,0.3875
169063,0.45
169064,0.545
169065,0.4425
169066,0.565
169067,0.5125
169068,0.42
169069,0.6075
169070,0.495
169071,0.5275
169072,0.4875
169073,0.4175
169074,0.675
169075,0.3875
169076,0.57
169077,0.55
169078,0.77
169079,0.4325
169080,0.3775
169081,0.66
169082,0.3325
169083,0.5175
169084,0.4775
169085,0.365
169086,0.37
169087,0.3875
169088,0.515
169089,0.6375
169090,0.58
169091,0.3575
169092,0.665
169093,0.615
169094,0.4975
169095,0.42
169096,0.5825
169097,0.505
169098,0.4975
169099,0.3275
169100,0.6425
169101,0.4
169102,0.5325
169103,0.365
169104,0.5725
169105,0.48
169106,0.3775
169107,0.5775
169108,0.4825
169109,0.37
169110,0.425
169111,0.4375
169112,0.5825
169113,0.52
169114,0.6075
169115,0.61
169116,0.5275
169117,0.5425
169118,0.4375
169119,0.4375
169120,0.5025
169121,0.495
169122,0.4475
169123,0.42
169124,0.5325
169125,0.5325
169126,0.4675
169127,0.375
169128,0.5175
169129,0.54
169130,0.4325
169131,0.53
169132,0.49
169133,0.4975
169134,0.6525
169135,0.51
169136,0.4025
169137,0.4675
169138,0.6725
169139,0.465
169140,0.455
169141,0.6025
169142,0.62
169143,0.485
169144,0.54
169145,0.62
169146,0.4175
169147,0.39
169148,0.675
169149,0.345
169150,0.3975
169151,0.6375
169152,0.57
169153,0.5425
169154,0.6325
169155,0.475
169156,0.455
169157,0.4275
169158,0.435
169159,0.485
169160,0.6275
169161,0.72
169162,0.445
169163,0.465
169164,0.51
169165,0.465
169166,0.6025
169167,0.6125
169168,0.4725
169169,0.5475
169170,0.525
169171,0.5175
169172,0.4675
169173,0.57
169174,0.5225
169175,0.5175
169176,0.5525
169177,0.7225
169178,0.4975
169179,0.5275
169180,0.6225
169181,0.4025
169182,0.5475
169183,0.5175
169184,0.4125
169185,0.5825
169186,0.5675
169187,0.5125
169188,0.3975
169189,0.395
169190,0.515
169191,0.46
169192,0.4875
169193,0.4125
169194,0.635
169195,0.5525
169196,0.6225
169197,0.7125
169198,0.535
169199,0.5125
169200,0.34
169201,0.4325
169202,0.43
169203,0.45
169204,0.55
169205,0.5575
169206,0.575
169207,0.565
169208,0.48
169209,0.5375
169210,0.5175
169211,0.4925
169212,0.7325
169213,0.2675
169214,0.4975
169215,0.3475
169216,0.4425
169217,0.5525
169218,0.3075
169219,0.3375
169220,0.475
169221,0.4825
169222,0.425
169223,0.405
169224,0.55
169225,0.5825
169226,0.3625
169227,0.485
169228,0.515
169229,0.54
169230,0.645
169231,0.6775
169232,0.585
169233,0.595
169234,0.4775
169235,0.615
169236,0.57
169237,0.5675
169238,0.5575
169239,0.4025
169240,0.485
169241,0.3725
169242,0.445
169243,0.6075
169244,0.475
169245,0.485
169246,0.4925
169247,0.5725
169248,0.55
169249,0.63
169250,0.57
169251,0.4025
169252,0.4375
169253,0.595
169254,0.485
169255,0.5075
169256,0.6
169257,0.2925
169258,0.5
169259,0.445
169260,0.4475
169261,0.4675
169262,0.7525
169263,0.645
169264,0.47
169265,0.4875
169266,0.4475
169267,0.435
169268,0.4825
169269,0.6175
169270,0.415
169271,0.4425
169272,0.62
169273,0.58
169274,0.46
169275,0.4925
169276,0.63
169277,0.4175
169278,0.4525
169279,0.375
169280,0.3375
169281,0.5775
169282,0.3925
169283,0.56
169284,0.5725
169285,0.4975
169286,0.4675
169287,0.5625
169288,0.52
169289,0.525
169290,0.5175
169291,0.4375
169292,0.6125
169293,0.4075
169294,0.4475
169295,0.36
169296,0.54
169297,0.6675
169298,0.555
169299,0.365
169300,0.515
169301,0.5
169302,0.53
169303,0.425
169304,0.36
169305,0.3775
169306,0.58
169307,0.5325
169308,0.67
169309,0.6675
169310,0.4625
169311,0.4475
169312,0.505
169313,0.475
169314,0.3625
169315,0.5375
169316,0.6275
169317,0.6075
169318,0.46
169319,0.3975
169320,0.45
169321,0.4625
169322,0.5025
169323,0.5425
169324,0.4325
169325,0.5375
169326,0.42
169327,0.3725
169328,0.5225
169329,0.5125
169330,0.34
169331,0.525
169332,0.3725
169333,0.4175
169334,0.625
169335,0.4625
169336,0.5125
169337,0.3825
169338,0.4275
169339,0.64
169340,0.4075
169341,0.475
169342,0.245
169343,0.5125
169344,0.4875
169345,0.4225
169346,0.4875
169347,0.4
169348,0.4125
169349,0.4075
169350,0.4825
169351,0.4825
169352,0.4775
169353,0.4875
169354,0.405
169355,0.3825
169356,0.4675
169357,0.48
169358,0.45
169359,0.555
169360,0.405
169361,0.5625
169362,0.445
169363,0.4575
169364,0.5075
169365,0.465
169366,0.3625
169367,0.555
169368,0.435
169369,0.475
169370,0.4275
169371,0.42
169372,0.47
169373,0.5675
169374,0.43
169375,0.3125
169376,0.225
169377,0.36
169378,0.54
169379,0.4475
169380,0.525
169381,0.45
169382,0.4925
169383,0.41
169384,0.6
169385,0.3525
169386,0.6825
169387,0.405
169388,0.465
169389,0.49
169390,0.515
169391,0.6175
169392,0.5025
169393,0.6625
169394,0.59
169395,0.44
169396,0.46
169397,0.4825
169398,0.47
169399,0.5175
169400,0.555
169401,0.5575
169402,0.685
169403,0.4375
169404,0.3725
169405,0.445
169406,0.43
169407,0.6075
169408,0.405
169409,0.33
169410,0.72
169411,0.4525
169412,0.33
169413,0.5425
169414,0.39
169415,0.3125
169416,0.52
169417,0.505
169418,0.57
169419,0.5475
169420,0.4625
169421,0.5125
169422,0.555
169423,0.5425
169424,0.4025
169425,0.3775
169426,0.5075
169427,0.625
169428,0.7
169429,0.6975
169430,0.4275
169431,0.5375
169432,0.465
169433,0.5275
169434,0.385
169435,0.465
169436,0.405
169437,0.4325
169438,0.37
169439,0.58
169440,0.3375
169441,0.5025
169442,0.405
169443,0.62
169444,0.5425
169445,0.5375
169446,0.44
169447,0.6275
169448,0.6175
169449,0.5525
169450,0.4775
169451,0.4275
169452,0.49
169453,0.4525
169454,0.555
169455,0.385
169456,0.64
169457,0.5
169458,0.395
169459,0.5625
169460,0.495
169461,0.7075
169462,0.4175
169463,0.6525
169464,0.5025
169465,0.51
169466,0.4625
169467,0.37
169468,0.5275
169469,0.445
169470,0.4075
169471,0.36
169472,0.515
169473,0.5225
169474,0.4125
169475,0.51
169476,0.645
169477,0.455
169478,0.5425
169479,0.425
169480,0.295
169481,0.42
169482,0.5275
169483,0.685
169484,0.675
169485,0.3875
169486,0.38
169487,0.54
169488,0.51
169489,0.5825
169490,0.67
169491,0.3225
169492,0.44
169493,0.485
169494,0.525
169495,0.6175
169496,0.5325
169497,0.4975
169498,0.46
169499,0.6025
169500,0.59
169501,0.62
169502,0.64
169503,0.5125
169504,0.5325
169505,0.535
169506,0.4575
169507,0.51
169508,0.44
169509,0.5225
169510,0.355
169511,0.4525
169512,0.42
169513,0.425
169514,0.4425
169515,0.5
169516,0.53
169517,0.67
169518,0.4325
169519,0.4575
169520,0.46
169521,0.4725
169522,0.5425
169523,0.4875
169524,0.385
169525,0.52
169526,0.6075
169527,0.535
169528,0.505
169529,0.5625
169530,0.555
169531,0.485
169532,0.5275
169533,0.4525
169534,0.505
169535,0.5075
169536,0.51
169537,0.425
169538,0.45
169539,0.3575
169540,0.6875
169541,0.515
169542,0.4875
169543,0.5475
169544,0.45
169545,0.45
169546,0.3675
169547,0.635
169548,0.45
169549,0.38
169550,0.56
169551,0.4425
169552,0.72
169553,0.48
169554,0.3275
169555,0.47
169556,0.5425
169557,0.5775
169558,0.5675
169559,0.4475
169560,0.5525
169561,0.605
169562,0.4725
169563,0.41
169564,0.365
169565,0.57
169566,0.635
169567,0.4925
169568,0.34
169569,0.595
169570,0.455
169571,0.38
169572,0.535
169573,0.4775
169574,0.5075
169575,0.4975
169576,0.46
169577,0.31
169578,0.625
169579,0.5975
169580,0.5775
169581,0.5425
169582,0.485
169583,0.435
169584,0.4625
169585,0.63
169586,0.58
169587,0.4225
169588,0.3975
169589,0.5
169590,0.3725
169591,0.475
169592,0.5325
169593,0.4675
169594,0.59
169595,0.4725
169596,0.5425
169597,0.55
169598,0.475
169599,0.4675
169600,0.5125
169601,0.43
169602,0.585
169603,0.4625
169604,0.45
169605,0.6175
169606,0.4225
169607,0.5475
169608,0.42
169609,0.325
169610,0.4425
169611,0.6175
169612,0.4675
169613,0.5825
169614,0.4725
169615,0.49
169616,0.47
169617,0.4875
169618,0.4775
169619,0.4175
169620,0.565
169621,0.4925
169622,0.475
169623,0.445
169624,0.47
169625,0.5325
169626,0.47
169627,0.5325
169628,0.525
169629,0.6225
169630,0.4725
169631,0.575
169632,0.54
169633,0.3375
169634,0.5375
169635,0.61
169636,0.4125
169637,0.62
169638,0.52
169639,0.5425
169640,0.595
169641,0.4975
169642,0.505
169643,0.5
169644,0.505
169645,0.4875
169646,0.605
169647,0.3725
169648,0.375
169649,0.48
169650,0.53
169651,0.5025
169652,0.41
169653,0.59
169654,0.6775
169655,0.685
169656,0.6325
169657,0.2625
169658,0.6925
169659,0.4475
169660,0.4525
169661,0.47
169662,0.4625
169663,0.6075
169664,0.5125
169665,0.49
169666,0.3675
169667,0.525
169668,0.385
169669,0.6525
169670,0.3
169671,0.375
169672,0.4975
169673,0.4
169674,0.465
169675,0.51
169676,0.4975
169677,0.6175
169678,0.4525
169679,0.67
169680,0.63
169681,0.36
169682,0.465
169683,0.51
169684,0.4625
169685,0.515
169686,0.47
169687,0.415
169688,0.51
169689,0.475
169690,0.495
169691,0.4975
169692,0.5075
169693,0.405
169694,0.635
169695,0.595
169696,0.5325
169697,0.43
169698,0.445
169699,0.5075
169700,0.565
169701,0.4525
169702,0.305
169703,0.4075
169704,0.445
169705,0.4725
169706,0.465
169707,0.395
169708,0.425
169709,0.5925
169710,0.695
169711,0.3925
169712,0.535
169713,0.4875
169714,0.5725
169715,0.5075
169716,0.4625
169717,0.5375
169718,0.4
169719,0.4375
169720,0.3925
169721,0.375
169722,0.58
169723,0.485
169724,0.6375
169725,0.4625
169726,0.465
169727,0.5525
169728,0.59
169729,0.44
169730,0.4725
169731,0.4375
169732,0.53
169733,0.5775
169734,0.4925
169735,0.565
169736,0.6325
169737,0.43
169738,0.4825
169739,0.615
169740,0.4475
169741,0.685
169742,0.6225
169743,0.39
169744,0.47
169745,0.6725
169746,0.6025
169747,0.49
169748,0.505
169749,0.665
169750,0.465
169751,0.5175
169752,0.5
169753,0.5275
169754,0.48
169755,0.49
169756,0.425
169757,0.4025
169758,0.525
169759,0.425
169760,0.4975
169761,0.7425
169762,0.555
169763,0.685
169764,0.6025
169765,0.4625
169766,0.485
169767,0.575
169768,0.3525
169769,0.455
169770,0.4
169771,0.3975
169772,0.4825
169773,0.3575
169774,0.54
169775,0.4825
169776,0.4425
169777,0.57
169778,0.5025
169779,0.3625
169780,0.435
169781,0.48
169782,0.45
169783,0.44
169784,0.4125
169785,0.6525
169786,0.4175
169787,0.5975
169788,0.6125
169789,0.48
169790,0.4475
169791,0.6025
169792,0.6525
169793,0.41
169794,0.5
169795,0.475
169796,0.48
169797,0.4425
169798,0.475
169799,0.4
169800,0.4525
169801,0.6025
169802,0.47
169803,0.4925
169804,0.62
169805,0.48
169806,0.4575
169807,0.615
169808,0.48
169809,0.6325
169810,0.37
169811,0.62
169812,0.5325
169813,0.535
169814,0.615
169815,0.4375
169816,0.5775
169817,0.46
169818,0.6325
169819,0.565
169820,0.5375
169821,0.4725
169822,0.5375
169823,0.4675
169824,0.6125
169825,0.405
169826,0.445
169827,0.585
169828,0.5175
169829,0.6125
169830,0.46
169831,0.68
169832,0.41
169833,0.3575
169834,0.515
169835,0.5125
169836,0.485
169837,0.4675
169838,0.4475
169839,0.36
169840,0.385
169841,0.4275
169842,0.5
169843,0.5775
169844,0.5175
169845,0.68
169846,0.435
169847,0.4925
169848,0.5525
169849,0.43
169850,0.4975
169851,0.6225
169852,0.4825
169853,0.465
169854,0.5825
169855,0.5375
169856,0.3775
169857,0.58
169858,0.4625
169859,0.4975
169860,0.54
169861,0.5325
169862,0.4625
169863,0.53
169864,0.5825
169865,0.4275
169866,0.565
169867,0.4125
169868,0.595
169869,0.4275
169870,0.43
169871,0.5525
169872,0.4825
169873,0.4075
169874,0.76
169875,0.425
169876,0.67
169877,0.355
169878,0.4025
169879,0.4125
169880,0.5325
169881,0.6375
169882,0.505
169883,0.5275
169884,0.3625
169885,0.475
169886,0.4375
169887,0.435
169888,0.615
169889,0.4125
169890,0.43
169891,0.51
169892,0.4425
169893,0.4975
169894,0.56
169895,0.665
169896,0.3875
169897,0.4475
169898,0.51
169899,0.64
169900,0.3925
169901,0.5575
169902,0.445
169903,0.46
169904,0.435
169905,0.5325
169906,0.4075
169907,0.6025
169908,0.35
169909,0.4
169910,0.4225
169911,0.5125
169912,0.365
169913,0.5575
169914,0.585
169915,0.455
169916,0.5775
169917,0.4825
169918,0.555
169919,0.3975
169920,0.5125
169921,0.445
169922,0.6425
169923,0.495
169924,0.505
169925,0.46
169926,0.375
169927,0.695
169928,0.6475
169929,0.6
169930,0.5975
169931,0.495
169932,0.44
169933,0.5925
169934,0.3575
169935,0.4125
169936,0.6275
169937,0.5075
169938,0.59
169939,0.4225
169940,0.505
169941,0.4375
169942,0.5475
169943,0.58
169944,0.425
169945,0.42
169946,0.4275
169947,0.3525
169948,0.5725
169949,0.5225
169950,0.5225
169951,0.6675
169952,0.4925
169953,0.4175
169954,0.335
169955,0.51
169956,0.545
169957,0.43
169958,0.4575
169959,0.4425
169960,0.5
169961,0.5625
169962,0.47
169963,0.425
169964,0.525
169965,0.38
169966,0.345
169967,0.3825
169968,0.4825
169969,0.4525
169970,0.3325
169971,0.56
169972,0.4925
169973,0.4325
169974,0.45
169975,0.2875
169976,0.62
169977,0.5375
169978,0.43
169979,0.5875
169980,0.4425
169981,0.435
169982,0.485
169983,0.525
169984,0.4175
169985,0.595
169986,0.59
169987,0.5675
169988,0.525
169989,0.57
169990,0.5675
169991,0.4725
169992,0.4
169993,0.435
169994,0.4575
169995,0.41
169996,0.6725
169997,0.5875
169998,0.585
169999,0.5575
170000,0.4525
170001,0.3425
170002,0.46
170003,0.4875
170004,0.3425
170005,0.62
170006,0.6975
170007,0.6
170008,0.585
170009,0.6375
170010,0.595
170011,0.605
170012,0.4775
170013,0.405
170014,0.505
170015,0.4875
170016,0.43
170017,0.44
170018,0.48
170019,0.41
170020,0.4225
170021,0.6275
170022,0.5525
170023,0.6675
170024,0.465
170025,0.4975
170026,0.6375
170027,0.6075
170028,0.5175
170029,0.415
170030,0.47
170031,0.475
170032,0.45
170033,0.5375
170034,0.425
170035,0.3975
170036,0.4925
170037,0.315
170038,0.4425
170039,0.58
170040,0.3775
170041,0.4775
170042,0.635
170043,0.5925
170044,0.5275
170045,0.4875
170046,0.4325
170047,0.405
170048,0.6525
170049,0.6425
170050,0.515
170051,0.6475
170052,0.4925
170053,0.4725
170054,0.6375
170055,0.445
170056,0.495
170057,0.41
170058,0.5275
170059,0.425
170060,0.3675
170061,0.5475
170062,0.4225
170063,0.77
170064,0.5875
170065,0.44
170066,0.41
170067,0.5175
170068,0.6225
170069,0.5825
170070,0.54
170071,0.3875
170072,0.3825
170073,0.5275
170074,0.49
170075,0.4175
170076,0.465
170077,0.64
170078,0.465
170079,0.4525
170080,0.47
170081,0.6175
170082,0.4675
170083,0.47
170084,0.3925
170085,0.645
170086,0.42
170087,0.55
170088,0.4625
170089,0.4825
170090,0.5875
170091,0.71
170092,0.41
170093,0.41
170094,0.415
170095,0.41
170096,0.4225
170097,0.6175
170098,0.5075
170099,0.4825
170100,0.515
170101,0.365
170102,0.445
170103,0.4825
170104,0.4675
170105,0.5575
170106,0.4075
170107,0.5925
170108,0.4425
170109,0.42
170110,0.5225
170111,0.595
170112,0.6275
170113,0.4725
170114,0.3575
170115,0.37
170116,0.5525
170117,0.5375
170118,0.635
170119,0.4175
170120,0.5175
170121,0.37
170122,0.5325
170123,0.395
170124,0.515
170125,0.3875
170126,0.5575
170127,0.4975
170128,0.5825
170129,0.3925
170130,0.565
170131,0.445
170132,0.48
170133,0.51
170134,0.4425
170135,0.465
170136,0.5975
170137,0.4725
170138,0.4225
170139,0.485
170140,0.5025
170141,0.565
170142,0.4225
170143,0.525
170144,0.6225
170145,0.55
170146,0.41
170147,0.7025
170148,0.535
170149,0.5275
170150,0.6025
170151,0.56
170152,0.51
170153,0.7325
170154,0.44
170155,0.4
170156,0.5275
170157,0.355
170158,0.45
170159,0.4325
170160,0.485
170161,0.4325
170162,0.485
170163,0.555
170164,0.4475
170165,0.515
170166,0.4675
170167,0.485
170168,0.4375
170169,0.5325
170170,0.6425
170171,0.62
170172,0.575
170173,0.445
170174,0.55
170175,0.47
170176,0.4575
170177,0.5425
170178,0.4875
170179,0.58
170180,0.4
170181,0.675
170182,0.485
170183,0.5825
170184,0.5925
170185,0.55
170186,0.5575
170187,0.525
170188,0.5075
170189,0.5225
170190,0.6475
170191,0.565
170192,0.5925
170193,0.455
170194,0.565
170195,0.6475
170196,0.3525
170197,0.47
170198,0.4475
170199,0.4425
170200,0.48
170201,0.42
170202,0.4225
170203,0.695
170204,0.5375
170205,0.65
170206,0.665
170207,0.6125
170208,0.6775
170209,0.595
170210,0.4425
170211,0.4025
170212,0.4775
170213,0.32
170214,0.5875
170215,0.5275
170216,0.4425
170217,0.515
170218,0.4825
170219,0.475
170220,0.475
170221,0.4125
170222,0.4425
170223,0.5475
170224,0.4975
170225,0.5525
170226,0.465
170227,0.5125
170228,0.53
170229,0.5775
170230,0.4375
170231,0.5075
170232,0.48
170233,0.5775
170234,0.43
170235,0.445
170236,0.3775
170237,0.4975
170238,0.495
170239,0.575
170240,0.44
170241,0.345
170242,0.5325
170243,0.58
170244,0.46
170245,0.5675
170246,0.4375
170247,0.4725
170248,0.525
170249,0.625
170250,0.525
170251,0.6175
170252,0.5525
170253,0.63
170254,0.605
170255,0.485
170256,0.635
170257,0.465
170258,0.4575
170259,0.645
170260,0.56
170261,0.43
170262,0.6475
170263,0.5725
170264,0.4
170265,0.51
170266,0.4225
170267,0.4325
170268,0.5925
170269,0.5325
170270,0.4
170271,0.42
170272,0.56
170273,0.45
170274,0.4475
170275,0.6275
170276,0.635
170277,0.3725
170278,0.4525
170279,0.4875
170280,0.525
170281,0.45
170282,0.535
170283,0.33
170284,0.425
170285,0.4425
170286,0.615
170287,0.5575
170288,0.4475
170289,0.4525
170290,0.5625
170291,0.6075
170292,0.4
170293,0.4575
170294,0.4625
170295,0.425
170296,0.4075
170297,0.4225
170298,0.315
170299,0.51
170300,0.4875
170301,0.575
170302,0.43
170303,0.3875
170304,0.5875
170305,0.4775
170306,0.7275
170307,0.48
170308,0.5075
170309,0.595
170310,0.595
170311,0.4325
170312,0.5825
170313,0.2525
170314,0.5875
170315,0.5725
170316,0.66
170317,0.6875
170318,0.4975
170319,0.4175
170320,0.42
170321,0.4275
170322,0.445
170323,0.38
170324,0.46
170325,0.34
170326,0.4975
170327,0.4825
170328,0.4625
170329,0.44
170330,0.51
170331,0.385
170332,0.4525
170333,0.485
170334,0.47
170335,0.5875
170336,0.515
170337,0.4025
170338,0.615
170339,0.5675
170340,0.395
170341,0.3625
170342,0.45
170343,0.44
170344,0.4075
170345,0.5075
170346,0.35
170347,0.4425
170348,0.555
170349,0.74
170350,0.485
170351,0.4325
170352,0.6475
170353,0.5125
170354,0.345
170355,0.355
170356,0.5
170357,0.3775
170358,0.455
170359,0.525
170360,0.5
170361,0.4925
170362,0.4075
170363,0.3425
170364,0.49
170365,0.4875
170366,0.5275
170367,0.3325
170368,0.435
170369,0.6675
170370,0.49
170371,0.515
170372,0.435
170373,0.4475
170374,0.48
170375,0.3775
170376,0.5075
170377,0.495
170378,0.5725
170379,0.405
170380,0.2925
170381,0.535
170382,0.4575
170383,0.575
170384,0.3675
170385,0.6225
170386,0.395
170387,0.4575
170388,0.45
170389,0.5425
170390,0.5225
170391,0.6675
170392,0.5625
170393,0.45
170394,0.41
170395,0.4225
170396,0.38
170397,0.52
170398,0.4475
170399,0.445
170400,0.6625
170401,0.4925
170402,0.43
170403,0.4625
170404,0.335
170405,0.63
170406,0.405
170407,0.44
170408,0.52
170409,0.4375
170410,0.455
170411,0.4125
170412,0.5475
170413,0.4125
170414,0.455
170415,0.4925
170416,0.5775
170417,0.6075
170418,0.515
170419,0.4575
170420,0.4925
170421,0.51
170422,0.39
170423,0.4725
170424,0.4575
170425,0.56
170426,0.5275
170427,0.5825
170428,0.48
170429,0.415
170430,0.4675
170431,0.4375
170432,0.5825
170433,0.455
170434,0.5425
170435,0.575
170436,0.46
170437,0.3825
170438,0.38
170439,0.485
170440,0.49
170441,0.6375
170442,0.72
170443,0.265
170444,0.445
170445,0.6375
170446,0.53
170447,0.535
170448,0.475
170449,0.4975
170450,0.47
170451,0.585
170452,0.42
170453,0.4575
170454,0.4875
170455,0.5275
170456,0.48
170457,0.4475
170458,0.47
170459,0.56
170460,0.4725
170461,0.2925
170462,0.4475
170463,0.53
170464,0.445
170465,0.3825
170466,0.4775
170467,0.5925
170468,0.445
170469,0.46
170470,0.4575
170471,0.395
170472,0.3725
170473,0.4625
170474,0.44
170475,0.3775
170476,0.4575
170477,0.45
170478,0.42
170479,0.575
170480,0.535
170481,0.4425
170482,0.6075
170483,0.57
170484,0.45
170485,0.4225
170486,0.3475
170487,0.435
170488,0.365
170489,0.5425
170490,0.5225
170491,0.5075
170492,0.4925
170493,0.5075
170494,0.5825
170495,0.4875
170496,0.54
170497,0.475
170498,0.56
170499,0.5575
170500,0.445
170501,0.4875
170502,0.4675
170503,0.455
170504,0.575
170505,0.5275
170506,0.3125
170507,0.6075
170508,0.5025
170509,0.58
170510,0.425
170511,0.5325
170512,0.45
170513,0.415
170514,0.475
170515,0.395
170516,0.6025
170517,0.345
170518,0.5475
170519,0.565
170520,0.4525
170521,0.48
170522,0.5525
170523,0.585
170524,0.4925
170525,0.38
170526,0.395
170527,0.585
170528,0.4675
170529,0.5125
170530,0.545
170531,0.4775
170532,0.5025
170533,0.5475
170534,0.425
170535,0.55
170536,0.6325
170537,0.5375
170538,0.38
170539,0.6775
170540,0.4975
170541,0.4875
170542,0.3975
170543,0.5225
170544,0.5025
170545,0.545
170546,0.525
170547,0.59
170548,0.4875
170549,0.495
170550,0.385
170551,0.4175
170552,0.485
170553,0.355
170554,0.5475
170555,0.6175
170556,0.3825
170557,0.5775
170558,0.5
170559,0.445
170560,0.45
170561,0.3725
170562,0.4475
170563,0.42
170564,0.6975
170565,0.47
170566,0.5825
170567,0.66
170568,0.4975
170569,0.41
170570,0.455
170571,0.5175
170572,0.4875
170573,0.4525
170574,0.4725
170575,0.49
170576,0.525
170577,0.4575
170578,0.715
170579,0.5825
170580,0.375
170581,0.575
170582,0.4425
170583,0.4125
170584,0.51
170585,0.3625
170586,0.4825
170587,0.54
170588,0.57
170589,0.5175
170590,0.7125
170591,0.575
170592,0.415
170593,0.5325
170594,0.505
170595,0.49
170596,0.3275
170597,0.415
170598,0.4525
170599,0.4925
170600,0.375
170601,0.5425
170602,0.5025
170603,0.6675
170604,0.3875
170605,0.4575
170606,0.495
170607,0.5375
170608,0.4325
170609,0.565
170610,0.4925
170611,0.4575
170612,0.42
170613,0.725
170614,0.535
170615,0.3875
170616,0.635
170617,0.4725
170618,0.4625
170619,0.7325
170620,0.5125
170621,0.485
170622,0.545
170623,0.5775
170624,0.51
170625,0.49
170626,0.5875
170627,0.5675
170628,0.445
170629,0.42
170630,0.34
170631,0.55
170632,0.4725
170633,0.6875
170634,0.4725
170635,0.595
170636,0.5525
170637,0.5675
170638,0.59
170639,0.39
170640,0.445
170641,0.49
170642,0.5725
170643,0.5575
170644,0.42
170645,0.385
170646,0.415
170647,0.5
170648,0.525
170649,0.5875
170650,0.535
170651,0.675
170652,0.625
170653,0.505
170654,0.3425
170655,0.5475
170656,0.3975
170657,0.6025
170658,0.3625
170659,0.3775
170660,0.5375
170661,0.5925
170662,0.505
170663,0.585
170664,0.4725
170665,0.4725
170666,0.3325
170667,0.425
170668,0.3475
170669,0.37
170670,0.47
170671,0.5375
170672,0.525
170673,0.47
170674,0.4725
170675,0.5
170676,0.3925
170677,0.4725
170678,0.4775
170679,0.2675
170680,0.6525
170681,0.3825
170682,0.4625
170683,0.5125
170684,0.6
170685,0.6475
170686,0.63
170687,0.4225
170688,0.5125
170689,0.56
170690,0.4125
170691,0.4425
170692,0.4075
170693,0.51
170694,0.405
170695,0.42
170696,0.5575
170697,0.4575
170698,0.4675
170699,0.585
170700,0.3875
170701,0.385
170702,0.555
170703,0.4225
170704,0.4125
170705,0.5325
170706,0.3525
170707,0.515
170708,0.465
170709,0.5225
170710,0.7025
170711,0.4975
170712,0.6475
170713,0.4825
170714,0.4125
170715,0.585
170716,0.605
170717,0.3825
170718,0.2925
170719,0.4975
170720,0.535
170721,0.3575
170722,0.445
170723,0.435
170724,0.5325
170725,0.5175
170726,0.5175
170727,0.4875
170728,0.3925
170729,0.4675
170730,0.5225
170731,0.5225
170732,0.3375
170733,0.485
170734,0.47
170735,0.465
170736,0.4675
170737,0.5625
170738,0.495
170739,0.4575
170740,0.38
170741,0.515
170742,0.4
170743,0.635
170744,0.4225
170745,0.62
170746,0.6225
170747,0.4775
170748,0.43
170749,0.465
170750,0.635
170751,0.5325
170752,0.385
170753,0.33
170754,0.435
170755,0.475
170756,0.7125
170757,0.355
170758,0.4975
170759,0.4975
170760,0.5225
170761,0.5025
170762,0.4625
170763,0.4875
170764,0.4725
170765,0.505
170766,0.4725
170767,0.4675
170768,0.675
170769,0.56
170770,0.4625
170771,0.515
170772,0.505
170773,0.5875
170774,0.555
170775,0.56
170776,0.5225
170777,0.395
170778,0.6275
170779,0.535
170780,0.475
170781,0.4875
170782,0.3675
170783,0.63
170784,0.5225
170785,0.5375
170786,0.635
170787,0.4125
170788,0.415
170789,0.4
170790,0.565
170791,0.425
170792,0.4625
170793,0.4275
170794,0.515
170795,0.505
170796,0.6275
170797,0.4475
170798,0.5
170799,0.4225
170800,0.44
170801,0.4875
170802,0.405
170803,0.625
170804,0.6175
170805,0.655
170806,0.4675
170807,0.61
170808,0.5225
170809,0.675
170810,0.6575
170811,0.5875
170812,0.4975
170813,0.4825
170814,0.595
170815,0.6025
170816,0.5425
170817,0.465
170818,0.6075
170819,0.62
170820,0.47
170821,0.545
170822,0.5375
170823,0.48
170824,0.64
170825,0.5
170826,0.445
170827,0.405
170828,0.475
170829,0.485
170830,0.445
170831,0.4225
170832,0.545
170833,0.435
170834,0.565
170835,0.355
170836,0.385
170837,0.4675
170838,0.46
170839,0.5325
170840,0.525
170841,0.6275
170842,0.525
170843,0.6275
170844,0.6275
170845,0.61
170846,0.565
170847,0.49
170848,0.44
170849,0.56
170850,0.605
170851,0.4875
170852,0.5425
170853,0.61
170854,0.465
170855,0.4575
170856,0.5
170857,0.45
170858,0.46
170859,0.4875
170860,0.445
170861,0.525
170862,0.4125
170863,0.3425
170864,0.3925
170865,0.585
170866,0.5175
170867,0.3925
170868,0.3525
170869,0.43
170870,0.36
170871,0.5575
170872,0.415
170873,0.7
170874,0.6375
170875,0.4875
170876,0.285
170877,0.6375
170878,0.2825
170879,0.535
170880,0.675
170881,0.4225
170882,0.49
170883,0.535
170884,0.4575
170885,0.45
170886,0.545
170887,0.5475
170888,0.6025
170889,0.475
170890,0.27
170891,0.51
170892,0.45
170893,0.565
170894,0.485
170895,0.445
170896,0.5425
170897,0.435
170898,0.3375
170899,0.4
170900,0.59
170901,0.4725
170902,0.465
170903,0.5025
170904,0.6375
170905,0.4825
170906,0.565
170907,0.51
170908,0.5475
170909,0.4675
170910,0.415
170911,0.3925
170912,0.4875
170913,0.4425
170914,0.52
170915,0.5225
170916,0.375
170917,0.435
170918,0.3825
170919,0.445
170920,0.6125
170921,0.6025
170922,0.4925
170923,0.58
170924,0.4325
170925,0.5275
170926,0.35
170927,0.3975
170928,0.495
170929,0.4025
170930,0.605
170931,0.39
170932,0.3775
170933,0.3525
170934,0.54
170935,0.455
170936,0.455
170937,0.595
170938,0.46
170939,0.3975
170940,0.51
170941,0.45
170942,0.455
170943,0.5875
170944,0.5075
170945,0.37
170946,0.5225
170947,0.4975
170948,0.535
170949,0.4675
170950,0.5375
170951,0.5125
170952,0.3575
170953,0.4575
170954,0.47
170955,0.3975
170956,0.4675
170957,0.385
170958,0.435
170959,0.3825
170960,0.455
170961,0.4225
170962,0.66
170963,0.47
170964,0.5325
170965,0.505
170966,0.38
170967,0.485
170968,0.41
170969,0.4575
170970,0.49
170971,0.365
170972,0.4775
170973,0.405
170974,0.365
170975,0.3675
170976,0.325
170977,0.3025
170978,0.3975
170979,0.4225
170980,0.6425
170981,0.4525
170982,0.445
170983,0.49
170984,0.4975
170985,0.4175
170986,0.48
170987,0.515
170988,0.5075
170989,0.3825
170990,0.395
170991,0.425
170992,0.375
170993,0.41
170994,0.385
170995,0.4625
170996,0.53
170997,0.5125
170998,0.34
170999,0.48
171000,0.4225
171001,0.3525
171002,0.4775
171003,0.4575
171004,0.585
171005,0.655
171006,0.595
171007,0.4
171008,0.4175
171009,0.675
171010,0.4575
171011,0.4775
171012,0.385
171013,0.4575
171014,0.54
171015,0.415
171016,0.465
171017,0.5025
171018,0.5375
171019,0.515
171020,0.435
171021,0.36
171022,0.4075
171023,0.3275
171024,0.3575
171025,0.335
171026,0.3225
171027,0.36
171028,0.4075
171029,0.4975
171030,0.3575
171031,0.4325
171032,0.5075
171033,0.41
171034,0.35
171035,0.4
171036,0.445
171037,0.3525
171038,0.4375
171039,0.46
171040,0.3425
171041,0.3275
171042,0.3625
171043,0.355
171044,0.345
171045,0.335
171046,0.3825
171047,0.355
171048,0.3575
171049,0.3525
171050,0.405
171051,0.38
171052,0.395
171053,0.4825
171054,0.4025
171055,0.32
171056,0.4675
171057,0.4025
171058,0.3625
171059,0.4325
171060,0.525
171061,0.4175
171062,0.6275
171063,0.4475
171064,0.47
171065,0.5625
171066,0.455
171067,0.49
171068,0.575
171069,0.3375
171070,0.39
171071,0.405
171072,0.435
171073,0.41
171074,0.53
171075,0.3475
171076,0.445
171077,0.35
171078,0.3675
171079,0.48
171080,0.48
171081,0.3525
171082,0.2825
171083,0.385
171084,0.32
171085,0.52
171086,0.345
171087,0.37
171088,0.33
171089,0.4325
171090,0.35
171091,0.4
171092,0.325
171093,0.4175
171094,0.4075
171095,0.4375
171096,0.3175
171097,0.465
171098,0.365
171099,0.2925
171100,0.3675
171101,0.345
171102,0.4975
171103,0.37
171104,0.365
171105,0.415
171106,0.375
171107,0.44
171108,0.365
171109,0.41
171110,0.43
171111,0.4475
171112,0.35
171113,0.41
171114,0.42
171115,0.485
171116,0.38
171117,0.4625
171118,0.305
171119,0.3525
171120,0.4025
171121,0.5825
171122,0.4
171123,0.37
171124,0.5375
171125,0.395
171126,0.4625
171127,0.3675
171128,0.545
171129,0.3525
171130,0.3625
171131,0.3225
171132,0.3825
171133,0.4075
171134,0.73
171135,0.3525
171136,0.5675
171137,0.43
171138,0.43
171139,0.565
171140,0.37
171141,0.465
171142,0.4625
171143,0.41
171144,0.5675
171145,0.6075
171146,0.6225
171147,0.435
171148,0.405
171149,0.4125
171150,0.3225
171151,0.4025
171152,0.4975
171153,0.52
171154,0.48
171155,0.585
171156,0.425
171157,0.3375
171158,0.4175
171159,0.3375
171160,0.7275
171161,0.5575
171162,0.395
171163,0.415
171164,0.49
171165,0.3825
171166,0.4425
171167,0.345
171168,0.485
171169,0.4225
171170,0.61
171171,0.7125
171172,0.6375
171173,0.5
171174,0.4275
171175,0.54
171176,0.36
171177,0.47
171178,0.5125
171179,0.34
171180,0.5575
171181,0.3475
171182,0.35
171183,0.27
171184,0.445
171185,0.4175
171186,0.54
171187,0.3925
171188,0.4825
171189,0.45
171190,0.5275
171191,0.3925
171192,0.555
171193,0.42
171194,0.3425
171195,0.37
171196,0.4
171197,0.38
171198,0.445
171199,0.3925
171200,0.32
171201,0.325
171202,0.3925
171203,0.525
171204,0.385
171205,0.5375
171206,0.3775
171207,0.385
171208,0.32
171209,0.36
171210,0.4475
171211,0.4025
171212,0.395
171213,0.655
171214,0.45
171215,0.35
171216,0.3675
171217,0.535
171218,0.6025
171219,0.4775
171220,0.5025
171221,0.4475
171222,0.3275
171223,0.3775
171224,0.43
171225,0.475
171226,0.475
171227,0.3975
171228,0.5225
171229,0.405
171230,0.48
171231,0.5575
171232,0.32
171233,0.445
171234,0.39
171235,0.4175
171236,0.4375
171237,0.59
171238,0.4575
171239,0.4925
171240,0.3525
171241,0.3675
171242,0.4475
171243,0.45
171244,0.3125
171245,0.36
171246,0.335
171247,0.4725
171248,0.4975
171249,0.5325
171250,0.445
171251,0.48
171252,0.365
171253,0.365
171254,0.4075
171255,0.42
171256,0.3475
171257,0.5975
171258,0.3975
171259,0.4325
171260,0.4175
171261,0.4275
171262,0.4275
171263,0.47
171264,0.655
171265,0.39
171266,0.365
171267,0.3475
171268,0.6175
171269,0.3575
171270,0.66
171271,0.405
171272,0.33
171273,0.495
171274,0.325
171275,0.45
171276,0.3075
171277,0.49
171278,0.5675
171279,0.3425
171280,0.555
171281,0.515
171282,0.61
171283,0.48
171284,0.455
171285,0.3725
171286,0.5525
171287,0.5825
171288,0.485
171289,0.5525
171290,0.43
171291,0.4175
171292,0.37
171293,0.43
171294,0.465
171295,0.39
171296,0.5625
171297,0.4975
171298,0.55
171299,0.55
171300,0.505
171301,0.4325
171302,0.52
171303,0.355
171304,0.36
171305,0.4175
171306,0.52
171307,0.5825
171308,0.41
171309,0.475
171310,0.485
171311,0.3975
171312,0.445
171313,0.405
171314,0.5825
171315,0.425
171316,0.365
171317,0.51
171318,0.545
171319,0.3925
171320,0.4375
171321,0.3775
171322,0.4
171323,0.4225
171324,0.5575
171325,0.3875
171326,0.34
171327,0.4925
171328,0.3425
171329,0.4425
171330,0.365
171331,0.4975
171332,0.6025
171333,0.375
171334,0.47
171335,0.57
171336,0.5125
171337,0.3925
171338,0.4
171339,0.4325
171340,0.385
171341,0.5925
171342,0.4725
171343,0.3975
171344,0.45
171345,0.4275
171346,0.305
171347,0.4325
171348,0.45
171349,0.4
171350,0.4075
171351,0.54
171352,0.525
171353,0.4175
171354,0.3275
171355,0.5425
171356,0.5025
171357,0.5025
171358,0.62
171359,0.495
171360,0.5125
171361,0.4375
171362,0.555
171363,0.475
171364,0.4225
171365,0.57
171366,0.5725
171367,0.47
171368,0.555
171369,0.51
171370,0.43
171371,0.435
171372,0.285
171373,0.4875
171374,0.355
171375,0.335
171376,0.425
171377,0.4425
171378,0.36
171379,0.3775
171380,0.3275
171381,0.4775
171382,0.43
171383,0.3325
171384,0.495
171385,0.625
171386,0.625
171387,0.46
171388,0.4
171389,0.445
171390,0.4775
171391,0.355
171392,0.44
171393,0.4475
171394,0.39
171395,0.4175
171396,0.5375
171397,0.545
171398,0.415
171399,0.325
171400,0.35
171401,0.4
171402,0.44
171403,0.3575
171404,0.325
171405,0.5125
171406,0.3975
171407,0.36
171408,0.4625
171409,0.4175
171410,0.325
171411,0.39
171412,0.5425
171413,0.4475
171414,0.5075
171415,0.565
171416,0.465
171417,0.375
171418,0.4475
171419,0.6925
171420,0.35
171421,0.4375
171422,0.5825
171423,0.44
171424,0.47
171425,0.5225
171426,0.575
171427,0.385
171428,0.5075
171429,0.4525
171430,0.435
171431,0.37
171432,0.405
171433,0.46
171434,0.62
171435,0.475
171436,0.42
171437,0.31
171438,0.5125
171439,0.4925
171440,0.4525
171441,0.3825
171442,0.485
171443,0.3275
171444,0.4475
171445,0.4275
171446,0.4675
171447,0.345
171448,0.4025
171449,0.43
171450,0.43
171451,0.5
171452,0.42
171453,0.5275
171454,0.53
171455,0.34
171456,0.4625
171457,0.455
171458,0.395
171459,0.395
171460,0.325
171461,0.4575
171462,0.5725
171463,0.465
171464,0.4625
171465,0.5975
171466,0.38
171467,0.365
171468,0.425
171469,0.545
171470,0.54
171471,0.415
171472,0.39
171473,0.5025
171474,0.6425
171475,0.3025
171476,0.465
171477,0.47
171478,0.47
171479,0.565
171480,0.4625
171481,0.5725
171482,0.3675
171483,0.4775
171484,0.365
171485,0.52
171486,0.5575
171487,0.42
171488,0.31
171489,0.39
171490,0.3
171491,0.375
171492,0.425
171493,0.38
171494,0.51
171495,0.4325
171496,0.4
171497,0.61
171498,0.505
171499,0.655
171500,0.445
171501,0.5125
171502,0.4
171503,0.575
171504,0.5775
171505,0.3125
171506,0.5725
171507,0.4775
171508,0.5
171509,0.375
171510,0.5075
171511,0.52
171512,0.3825
171513,0.47
171514,0.565
171515,0.525
171516,0.455
171517,0.43
171518,0.3875
171519,0.485
171520,0.46
171521,0.4975
171522,0.515
171523,0.58
171524,0.455
171525,0.575
171526,0.43
171527,0.4325
171528,0.5875
171529,0.625
171530,0.5975
171531,0.615
171532,0.4075
171533,0.43
171534,0.505
171535,0.5725
171536,0.515
171537,0.5975
171538,0.505
171539,0.6075
171540,0.285
171541,0.3875
171542,0.6575
171543,0.5075
171544,0.3725
171545,0.4775
171546,0.66
171547,0.44
171548,0.795
171549,0.3725
171550,0.4375
171551,0.47
171552,0.305
171553,0.4225
171554,0.59
171555,0.4275
171556,0.5525
171557,0.29
171558,0.465
171559,0.52
171560,0.67
171561,0.425
171562,0.545
171563,0.4925
171564,0.4875
171565,0.425
171566,0.4925
171567,0.4875
171568,0.4425
171569,0.6875
171570,0.325
171571,0.3325
171572,0.595
171573,0.4375
171574,0.575
171575,0.495
171576,0.7475
171577,0.3975
171578,0.5425
171579,0.6425
171580,0.43
171581,0.4325
171582,0.48
171583,0.5425
171584,0.5
171585,0.3825
171586,0.695
171587,0.5625
171588,0.6525
171589,0.51
171590,0.345
171591,0.3825
171592,0.42
171593,0.59
171594,0.4925
171595,0.4425
171596,0.2525
171597,0.3275
171598,0.37
171599,0.34
171600,0.475
171601,0.4125
171602,0.41
171603,0.5425
171604,0.5
171605,0.5025
171606,0.3975
171607,0.34
171608,0.4225
171609,0.5
171610,0.46
171611,0.69
171612,0.63
171613,0.48
171614,0.365
171615,0.5825
171616,0.5475
171617,0.47
171618,0.3925
171619,0.4075
171620,0.4425
171621,0.515
171622,0.4775
171623,0.5
171624,0.6675
171625,0.6425
171626,0.295
171627,0.3825
171628,0.495
171629,0.3875
171630,0.465
171631,0.515
171632,0.4
171633,0.3675
171634,0.44
171635,0.39
171636,0.33
171637,0.4925
171638,0.465
171639,0.33
171640,0.3525
171641,0.3125
171642,0.3475
171643,0.375
171644,0.355
171645,0.42
171646,0.3575
171647,0.4175
171648,0.3775
171649,0.4325
171650,0.5725
171651,0.23
171652,0.64
171653,0.47
171654,0.48
171655,0.44
171656,0.455
171657,0.5
171658,0.4625
171659,0.4425
171660,0.35
171661,0.43
171662,0.38
171663,0.3675
171664,0.51
171665,0.3875
171666,0.515
171667,0.445
171668,0.315
171669,0.435
171670,0.4475
171671,0.5325
171672,0.325
171673,0.3425
171674,0.4975
171675,0.34
171676,0.3625
171677,0.43
171678,0.4525
171679,0.315
171680,0.4475
171681,0.4575
171682,0.5275
171683,0.3925
171684,0.505
171685,0.4875
171686,0.515
171687,0.4225
171688,0.3525
171689,0.435
171690,0.425
171691,0.3875
171692,0.4575
171693,0.39
171694,0.38
171695,0.4175
171696,0.35
171697,0.325
171698,0.3625
171699,0.3125
171700,0.4225
171701,0.4925
171702,0.43
171703,0.355
171704,0.4575
171705,0.405
171706,0.3875
171707,0.4
171708,0.375
171709,0.47
171710,0.385
171711,0.3425
171712,0.4175
171713,0.53
171714,0.395
171715,0.4075
171716,0.48
171717,0.54
171718,0.4325
171719,0.2575
171720,0.255
171721,0.4
171722,0.305
171723,0.5325
171724,0.36
171725,0.495
171726,0.535
171727,0.5175
171728,0.305
171729,0.37
171730,0.29
171731,0.335
171732,0.365
171733,0.3775
171734,0.3225
171735,0.435
171736,0.6425
171737,0.49
171738,0.5
171739,0.43
171740,0.4775
171741,0.495
171742,0.4575
171743,0.38
171744,0.525
171745,0.62
171746,0.31
171747,0.445
171748,0.505
171749,0.4775
171750,0.41
171751,0.5575
171752,0.7025
171753,0.5925
171754,0.425
171755,0.4775
171756,0.65
171757,0.52
171758,0.4975
171759,0.7175
171760,0.5725
171761,0.66
171762,0.3675
171763,0.3525
171764,0.4475
171765,0.505
171766,0.6775
171767,0.315
171768,0.5325
171769,0.46
171770,0.5675
171771,0.5775
171772,0.555
171773,0.41
171774,0.55
171775,0.425
171776,0.37
171777,0.465
171778,0.3275
171779,0.4825
171780,0.4175
171781,0.6325
171782,0.3425
171783,0.33
171784,0.5525
171785,0.375
171786,0.3375
171787,0.3275
171788,0.4175
171789,0.6175
171790,0.43
171791,0.5225
171792,0.525
171793,0.4175
171794,0.415
171795,0.5325
171796,0.335
171797,0.5525
171798,0.46
171799,0.495
171800,0.53
171801,0.5725
171802,0.4425
171803,0.32
171804,0.5575
171805,0.5125
171806,0.6475
171807,0.32
171808,0.4875
171809,0.42
171810,0.545
171811,0.5675
171812,0.505
171813,0.4875
171814,0.435
171815,0.475
171816,0.5625
171817,0.5325
171818,0.4975
171819,0.4475
171820,0.405
171821,0.505
171822,0.375
171823,0.52
171824,0.4925
171825,0.405
171826,0.48
171827,0.3975
171828,0.58
171829,0.3025
171830,0.545
171831,0.3225
171832,0.4225
171833,0.435
171834,0.73
171835,0.55
171836,0.4025
171837,0.4425
171838,0.3925
171839,0.3825
171840,0.535
171841,0.405
171842,0.3625
171843,0.4775
171844,0.3675
171845,0.36
171846,0.645
171847,0.295
171848,0.3675
171849,0.39
171850,0.355
171851,0.415
171852,0.3875
171853,0.3375
171854,0.535
171855,0.62
171856,0.4225
171857,0.3875
171858,0.5625
171859,0.3775
171860,0.7
171861,0.3575
171862,0.5525
171863,0.66
171864,0.435
171865,0.4625
171866,0.5275
171867,0.34
171868,0.495
171869,0.5125
171870,0.3475
171871,0.2925
171872,0.4525
171873,0.515
171874,0.4375
171875,0.44
171876,0.3925
171877,0.44
171878,0.4175
171879,0.4725
171880,0.27
171881,0.4775
171882,0.3075
171883,0.545
171884,0.685
171885,0.655
171886,0.545
171887,0.3525
171888,0.425
171889,0.405
171890,0.69
171891,0.54
171892,0.4375
171893,0.4
171894,0.3825
171895,0.38
171896,0.3775
171897,0.5675
171898,0.3525
171899,0.3975
171900,0.5275
171901,0.44
171902,0.4675
171903,0.52
171904,0.415
171905,0.5375
171906,0.5725
171907,0.525
171908,0.4125
171909,0.505
171910,0.375
171911,0.45
171912,0.515
171913,0.4225
171914,0.63
171915,0.49
171916,0.465
171917,0.5
171918,0.595
171919,0.4525
171920,0.5475
171921,0.605
171922,0.56
171923,0.61
171924,0.355
171925,0.4725
171926,0.545
171927,0.335
171928,0.45
171929,0.445
171930,0.455
171931,0.39
171932,0.3525
171933,0.3875
171934,0.53
171935,0.355
171936,0.49
171937,0.48
171938,0.5175
171939,0.525
171940,0.515
171941,0.305
171942,0.4175
171943,0.3825
171944,0.4075
171945,0.5225
171946,0.3425
171947,0.355
171948,0.4425
171949,0.4025
171950,0.4375
171951,0.475
171952,0.365
171953,0.46
171954,0.3075
171955,0.35
171956,0.52
171957,0.535
171958,0.4825
171959,0.3525
171960,0.5275
171961,0.3275
171962,0.415
171963,0.4175
171964,0.3875
171965,0.4825
171966,0.5575
171967,0.4625
171968,0.485
171969,0.475
171970,0.4675
171971,0.5225
171972,0.285
171973,0.495
171974,0.4675
171975,0.3525
171976,0.485
171977,0.43
171978,0.45
171979,0.5775
171980,0.595
171981,0.59
171982,0.4775
171983,0.4225
171984,0.44
171985,0.4925
171986,0.53
171987,0.41
171988,0.57
171989,0.4675
171990,0.3175
171991,0.435
171992,0.53
171993,0.495
171994,0.4175
171995,0.515
171996,0.3625
171997,0.505
171998,0.5325
171999,0.4625
172000,0.5475
172001,0.4725
172002,0.3675
172003,0.3625
172004,0.35
172005,0.3925
172006,0.59
172007,0.4225
172008,0.5225
172009,0.4875
172010,0.3325
172011,0.56
172012,0.49
172013,0.5225
172014,0.5
172015,0.355
172016,0.5625
172017,0.5675
172018,0.48
172019,0.4575
172020,0.555
172021,0.565
172022,0.27
172023,0.44
172024,0.3925
172025,0.4075
172026,0.5525
172027,0.365
172028,0.5375
172029,0.3625
172030,0.5225
172031,0.3125
172032,0.575
172033,0.4325
172034,0.43
172035,0.6975
172036,0.3825
172037,0.5675
172038,0.41
172039,0.495
172040,0.49
172041,0.32
172042,0.3325
172043,0.45
172044,0.315
172045,0.395
172046,0.405
172047,0.685
172048,0.3825
172049,0.625
172050,0.435
172051,0.5425
172052,0.455
172053,0.3625
172054,0.3575
172055,0.39
172056,0.505
172057,0.495
172058,0.37
172059,0.3975
172060,0.3425
172061,0.355
172062,0.3425
172063,0.3625
172064,0.48
172065,0.4125
172066,0.4475
172067,0.4775
172068,0.3125
172069,0.5
172070,0.39
172071,0.45
172072,0.4775
172073,0.5575
172074,0.7125
172075,0.45
172076,0.4125
172077,0.4725
172078,0.49
172079,0.3725
172080,0.3775
172081,0.44
172082,0.38
172083,0.435
172084,0.65
172085,0.45
172086,0.445
172087,0.425
172088,0.5725
172089,0.4775
172090,0.3175
172091,0.5175
172092,0.3825
172093,0.535
172094,0.5225
172095,0.405
172096,0.545
172097,0.51
172098,0.325
172099,0.4125
172100,0.35
172101,0.4725
172102,0.5475
172103,0.355
172104,0.31
172105,0.435
172106,0.39
172107,0.4875
172108,0.5125
172109,0.4175
172110,0.5675
172111,0.5325
172112,0.585
172113,0.4625
172114,0.4625
172115,0.5625
172116,0.485
172117,0.4725
172118,0.475
172119,0.3975
172120,0.445
172121,0.5175
172122,0.3825
172123,0.51
172124,0.425
172125,0.4425
172126,0.415
172127,0.52
172128,0.6325
172129,0.41
172130,0.6075
172131,0.7275
172132,0.5825
172133,0.435
172134,0.6875
172135,0.495
172136,0.4725
172137,0.5475
172138,0.44
172139,0.47
172140,0.6625
172141,0.3125
172142,0.45
172143,0.39
172144,0.385
172145,0.6775
172146,0.4225
172147,0.52
172148,0.3875
172149,0.4575
172150,0.525
172151,0.555
172152,0.51
172153,0.3425
172154,0.4625
172155,0.4525
172156,0.4325
172157,0.39
172158,0.3975
172159,0.515
172160,0.5225
172161,0.3125
172162,0.4325
172163,0.4325
172164,0.48
172165,0.4475
172166,0.35
172167,0.5075
172168,0.295
172169,0.3825
172170,0.3725
172171,0.4325
172172,0.52
172173,0.375
172174,0.48
172175,0.4725
172176,0.4775
172177,0.6625
172178,0.4275
172179,0.48
172180,0.4675
172181,0.35
172182,0.5675
172183,0.325
172184,0.46
172185,0.4225
172186,0.4175
172187,0.405
172188,0.35
172189,0.365
172190,0.415
172191,0.675
172192,0.43
172193,0.625
172194,0.43
172195,0.5025
172196,0.3325
172197,0.6775
172198,0.405
172199,0.4175
172200,0.555
172201,0.4375
172202,0.62
172203,0.64
172204,0.535
172205,0.47
172206,0.505
172207,0.455
172208,0.39
172209,0.4875
172210,0.5475
172211,0.4025
172212,0.43
172213,0.5125
172214,0.5075
172215,0.4825
172216,0.5575
172217,0.4075
172218,0.455
172219,0.305
172220,0.55
172221,0.6225
172222,0.51
172223,0.435
172224,0.435
172225,0.56
172226,0.47
172227,0.4875
172228,0.4975
172229,0.5325
172230,0.6825
172231,0.38
172232,0.6925
172233,0.5925
172234,0.6675
172235,0.615
172236,0.4625
172237,0.485
172238,0.4625
172239,0.435
172240,0.44
172241,0.4425
172242,0.41
172243,0.585
172244,0.4925
172245,0.6425
172246,0.5125
172247,0.475
172248,0.53
172249,0.45
172250,0.485
172251,0.385
172252,0.6425
172253,0.3775
172254,0.5325
172255,0.5675
172256,0.3325
172257,0.4275
172258,0.3625
172259,0.565
172260,0.6025
172261,0.4975
172262,0.4575
172263,0.54
172264,0.51
172265,0.6
172266,0.47
172267,0.4875
172268,0.4875
172269,0.5325
172270,0.3775
172271,0.48
172272,0.475
172273,0.265
172274,0.4025
172275,0.465
172276,0.515
172277,0.5575
172278,0.63
172279,0.4
172280,0.48
172281,0.515
172282,0.4725
172283,0.605
172284,0.535
172285,0.45
172286,0.48
172287,0.6575
172288,0.435
172289,0.5225
172290,0.4325
172291,0.5425
172292,0.5225
172293,0.3825
172294,0.4725
172295,0.49
172296,0.4675
172297,0.4675
172298,0.615
172299,0.37
172300,0.5125
172301,0.4025
172302,0.6675
172303,0.415
172304,0.54
172305,0.47
172306,0.5575
172307,0.485
172308,0.52
172309,0.49
172310,0.4975
172311,0.44
172312,0.535
172313,0.4425
172314,0.6475
172315,0.465
172316,0.6325
172317,0.3875
172318,0.3725
172319,0.41
172320,0.61
172321,0.37
172322,0.4625
172323,0.6725
172324,0.4375
172325,0.475
172326,0.625
172327,0.605
172328,0.4275
172329,0.3875
172330,0.38
172331,0.4675
172332,0.47
172333,0.5625
172334,0.5825
172335,0.5425
172336,0.455
172337,0.4675
172338,0.5075
172339,0.4875
172340,0.4275
172341,0.5125
172342,0.485
172343,0.49
172344,0.6275
172345,0.445
172346,0.4625
172347,0.4375
172348,0.7125
172349,0.4425
172350,0.3225
172351,0.46
172352,0.5725
172353,0.375
172354,0.5575
172355,0.4575
172356,0.5775
172357,0.5425
172358,0.415
172359,0.6175
172360,0.5375
172361,0.525
172362,0.5625
172363,0.485
172364,0.455
172365,0.515
172366,0.53
172367,0.505
172368,0.45
172369,0.4475
172370,0.3775
172371,0.5925
172372,0.3
172373,0.4625
172374,0.4625
172375,0.51
172376,0.5525
172377,0.4025
172378,0.5075
172379,0.5275
172380,0.4475
172381,0.7025
172382,0.585
172383,0.4625
172384,0.4525
172385,0.4575
172386,0.4225
172387,0.455
172388,0.4975
172389,0.6175
172390,0.54
172391,0.36
172392,0.525
172393,0.4825
172394,0.385
172395,0.51
172396,0.45
172397,0.41
172398,0.4975
172399,0.575
172400,0.38
172401,0.3925
172402,0.5175
172403,0.4675
172404,0.5375
172405,0.3775
172406,0.69
172407,0.5425
172408,0.4175
172409,0.62
172410,0.4375
172411,0.6625
172412,0.5
172413,0.535
172414,0.3925
172415,0.435
172416,0.5275
172417,0.37
172418,0.39
172419,0.435
172420,0.42
172421,0.585
172422,0.415
172423,0.52
172424,0.5575
172425,0.525
172426,0.555
172427,0.535
172428,0.355
172429,0.4225
172430,0.565
172431,0.63
172432,0.5725
172433,0.4375
172434,0.5675
172435,0.4625
172436,0.41
172437,0.4975
172438,0.575
172439,0.7475
172440,0.3275
172441,0.5325
172442,0.59
172443,0.5075
172444,0.4725
172445,0.495
172446,0.3525
172447,0.5625
172448,0.6225
172449,0.5675
172450,0.4375
172451,0.59
172452,0.485
172453,0.445
172454,0.7025
172455,0.485
172456,0.33
172457,0.565
172458,0.42
172459,0.485
172460,0.3075
172461,0.3575
172462,0.5675
172463,0.4475
172464,0.5975
172465,0.5075
172466,0.4125
172467,0.675
172468,0.6925
172469,0.535
172470,0.54
172471,0.665
172472,0.475
172473,0.44
172474,0.38
172475,0.3625
172476,0.3875
172477,0.5375
172478,0.435
172479,0.55
172480,0.5075
172481,0.5475
172482,0.3625
172483,0.55
172484,0.5075
172485,0.315
172486,0.4525
172487,0.51
172488,0.4375
172489,0.44
172490,0.5275
172491,0.6125
172492,0.3325
172493,0.545
172494,0.505
172495,0.4375
172496,0.415
172497,0.47
172498,0.5375
172499,0.6125
172500,0.5525
172501,0.515
172502,0.5675
172503,0.615
172504,0.4325
172505,0.5425
172506,0.4875
172507,0.43
172508,0.4125
172509,0.39
172510,0.3775
172511,0.63
172512,0.4275
172513,0.4525
172514,0.565
172515,0.5725
172516,0.4125
172517,0.5275
172518,0.405
172519,0.625
172520,0.4575
172521,0.4475
172522,0.4575
172523,0.515
172524,0.4925
172525,0.5025
172526,0.4625
172527,0.42
172528,0.48
172529,0.4725
172530,0.425
172531,0.4925
172532,0.6375
172533,0.4575
172534,0.5075
172535,0.47
172536,0.5075
172537,0.515
172538,0.41
172539,0.355
172540,0.6425
172541,0.7325
172542,0.6575
172543,0.3425
172544,0.415
172545,0.545
172546,0.425
172547,0.4925
172548,0.47
172549,0.4425
172550,0.5575
172551,0.4225
172552,0.4175
172553,0.3125
172554,0.3425
172555,0.5575
172556,0.57
172557,0.3975
172558,0.56
172559,0.505
172560,0.6775
172561,0.395
172562,0.5525
172563,0.5225
172564,0.6025
172565,0.5425
172566,0.5925
172567,0.4775
172568,0.5675
172569,0.4375
172570,0.565
172571,0.45
172572,0.47
172573,0.6275
172574,0.3675
172575,0.4325
172576,0.3875
172577,0.4425
172578,0.5875
172579,0.5075
172580,0.47
172581,0.3125
172582,0.5125
172583,0.5025
172584,0.3775
172585,0.695
172586,0.6275
172587,0.3875
172588,0.45
172589,0.435
172590,0.44
172591,0.4825
172592,0.7375
172593,0.4875
172594,0.455
172595,0.4775
172596,0.3325
172597,0.4525
172598,0.34
172599,0.4775
172600,0.3475
172601,0.3825
172602,0.61
172603,0.6025
172604,0.39
172605,0.5975
172606,0.4125
172607,0.33
172608,0.5225
172609,0.43
172610,0.5025
172611,0.425
172612,0.445
172613,0.46
172614,0.4375
172615,0.5275
172616,0.37
172617,0.5075
172618,0.815
172619,0.43
172620,0.4375
172621,0.4675
172622,0.555
172623,0.4575
172624,0.4225
172625,0.5275
172626,0.4225
172627,0.505
172628,0.4925
172629,0.4425
172630,0.495
172631,0.5625
172632,0.4175
172633,0.4125
172634,0.425
172635,0.51
172636,0.5075
172637,0.39
172638,0.4175
172639,0.5975
172640,0.355
172641,0.4
172642,0.46
172643,0.5475
172644,0.49
172645,0.38
172646,0.38
172647,0.415
172648,0.69
172649,0.505
172650,0.51
172651,0.305
172652,0.5775
172653,0.3425
172654,0.3325
172655,0.41
172656,0.455
172657,0.5175
172658,0.4975
172659,0.4
172660,0.6
172661,0.6125
172662,0.3175
172663,0.54
172664,0.4825
172665,0.355
172666,0.5825
172667,0.4925
172668,0.5925
172669,0.655
172670,0.535
172671,0.4325
172672,0.5025
172673,0.465
172674,0.5225
172675,0.5575
172676,0.63
172677,0.43
172678,0.3075
172679,0.48
172680,0.52
172681,0.5925
172682,0.4325
172683,0.395
172684,0.6075
172685,0.6025
172686,0.5175
172687,0.59
172688,0.4125
172689,0.4575
172690,0.6425
172691,0.36
172692,0.395
172693,0.5475
172694,0.395
172695,0.465
172696,0.59
172697,0.2575
172698,0.435
172699,0.4075
172700,0.6575
172701,0.66
172702,0.3675
172703,0.475
172704,0.51
172705,0.425
172706,0.3375
172707,0.4175
172708,0.5925
172709,0.52
172710,0.4225
172711,0.5275
172712,0.525
172713,0.585
172714,0.6075
172715,0.505
172716,0.5875
172717,0.39
172718,0.5375
172719,0.33
172720,0.585
172721,0.5575
172722,0.585
172723,0.4425
172724,0.5275
172725,0.555
172726,0.58
172727,0.395
172728,0.3725
172729,0.4875
172730,0.3975
172731,0.445
172732,0.48
172733,0.495
172734,0.4325
172735,0.5875
172736,0.515
172737,0.455
172738,0.5725
172739,0.465
172740,0.4425
172741,0.4275
172742,0.405
172743,0.425
172744,0.4325
172745,0.6675
172746,0.395
172747,0.38
172748,0.375
172749,0.5725
172750,0.7125
172751,0.4475
172752,0.4275
172753,0.705
172754,0.4
172755,0.5875
172756,0.3925
172757,0.3625
172758,0.615
172759,0.645
172760,0.355
172761,0.465
172762,0.6325
172763,0.5975
172764,0.47
172765,0.5775
172766,0.61
172767,0.5225
172768,0.485
172769,0.65
172770,0.6375
172771,0.4925
172772,0.5125
172773,0.49
172774,0.38
172775,0.305
172776,0.515
172777,0.5625
172778,0.4875
172779,0.5425
172780,0.3975
172781,0.4175
172782,0.4575
172783,0.405
172784,0.5875
172785,0.5275
172786,0.48
172787,0.365
172788,0.4875
172789,0.4675
172790,0.5225
172791,0.5575
172792,0.4425
172793,0.49
172794,0.52
172795,0.5875
172796,0.465
172797,0.67
172798,0.405
172799,0.6075
172800,0.4625
172801,0.4975
172802,0.31
172803,0.65
172804,0.515
172805,0.545
172806,0.53
172807,0.5325
172808,0.505
172809,0.365
172810,0.49
172811,0.5525
172812,0.65
172813,0.4275
172814,0.5025
172815,0.465
172816,0.4975
172817,0.4525
172818,0.5025
172819,0.4625
172820,0.4275
172821,0.485
172822,0.405
172823,0.8075
172824,0.5
172825,0.44
172826,0.525
172827,0.665
172828,0.4725
172829,0.375
172830,0.33
172831,0.4975
172832,0.3975
172833,0.5025
172834,0.4
172835,0.3875
172836,0.385
172837,0.53
172838,0.45
172839,0.5975
172840,0.38
172841,0.435
172842,0.4525
172843,0.485
172844,0.525
172845,0.4
172846,0.5325
172847,0.475
172848,0.3375
172849,0.58
172850,0.62
172851,0.57
172852,0.44
172853,0.475
172854,0.63
172855,0.34
172856,0.4875
172857,0.51
172858,0.4775
172859,0.495
172860,0.6275
172861,0.465
172862,0.4075
172863,0.43
172864,0.4425
172865,0.51
172866,0.56
172867,0.445
172868,0.5575
172869,0.67
172870,0.4
172871,0.475
172872,0.405
172873,0.3125
172874,0.595
172875,0.4575
172876,0.5475
172877,0.3375
172878,0.4675
172879,0.4625
172880,0.66
172881,0.5075
172882,0.5125
172883,0.4325
172884,0.585
172885,0.515
172886,0.5875
172887,0.345
172888,0.6775
172889,0.4525
172890,0.4475
172891,0.5225
172892,0.5175
172893,0.385
172894,0.45
172895,0.465
172896,0.62
172897,0.5825
172898,0.455
172899,0.6375
172900,0.3375
172901,0.4375
172902,0.4575
172903,0.5325
172904,0.4325
172905,0.66
172906,0.485
172907,0.4675
172908,0.4175
172909,0.45
172910,0.5725
172911,0.74
172912,0.535
172913,0.605
172914,0.46
172915,0.39
172916,0.37
172917,0.4125
172918,0.5375
172919,0.57
172920,0.57
172921,0.4275
172922,0.54
172923,0.4775
172924,0.43
172925,0.4625
172926,0.3825
172927,0.5525
172928,0.705
172929,0.5075
172930,0.6125
172931,0.4
172932,0.68
172933,0.3675
172934,0.47
172935,0.565
172936,0.73
172937,0.7175
172938,0.54
172939,0.5525
172940,0.64
172941,0.6275
172942,0.44
172943,0.4575
172944,0.5575
172945,0.475
172946,0.44
172947,0.3325
172948,0.5275
172949,0.3375
172950,0.4275
172951,0.54
172952,0.53
172953,0.495
172954,0.535
172955,0.305
172956,0.5325
172957,0.6075
172958,0.3475
172959,0.335
172960,0.5075
172961,0.3475
172962,0.4775
172963,0.75
172964,0.7025
172965,0.59
172966,0.435
172967,0.5025
172968,0.535
172969,0.4525
172970,0.62
172971,0.6675
172972,0.495
172973,0.445
172974,0.5625
172975,0.3625
172976,0.42
172977,0.4175
172978,0.5025
172979,0.5225
172980,0.73
172981,0.5875
172982,0.4075
172983,0.565
172984,0.55
172985,0.55
172986,0.475
172987,0.5725
172988,0.65
172989,0.48
172990,0.585
172991,0.67
172992,0.49
172993,0.5425
172994,0.3875
172995,0.5275
172996,0.5325
172997,0.535
172998,0.5125
172999,0.4225
173000,0.4325
173001,0.5775
173002,0.545
173003,0.5275
173004,0.59
173005,0.535
173006,0.695
173007,0.64
173008,0.5925
173009,0.545
173010,0.595
173011,0.5125
173012,0.395
173013,0.5625
173014,0.5075
173015,0.475
173016,0.4775
173017,0.4475
173018,0.5525
173019,0.5075
173020,0.615
173021,0.4825
173022,0.4825
173023,0.4475
173024,0.37
173025,0.37
173026,0.475
173027,0.675
173028,0.445
173029,0.345
173030,0.51
173031,0.3625
173032,0.5325
173033,0.5175
173034,0.6125
173035,0.5125
173036,0.5775
173037,0.485
173038,0.395
173039,0.44
173040,0.4975
173041,0.415
173042,0.4775
173043,0.3975
173044,0.5725
173045,0.5375
173046,0.505
173047,0.495
173048,0.6425
173049,0.52
173050,0.4275
173051,0.4325
173052,0.37
173053,0.26
173054,0.52
173055,0.7025
173056,0.4225
173057,0.5275
173058,0.43
173059,0.5275
173060,0.3975
173061,0.5225
173062,0.415
173063,0.4425
173064,0.5825
173065,0.37
173066,0.53
173067,0.4425
173068,0.5325
173069,0.335
173070,0.495
173071,0.655
173072,0.485
173073,0.5225
173074,0.4725
173075,0.435
173076,0.44
173077,0.3625
173078,0.4125
173079,0.4975
173080,0.4375
173081,0.5375
173082,0.4525
173083,0.61
173084,0.5425
173085,0.6425
173086,0.5675
173087,0.4325
173088,0.4775
173089,0.58
173090,0.575
173091,0.5025
173092,0.62
173093,0.4225
173094,0.625
173095,0.4075
173096,0.58
173097,0.53
173098,0.4675
173099,0.3625
173100,0.485
173101,0.5925
173102,0.5
173103,0.6075
173104,0.385
173105,0.685
173106,0.3775
173107,0.5875
173108,0.6475
173109,0.4925
173110,0.57
173111,0.55
173112,0.4675
173113,0.46
173114,0.6
173115,0.6425
173116,0.465
173117,0.595
173118,0.4225
173119,0.4325
173120,0.53
173121,0.49
173122,0.44
173123,0.645
173124,0.6325
173125,0.585
173126,0.46
173127,0.4825
173128,0.435
173129,0.42
173130,0.505
173131,0.5625
173132,0.4325
173133,0.3775
173134,0.45
173135,0.6675
173136,0.38
173137,0.405
173138,0.4675
173139,0.4775
173140,0.53
173141,0.4475
173142,0.5925
173143,0.4325
173144,0.485
173145,0.4575
173146,0.5025
173147,0.5
173148,0.495
173149,0.36
173150,0.4925
173151,0.4025
173152,0.39
173153,0.495
173154,0.3975
173155,0.315
173156,0.5625
173157,0.5625
173158,0.4775
173159,0.4725
173160,0.4225
173161,0.66
173162,0.4
173163,0.4
173164,0.57
173165,0.565
173166,0.535
173167,0.5175
173168,0.4325
173169,0.455
173170,0.485
173171,0.4225
173172,0.57
173173,0.5575
173174,0.4825
173175,0.3625
173176,0.5025
173177,0.635
173178,0.5175
173179,0.37
173180,0.3475
173181,0.625
173182,0.4425
173183,0.605
173184,0.3775
173185,0.2925
173186,0.36
173187,0.5425
173188,0.555
173189,0.6975
173190,0.555
173191,0.5325
173192,0.7
173193,0.5675
173194,0.515
173195,0.5225
173196,0.525
173197,0.4825
173198,0.49
173199,0.4725
173200,0.5325
173201,0.56
173202,0.37
173203,0.59
173204,0.665
173205,0.535
173206,0.5325
173207,0.43
173208,0.445
173209,0.625
173210,0.505
173211,0.6625
173212,0.4175
173213,0.3975
173214,0.425
173215,0.5375
173216,0.32
173217,0.71
173218,0.315
173219,0.63
173220,0.5375
173221,0.6675
173222,0.5325
173223,0.415
173224,0.5675
173225,0.3925
173226,0.55
173227,0.5275
173228,0.5725
173229,0.455
173230,0.545
173231,0.425
173232,0.4175
173233,0.505
173234,0.4175
173235,0.655
173236,0.645
173237,0.53
173238,0.5775
173239,0.5425
173240,0.54
173241,0.4975
173242,0.4525
173243,0.4175
173244,0.535
173245,0.41
173246,0.6025
173247,0.4425
173248,0.475
173249,0.4875
173250,0.3525
173251,0.3525
173252,0.55
173253,0.7075
173254,0.6075
173255,0.4075
173256,0.3975
173257,0.475
173258,0.5375
173259,0.5025
173260,0.495
173261,0.6475
173262,0.49
173263,0.4175
173264,0.5
173265,0.5975
173266,0.5125
173267,0.6175
173268,0.54
173269,0.5425
173270,0.4825
173271,0.42
173272,0.5925
173273,0.475
173274,0.4675
173275,0.6975
173276,0.435
173277,0.545
173278,0.45
173279,0.4125
173280,0.5725
173281,0.5425
173282,0.4675
173283,0.6725
173284,0.425
173285,0.465
173286,0.5525
173287,0.5725
173288,0.58
173289,0.5925
173290,0.515
173291,0.5375
173292,0.4875
173293,0.4
173294,0.3575
173295,0.39
173296,0.43
173297,0.39
173298,0.6425
173299,0.4775
173300,0.4375
173301,0.64
173302,0.52
173303,0.5525
173304,0.5875
173305,0.405
173306,0.44
173307,0.465
173308,0.625
173309,0.36
173310,0.55
173311,0.46
173312,0.505
173313,0.6225
173314,0.38
173315,0.445
173316,0.485
173317,0.4425
173318,0.4725
173319,0.39
173320,0.635
173321,0.3775
173322,0.5275
173323,0.66
173324,0.395
173325,0.465
173326,0.555
173327,0.4125
173328,0.535
173329,0.5975
173330,0.3925
173331,0.54
173332,0.68
173333,0.49
173334,0.595
173335,0.5475
173336,0.63
173337,0.3725
173338,0.4575
173339,0.43
173340,0.535
173341,0.5175
173342,0.4175
173343,0.5225
173344,0.5125
173345,0.4075
173346,0.5025
173347,0.5225
173348,0.6175
173349,0.4725
173350,0.5075
173351,0.3225
173352,0.44
173353,0.61
173354,0.6575
173355,0.61
173356,0.4575
173357,0.4675
173358,0.405
173359,0.3775
173360,0.465
173361,0.5275
173362,0.47
173363,0.4925
173364,0.5925
173365,0.59
173366,0.4
173367,0.685
173368,0.405
173369,0.5225
173370,0.52
173371,0.66
173372,0.425
173373,0.4875
173374,0.5875
173375,0.5525
173376,0.585
173377,0.355
173378,0.56
173379,0.4375
173380,0.48
173381,0.4025
173382,0.505
173383,0.3925
173384,0.5525
173385,0.46
173386,0.3675
173387,0.33
173388,0.4825
173389,0.5525
173390,0.425
173391,0.5925
173392,0.435
173393,0.535
173394,0.4175
173395,0.485
173396,0.4475
173397,0.4175
173398,0.475
173399,0.3025
173400,0.67
173401,0.62
173402,0.3275
173403,0.3725
173404,0.4175
173405,0.6625
173406,0.4875
173407,0.5825
173408,0.49
173409,0.705
173410,0.5
173411,0.425
173412,0.605
173413,0.59
173414,0.5675
173415,0.455
173416,0.5775
173417,0.585
173418,0.55
173419,0.465
173420,0.4825
173421,0.4275
173422,0.5075
173423,0.56
173424,0.3775
173425,0.5825
173426,0.4275
173427,0.6025
173428,0.45
173429,0.465
173430,0.46
173431,0.5175
173432,0.4425
173433,0.395
173434,0.31
173435,0.48
173436,0.465
173437,0.5325
173438,0.3925
173439,0.49
173440,0.4075
173441,0.4275
173442,0.7025
173443,0.4475
173444,0.515
173445,0.3675
173446,0.485
173447,0.5075
173448,0.6525
173449,0.3975
173450,0.54
173451,0.485
173452,0.6575
173453,0.5375
173454,0.475
173455,0.505
173456,0.47
173457,0.4025
173458,0.58
173459,0.47
173460,0.4425
173461,0.4625
173462,0.52
173463,0.6125
173464,0.44
173465,0.4325
173466,0.55
173467,0.565
173468,0.6375
173469,0.4975
173470,0.445
173471,0.4475
173472,0.455
173473,0.6025
173474,0.5725
173475,0.48
173476,0.42
173477,0.3575
173478,0.4325
173479,0.5525
173480,0.48
173481,0.4475
173482,0.445
173483,0.5925
173484,0.6775
173485,0.45
173486,0.4775
173487,0.5375
173488,0.5075
173489,0.5575
173490,0.37
173491,0.6425
173492,0.4475
173493,0.53
173494,0.43
173495,0.5575
173496,0.5225
173497,0.52
173498,0.5775
173499,0.5325
173500,0.5925
173501,0.68
173502,0.435
173503,0.4875
173504,0.255
173505,0.445
173506,0.3525
173507,0.29
173508,0.4975
173509,0.4
173510,0.5375
173511,0.3925
173512,0.44
173513,0.5625
173514,0.62
173515,0.545
173516,0.4
173517,0.5275
173518,0.41
173519,0.4775
173520,0.42
173521,0.6125
173522,0.5225
173523,0.51
173524,0.4225
173525,0.5025
173526,0.3525
173527,0.58
173528,0.4025
173529,0.405
173530,0.425
173531,0.535
173532,0.3375
173533,0.455
173534,0.6025
173535,0.395
173536,0.5625
173537,0.4575
173538,0.44
173539,0.445
173540,0.4425
173541,0.3625
173542,0.44
173543,0.465
173544,0.64
173545,0.425
173546,0.4625
173547,0.515
173548,0.3375
173549,0.37
173550,0.3575
173551,0.605
173552,0.48
173553,0.7275
173554,0.54
173555,0.5375
173556,0.4225
173557,0.675
173558,0.5075
173559,0.525
173560,0.6025
173561,0.5475
173562,0.6575
173563,0.435
173564,0.465
173565,0.49
173566,0.5175
173567,0.5375
173568,0.415
173569,0.4475
173570,0.5925
173571,0.4575
173572,0.5
173573,0.5425
173574,0.61
173575,0.435
173576,0.535
173577,0.23
173578,0.5775
173579,0.3475
173580,0.485
173581,0.4225
173582,0.5975
173583,0.51
173584,0.555
173585,0.4775
173586,0.4
173587,0.4675
173588,0.38
173589,0.54
173590,0.645
173591,0.5425
173592,0.4525
173593,0.5025
173594,0.4
173595,0.4125
173596,0.525
173597,0.3875
173598,0.615
173599,0.38
173600,0.37
173601,0.6125
173602,0.4175
173603,0.455
173604,0.55
173605,0.4475
173606,0.5725
173607,0.5675
173608,0.4825
173609,0.615
173610,0.425
173611,0.4975
173612,0.5175
173613,0.4675
173614,0.5225
173615,0.5225
173616,0.3125
173617,0.3925
173618,0.585
173619,0.465
173620,0.4925
173621,0.485
173622,0.5375
173623,0.3525
173624,0.44
173625,0.4375
173626,0.515
173627,0.4775
173628,0.53
173629,0.5625
173630,0.56
173631,0.52
173632,0.375
173633,0.4
173634,0.3725
173635,0.385
173636,0.4625
173637,0.41
173638,0.5075
173639,0.6275
173640,0.6725
173641,0.51
173642,0.4825
173643,0.46
173644,0.47
173645,0.38
173646,0.465
173647,0.5975
173648,0.565
173649,0.545
173650,0.425
173651,0.49
173652,0.4975
173653,0.515
173654,0.465
173655,0.5275
173656,0.495
173657,0.4275
173658,0.4575
173659,0.515
173660,0.51
173661,0.625
173662,0.5325
173663,0.56
173664,0.575
173665,0.4575
173666,0.445
173667,0.485
173668,0.4225
173669,0.48
173670,0.4425
173671,0.5075
173672,0.57
173673,0.4525
173674,0.5475
173675,0.5425
173676,0.4875
173677,0.675
173678,0.5475
173679,0.4775
173680,0.4325
173681,0.3575
173682,0.6025
173683,0.3175
173684,0.4475
173685,0.4025
173686,0.335
173687,0.4
173688,0.4275
173689,0.46
173690,0.5925
173691,0.4525
173692,0.625
173693,0.4575
173694,0.47
173695,0.6575
173696,0.305
173697,0.5375
173698,0.5375
173699,0.4975
173700,0.5325
173701,0.4275
173702,0.4125
173703,0.59
173704,0.4525
173705,0.44
173706,0.46
173707,0.5
173708,0.405
173709,0.4375
173710,0.5
173711,0.4975
173712,0.515
173713,0.515
173714,0.4775
173715,0.535
173716,0.71
173717,0.4525
173718,0.555
173719,0.4025
173720,0.5375
173721,0.4675
173722,0.545
173723,0.38
173724,0.5125
173725,0.3475
173726,0.525
173727,0.46
173728,0.3925
173729,0.56
173730,0.41
173731,0.6575
173732,0.6225
173733,0.43
173734,0.4125
173735,0.4675
173736,0.5275
173737,0.63
173738,0.425
173739,0.435
173740,0.455
173741,0.7225
173742,0.495
173743,0.69
173744,0.635
173745,0.62
173746,0.695
173747,0.53
173748,0.6525
173749,0.4625
173750,0.43
173751,0.395
173752,0.495
173753,0.5575
173754,0.4775
173755,0.6125
173756,0.4125
173757,0.595
173758,0.3925
173759,0.64
173760,0.5175
173761,0.5425
173762,0.4075
173763,0.46
173764,0.605
173765,0.445
173766,0.355
173767,0.42
173768,0.55
173769,0.4675
173770,0.4375
173771,0.565
173772,0.5075
173773,0.4025
173774,0.4
173775,0.5475
173776,0.4975
173777,0.38
173778,0.6575
173779,0.505
173780,0.32
173781,0.5475
173782,0.4125
173783,0.56
173784,0.4175
173785,0.35
173786,0.395
173787,0.575
173788,0.5475
173789,0.3575
173790,0.345
173791,0.555
173792,0.505
173793,0.4325
173794,0.555
173795,0.4375
173796,0.445
173797,0.4125
173798,0.4575
173799,0.4675
173800,0.4175
173801,0.515
173802,0.4425
173803,0.48
173804,0.72
173805,0.4775
173806,0.45
173807,0.525
173808,0.415
173809,0.5475
173810,0.515
173811,0.6475
173812,0.2975
173813,0.46
173814,0.4975
173815,0.52
173816,0.46
173817,0.41
173818,0.4525
173819,0.4875
173820,0.79
173821,0.47
173822,0.5475
173823,0.3
173824,0.48
173825,0.5075
173826,0.5775
173827,0.6225
173828,0.5925
173829,0.6325
173830,0.59
173831,0.435
173832,0.5375
173833,0.4375
173834,0.575
173835,0.52
173836,0.5425
173837,0.47
173838,0.6325
173839,0.4925
173840,0.4025
173841,0.47
173842,0.42
173843,0.3
173844,0.4425
173845,0.605
173846,0.595
173847,0.3975
173848,0.39
173849,0.62
173850,0.5175
173851,0.645
173852,0.475
173853,0.68
173854,0.4825
173855,0.6825
173856,0.4875
173857,0.565
173858,0.5175
173859,0.4425
173860,0.43
173861,0.4275
173862,0.4225
173863,0.6975
173864,0.405
173865,0.455
173866,0.405
173867,0.4925
173868,0.645
173869,0.4175
173870,0.4525
173871,0.5375
173872,0.565
173873,0.475
173874,0.5825
173875,0.42
173876,0.4825
173877,0.5475
173878,0.5975
173879,0.3675
173880,0.65
173881,0.5125
173882,0.3825
173883,0.27
173884,0.4825
173885,0.5575
173886,0.7175
173887,0.5525
173888,0.615
173889,0.485
173890,0.4425
173891,0.5375
173892,0.375
173893,0.5625
173894,0.605
173895,0.3675
173896,0.4
173897,0.485
173898,0.4375
173899,0.585
173900,0.5775
173901,0.54
173902,0.41
173903,0.47
173904,0.4425
173905,0.4075
173906,0.39
173907,0.4325
173908,0.5825
173909,0.445
173910,0.4625
173911,0.4825
173912,0.5375
173913,0.46
173914,0.49
173915,0.565
173916,0.42
173917,0.515
173918,0.57
173919,0.545
173920,0.5425
173921,0.4325
173922,0.5325
173923,0.3975
173924,0.6575
173925,0.5625
173926,0.5175
173927,0.27
173928,0.6875
173929,0.5
173930,0.56
173931,0.52
173932,0.4
173933,0.6175
173934,0.44
173935,0.5925
173936,0.6025
173937,0.3625
173938,0.6875
173939,0.4325
173940,0.5
173941,0.5575
173942,0.55
173943,0.475
173944,0.495
173945,0.4375
173946,0.495
173947,0.29
173948,0.4725
173949,0.4125
173950,0.54
173951,0.5375
173952,0.4925
173953,0.5
173954,0.4775
173955,0.345
173956,0.4525
173957,0.5525
173958,0.615
173959,0.545
173960,0.67
173961,0.32
173962,0.555
173963,0.5325
173964,0.29
173965,0.4375
173966,0.5525
173967,0.615
173968,0.495
173969,0.32
173970,0.5125
173971,0.605
173972,0.415
173973,0.45
173974,0.555
173975,0.58
173976,0.6175
173977,0.375
173978,0.38
173979,0.4725
173980,0.55
173981,0.53
173982,0.4525
173983,0.4025
173984,0.4975
173985,0.5425
173986,0.58
173987,0.4625
173988,0.4475
173989,0.58
173990,0.355
173991,0.64
173992,0.4325
173993,0.3475
173994,0.4875
173995,0.4375
173996,0.5275
173997,0.4875
173998,0.495
173999,0.555
174000,0.6325
174001,0.5125
174002,0.4625
174003,0.4975
174004,0.3725
174005,0.38
174006,0.395
174007,0.525
174008,0.47
174009,0.5825
174010,0.3875
174011,0.4675
174012,0.6075
174013,0.53
174014,0.49
174015,0.4725
174016,0.4475
174017,0.58
174018,0.44
174019,0.64
174020,0.5875
174021,0.5025
174022,0.5125
174023,0.465
174024,0.6675
174025,0.63
174026,0.615
174027,0.52
174028,0.5475
174029,0.6225
174030,0.38
174031,0.4875
174032,0.4175
174033,0.4425
174034,0.455
174035,0.62
174036,0.5275
174037,0.5225
174038,0.3925
174039,0.66
174040,0.4525
174041,0.395
174042,0.465
174043,0.5325
174044,0.435
174045,0.6725
174046,0.325
174047,0.345
174048,0.33
174049,0.495
174050,0.6225
174051,0.43
174052,0.4975
174053,0.5
174054,0.2975
174055,0.63
174056,0.4075
174057,0.6125
174058,0.5525
174059,0.4575
174060,0.7225
174061,0.485
174062,0.4225
174063,0.4975
174064,0.485
174065,0.4575
174066,0.4625
174067,0.5475
174068,0.5625
174069,0.51
174070,0.5425
174071,0.4025
174072,0.4325
174073,0.525
174074,0.6475
174075,0.4075
174076,0.52
174077,0.5
174078,0.495
174079,0.51
174080,0.49
174081,0.365
174082,0.6175
174083,0.4725
174084,0.5975
174085,0.3825
174086,0.51
174087,0.545
174088,0.53
174089,0.4225
174090,0.66
174091,0.315
174092,0.5825
174093,0.33
174094,0.515
174095,0.4925
174096,0.4525
174097,0.4575
174098,0.585
174099,0.3675
174100,0.4225
174101,0.495
174102,0.6125
174103,0.335
174104,0.3125
174105,0.555
174106,0.58
174107,0.4375
174108,0.4225
174109,0.29
174110,0.465
174111,0.42
174112,0.345
174113,0.3875
174114,0.435
174115,0.5175
174116,0.475
174117,0.605
174118,0.485
174119,0.4225
174120,0.58
174121,0.6025
174122,0.4325
174123,0.3775
174124,0.4425
174125,0.475
174126,0.51
174127,0.565
174128,0.52
174129,0.4475
174130,0.49
174131,0.6275
174132,0.5
174133,0.4775
174134,0.5325
174135,0.44
174136,0.4025
174137,0.44
174138,0.455
174139,0.5475
174140,0.51
174141,0.5025
174142,0.3825
174143,0.39
174144,0.525
174145,0.415
174146,0.415
174147,0.54
174148,0.4975
174149,0.54
174150,0.43
174151,0.4775
174152,0.61
174153,0.4175
174154,0.3575
174155,0.4975
174156,0.4825
174157,0.5
174158,0.6725
174159,0.5325
174160,0.485
174161,0.3875
174162,0.37
174163,0.5175
174164,0.4625
174165,0.545
174166,0.56
174167,0.415
174168,0.45
174169,0.4725
174170,0.505
174171,0.5925
174172,0.4225
174173,0.4525
174174,0.5625
174175,0.435
174176,0.4175
174177,0.71
174178,0.505
174179,0.5625
174180,0.4225
174181,0.415
174182,0.46
174183,0.4875
174184,0.4325
174185,0.5675
174186,0.575
174187,0.655
174188,0.51
174189,0.485
174190,0.385
174191,0.3725
174192,0.5575
174193,0.4825
174194,0.4825
174195,0.5025
174196,0.4325
174197,0.44
174198,0.465
174199,0.5775
174200,0.5375
174201,0.4575
174202,0.4825
174203,0.425
174204,0.46
174205,0.4175
174206,0.6625
174207,0.645
174208,0.415
174209,0.6725
174210,0.475
174211,0.4775
174212,0.3375
174213,0.4625
174214,0.4
174215,0.4375
174216,0.5025
174217,0.6175
174218,0.6625
174219,0.4425
174220,0.5725
174221,0.48
174222,0.4375
174223,0.565
174224,0.4075
174225,0.4275
174226,0.4375
174227,0.33
174228,0.6825
174229,0.435
174230,0.6625
174231,0.52
174232,0.555
174233,0.5275
174234,0.61
174235,0.51
174236,0.59
174237,0.525
174238,0.43
174239,0.6125
174240,0.6675
174241,0.51
174242,0.64
174243,0.6025
174244,0.475
174245,0.445
174246,0.445
174247,0.55
174248,0.3925
174249,0.385
174250,0.41
174251,0.4325
174252,0.3725
174253,0.55
174254,0.545
174255,0.5675
174256,0.645
174257,0.6075
174258,0.4225
174259,0.385
174260,0.57
174261,0.5
174262,0.695
174263,0.3925
174264,0.4425
174265,0.3775
174266,0.635
174267,0.4675
174268,0.3925
174269,0.35
174270,0.605
174271,0.4925
174272,0.435
174273,0.435
174274,0.4375
174275,0.43
174276,0.45
174277,0.395
174278,0.595
174279,0.47
174280,0.5
174281,0.43
174282,0.52
174283,0.6925
174284,0.4075
174285,0.5075
174286,0.4025
174287,0.6
174288,0.5725
174289,0.3725
174290,0.375
174291,0.42
174292,0.42
174293,0.57
174294,0.6675
174295,0.3775
174296,0.47
174297,0.4125
174298,0.485
174299,0.4675
174300,0.4125
174301,0.345
174302,0.285
174303,0.61
174304,0.4875
174305,0.545
174306,0.375
174307,0.3425
174308,0.6175
174309,0.3825
174310,0.5975
174311,0.615
174312,0.4725
174313,0.4625
174314,0.5825
174315,0.5175
174316,0.485
174317,0.525
174318,0.59
174319,0.575
174320,0.46
174321,0.6125
174322,0.6525
174323,0.5
174324,0.495
174325,0.445
174326,0.575
174327,0.635
174328,0.4975
174329,0.415
174330,0.43
174331,0.5575
174332,0.4825
174333,0.4525
174334,0.53
174335,0.435
174336,0.3975
174337,0.55
174338,0.5125
174339,0.5175
174340,0.5425
174341,0.4125
174342,0.5425
174343,0.565
174344,0.4475
174345,0.6425
174346,0.6375
174347,0.3575
174348,0.5825
174349,0.4425
174350,0.465
174351,0.42
174352,0.45
174353,0.615
174354,0.3725
174355,0.455
174356,0.5475
174357,0.455
174358,0.4575
174359,0.5725
174360,0.5175
174361,0.47
174362,0.44
174363,0.5775
174364,0.455
174365,0.495
174366,0.385
174367,0.4975
174368,0.4175
174369,0.515
174370,0.7625
174371,0.3925
174372,0.4875
174373,0.705
174374,0.4225
174375,0.6675
174376,0.5575
174377,0.5625
174378,0.44
174379,0.4425
174380,0.5875
174381,0.5
174382,0.4675
174383,0.315
174384,0.4025
174385,0.5125
174386,0.5425
174387,0.415
174388,0.535
174389,0.6375
174390,0.39
174391,0.43
174392,0.5475
174393,0.575
174394,0.6375
174395,0.45
174396,0.4975
174397,0.485
174398,0.5775
174399,0.645
174400,0.4525
174401,0.38
174402,0.42
174403,0.445
174404,0.43
174405,0.66
174406,0.4075
174407,0.3525
174408,0.5075
174409,0.56
174410,0.3525
174411,0.64
174412,0.65
174413,0.435
174414,0.5625
174415,0.45
174416,0.4175
174417,0.4425
174418,0.53
174419,0.6525
174420,0.53
174421,0.525
174422,0.545
174423,0.45
174424,0.4925
174425,0.5025
174426,0.5425
174427,0.505
174428,0.4925
174429,0.4525
174430,0.4875
174431,0.58
174432,0.505
174433,0.4475
174434,0.4825
174435,0.4825
174436,0.535
174437,0.53
174438,0.4475
174439,0.4425
174440,0.53
174441,0.5075
174442,0.6325
174443,0.62
174444,0.5075
174445,0.465
174446,0.5975
174447,0.4625
174448,0.5475
174449,0.4325
174450,0.4475
174451,0.6325
174452,0.495
174453,0.41
174454,0.5075
174455,0.3725
174456,0.4075
174457,0.4725
174458,0.65
174459,0.545
174460,0.305
174461,0.46
174462,0.4525
174463,0.4225
174464,0.525
174465,0.3825
174466,0.6075
174467,0.39
174468,0.4375
174469,0.3375
174470,0.47
174471,0.4125
174472,0.62
174473,0.41
174474,0.54
174475,0.45
174476,0.555
174477,0.4475
174478,0.4375
174479,0.415
174480,0.6025
174481,0.4825
174482,0.455
174483,0.4675
174484,0.585
174485,0.55
174486,0.355
174487,0.4925
174488,0.48
174489,0.35
174490,0.6175
174491,0.6175
174492,0.6075
174493,0.425
174494,0.5125
174495,0.335
174496,0.43
174497,0.4825
174498,0.53
174499,0.55
174500,0.455
174501,0.4625
174502,0.3725
174503,0.5425
174504,0.4925
174505,0.5
174506,0.4175
174507,0.515
174508,0.6675
174509,0.5525
174510,0.485
174511,0.44
174512,0.4125
174513,0.49
174514,0.5275
174515,0.5625
174516,0.35
174517,0.46
174518,0.455
174519,0.5325
174520,0.41
174521,0.4325
174522,0.5325
174523,0.45
174524,0.6175
174525,0.41
174526,0.415
174527,0.37
174528,0.4975
174529,0.4925
174530,0.3125
174531,0.4975
174532,0.5025
174533,0.485
174534,0.45
174535,0.4675
174536,0.495
174537,0.425
174538,0.6
174539,0.425
174540,0.43
174541,0.425
174542,0.605
174543,0.36
174544,0.455
174545,0.6225
174546,0.44
174547,0.4275
174548,0.5875
174549,0.53
174550,0.685
174551,0.4875
174552,0.375
174553,0.4825
174554,0.705
174555,0.475
174556,0.5425
174557,0.5675
174558,0.525
174559,0.4925
174560,0.415
174561,0.5475
174562,0.5025
174563,0.415
174564,0.575
174565,0.395
174566,0.445
174567,0.4925
174568,0.675
174569,0.6075
174570,0.435
174571,0.47
174572,0.565
174573,0.5225
174574,0.3625
174575,0.4375
174576,0.4875
174577,0.4725
174578,0.3125
174579,0.445
174580,0.545
174581,0.52
174582,0.5575
174583,0.295
174584,0.54
174585,0.6225
174586,0.4375
174587,0.4875
174588,0.5
174589,0.5825
174590,0.5375
174591,0.5075
174592,0.53
174593,0.5575
174594,0.5875
174595,0.4
174596,0.685
174597,0.375
174598,0.495
174599,0.555
174600,0.48
174601,0.52
174602,0.5675
174603,0.51
174604,0.51
174605,0.54
174606,0.4675
174607,0.4575
174608,0.66
174609,0.6825
174610,0.4325
174611,0.3725
174612,0.455
174613,0.43
174614,0.5175
174615,0.4625
174616,0.6225
174617,0.4925
174618,0.31
174619,0.52
174620,0.495
174621,0.3
174622,0.475
174623,0.5125
174624,0.455
174625,0.3925
174626,0.5575
174627,0.565
174628,0.555
174629,0.6325
174630,0.4425
174631,0.455
174632,0.575
174633,0.3575
174634,0.5575
174635,0.4225
174636,0.55
174637,0.5675
174638,0.46
174639,0.505
174640,0.44
174641,0.425
174642,0.4325
174643,0.5025
174644,0.535
174645,0.395
174646,0.4025
174647,0.45
174648,0.565
174649,0.365
174650,0.4175
174651,0.4425
174652,0.5825
174653,0.555
174654,0.355
174655,0.5375
174656,0.4975
174657,0.5575
174658,0.4925
174659,0.4575
174660,0.655
174661,0.595
174662,0.4125
174663,0.41
174664,0.5225
174665,0.5575
174666,0.46
174667,0.5075
174668,0.475
174669,0.505
174670,0.6075
174671,0.44
174672,0.68
174673,0.39
174674,0.5775
174675,0.435
174676,0.575
174677,0.47
174678,0.4325
174679,0.4125
174680,0.43
174681,0.3325
174682,0.4175
174683,0.5825
174684,0.4675
174685,0.59
174686,0.4625
174687,0.4925
174688,0.3275
174689,0.485
174690,0.4125
174691,0.475
174692,0.49
174693,0.6175
174694,0.4525
174695,0.455
174696,0.5325
174697,0.3675
174698,0.41
174699,0.4825
174700,0.4825
174701,0.5925
174702,0.5025
174703,0.5575
174704,0.4525
174705,0.4875
174706,0.4975
174707,0.395
174708,0.3875
174709,0.4175
174710,0.41
174711,0.555
174712,0.675
174713,0.4975
174714,0.4025
174715,0.4575
174716,0.4025
174717,0.5125
174718,0.53
174719,0.6375
174720,0.455
174721,0.495
174722,0.6075
174723,0.5825
174724,0.4825
174725,0.4925
174726,0.4875
174727,0.5075
174728,0.505
174729,0.4325
174730,0.605
174731,0.405
174732,0.53
174733,0.555
174734,0.48
174735,0.58
174736,0.47
174737,0.7425
174738,0.3775
174739,0.5325
174740,0.3625
174741,0.445
174742,0.5825
174743,0.4425
174744,0.5475
174745,0.5325
174746,0.595
174747,0.655
174748,0.3625
174749,0.59
174750,0.4125
174751,0.56
174752,0.6275
174753,0.4825
174754,0.4325
174755,0.54
174756,0.4
174757,0.37
174758,0.63
174759,0.4375
174760,0.525
174761,0.4725
174762,0.43
174763,0.595
174764,0.4825
174765,0.55
174766,0.4175
174767,0.485
174768,0.45
174769,0.385
174770,0.5325
174771,0.545
174772,0.435
174773,0.49
174774,0.675
174775,0.41
174776,0.545
174777,0.415
174778,0.455
174779,0.4425
174780,0.5125
174781,0.4725
174782,0.4125
174783,0.44
174784,0.355
174785,0.5725
174786,0.4925
174787,0.4975
174788,0.42
174789,0.5075
174790,0.385
174791,0.485
174792,0.615
174793,0.5675
174794,0.46
174795,0.735
174796,0.445
174797,0.3775
174798,0.515
174799,0.53
174800,0.62
174801,0.4675
174802,0.56
174803,0.4975
174804,0.575
174805,0.5
174806,0.48
174807,0.2525
174808,0.545
174809,0.505
174810,0.4875
174811,0.565
174812,0.5475
174813,0.6925
174814,0.435
174815,0.4025
174816,0.5775
174817,0.5
174818,0.445
174819,0.49
174820,0.535
174821,0.4425
174822,0.355
174823,0.7375
174824,0.55
174825,0.6425
174826,0.4475
174827,0.505
174828,0.5275
174829,0.445
174830,0.675
174831,0.6125
174832,0.48
174833,0.5625
174834,0.445
174835,0.5075
174836,0.4275
174837,0.3725
174838,0.4225
174839,0.465
174840,0.45
174841,0.5025
174842,0.4375
174843,0.445
174844,0.47
174845,0.4425
174846,0.42
174847,0.6275
174848,0.615
174849,0.575
174850,0.48
174851,0.56
174852,0.46
174853,0.48
174854,0.5775
174855,0.7075
174856,0.5
174857,0.5325
174858,0.5775
174859,0.485
174860,0.3825
174861,0.415
174862,0.455
174863,0.395
174864,0.395
174865,0.525
174866,0.5525
174867,0.38
174868,0.4825
174869,0.4025
174870,0.44
174871,0.5425
174872,0.55
174873,0.435
174874,0.3775
174875,0.625
174876,0.58
174877,0.395
174878,0.685
174879,0.55
174880,0.5275
174881,0.495
174882,0.4475
174883,0.5575
174884,0.3725
174885,0.555
174886,0.4025
174887,0.3475
174888,0.5775
174889,0.565
174890,0.3225
174891,0.455
174892,0.6275
174893,0.48
174894,0.5475
174895,0.5225
174896,0.485
174897,0.46
174898,0.4775
174899,0.4075
174900,0.4775
174901,0.59
174902,0.3625
174903,0.4575
174904,0.455
174905,0.375
174906,0.4
174907,0.4375
174908,0.4625
174909,0.5225
174910,0.5175
174911,0.3525
174912,0.5725
174913,0.5925
174914,0.5775
174915,0.445
174916,0.5425
174917,0.4875
174918,0.49
174919,0.29
174920,0.42
174921,0.6
174922,0.51
174923,0.535
174924,0.475
174925,0.46
174926,0.46
174927,0.4575
174928,0.51
174929,0.61
174930,0.405
174931,0.4425
174932,0.355
174933,0.4425
174934,0.48
174935,0.4375
174936,0.4775
174937,0.4225
174938,0.54
174939,0.7175
174940,0.4975
174941,0.585
174942,0.3875
174943,0.4675
174944,0.345
174945,0.305
174946,0.38
174947,0.4625
174948,0.4875
174949,0.4425
174950,0.4375
174951,0.515
174952,0.5425
174953,0.455
174954,0.44
174955,0.56
174956,0.3375
174957,0.45
174958,0.5275
174959,0.4225
174960,0.52
174961,0.535
174962,0.4825
174963,0.5
174964,0.6275
174965,0.4425
174966,0.6775
174967,0.5875
174968,0.5475
174969,0.485
174970,0.4725
174971,0.54
174972,0.48
174973,0.505
174974,0.48
174975,0.365
174976,0.495
174977,0.6325
174978,0.41
174979,0.4025
174980,0.4275
174981,0.44
174982,0.585
174983,0.5475
174984,0.5875
174985,0.5225
174986,0.4575
174987,0.6225
174988,0.455
174989,0.5375
174990,0.4875
174991,0.4925
174992,0.4325
174993,0.36
174994,0.6575
174995,0.6175
174996,0.3575
174997,0.3625
174998,0.3675
174999,0.58
175000,0.4425
175001,0.4825
175002,0.5125
175003,0.44
175004,0.6325
175005,0.6475
175006,0.5325
175007,0.3975
175008,0.56
175009,0.5325
175010,0.39
175011,0.53
175012,0.4425
175013,0.4775
175014,0.64
175015,0.515
175016,0.5025
175017,0.485
175018,0.35
175019,0.44
175020,0.4275
175021,0.565
175022,0.5775
175023,0.4275
175024,0.4525
175025,0.5325
175026,0.44
175027,0.505
175028,0.6775
175029,0.5075
175030,0.435
175031,0.4125
175032,0.43
175033,0.3825
175034,0.45
175035,0.3575
175036,0.525
175037,0.475
175038,0.4075
175039,0.3975
175040,0.4875
175041,0.4525
175042,0.4075
175043,0.5725
175044,0.4975
175045,0.4325
175046,0.47
175047,0.51
175048,0.485
175049,0.565
175050,0.575
175051,0.4425
175052,0.415
175053,0.5625
175054,0.495
175055,0.61
175056,0.37
175057,0.4025
175058,0.565
175059,0.3975
175060,0.3925
175061,0.4975
175062,0.5425
175063,0.61
175064,0.445
175065,0.465
175066,0.48
175067,0.6175
175068,0.4225
175069,0.55
175070,0.4025
175071,0.5625
175072,0.575
175073,0.425
175074,0.465
175075,0.44
175076,0.385
175077,0.505
175078,0.495
175079,0.435
175080,0.4375
175081,0.5325
175082,0.405
175083,0.5575
175084,0.6275
175085,0.56
175086,0.425
175087,0.5225
175088,0.555
175089,0.6375
175090,0.475
175091,0.4725
175092,0.62
175093,0.335
175094,0.585
175095,0.615
175096,0.4125
175097,0.5875
175098,0.45
175099,0.3825
175100,0.5675
175101,0.46
175102,0.4425
175103,0.3625
175104,0.39
175105,0.4375
175106,0.555
175107,0.5175
175108,0.43
175109,0.3825
175110,0.4975
175111,0.44
175112,0.3925
175113,0.5
175114,0.72
175115,0.5525
175116,0.5875
175117,0.6025
175118,0.4725
175119,0.5225
175120,0.66
175121,0.55
175122,0.4725
175123,0.5375
175124,0.6925
175125,0.435
175126,0.3925
175127,0.4675
175128,0.48
175129,0.5925
175130,0.6125
175131,0.4525
175132,0.58
175133,0.495
175134,0.3825
175135,0.5775
175136,0.3975
175137,0.525
175138,0.38
175139,0.5525
175140,0.5875
175141,0.425
175142,0.5075
175143,0.7175
175144,0.5575
175145,0.5525
175146,0.4025
175147,0.4
175148,0.62
175149,0.38
175150,0.59
175151,0.5775
175152,0.4025
175153,0.45
175154,0.3675
175155,0.46
175156,0.3475
175157,0.555
175158,0.54
175159,0.685
175160,0.595
175161,0.51
175162,0.4175
175163,0.5
175164,0.5175
175165,0.4625
175166,0.3775
175167,0.4875
175168,0.5075
175169,0.43
175170,0.4475
175171,0.445
175172,0.525
175173,0.5225
175174,0.455
175175,0.42
175176,0.485
175177,0.5175
175178,0.59
175179,0.5275
175180,0.2725
175181,0.44
175182,0.495
175183,0.45
175184,0.445
175185,0.42
175186,0.51
175187,0.4675
175188,0.52
175189,0.5675
175190,0.465
175191,0.635
175192,0.48
175193,0.3375
175194,0.4925
175195,0.4175
175196,0.5375
175197,0.5125
175198,0.525
175199,0.505
175200,0.41
175201,0.635
175202,0.5075
175203,0.5425
175204,0.6475
175205,0.495
175206,0.49
175207,0.42
175208,0.5825
175209,0.5575
175210,0.5875
175211,0.4075
175212,0.465
175213,0.43
175214,0.71
175215,0.43
175216,0.42
175217,0.4275
175218,0.335
175219,0.645
175220,0.5325
175221,0.5025
175222,0.5725
175223,0.4075
175224,0.37
175225,0.4475
175226,0.39
175227,0.555
175228,0.44
175229,0.375
175230,0.4575
175231,0.3525
175232,0.485
175233,0.4175
175234,0.4625
175235,0.4475
175236,0.41
175237,0.5075
175238,0.715
175239,0.505
175240,0.5325
175241,0.53
175242,0.5725
175243,0.5925
175244,0.5225
175245,0.41
175246,0.3525
175247,0.51
175248,0.535
175249,0.355
175250,0.49
175251,0.5
175252,0.4775
175253,0.395
175254,0.575
175255,0.3925
175256,0.49
175257,0.4225
175258,0.6625
175259,0.4675
175260,0.48
175261,0.555
175262,0.5675
175263,0.4575
175264,0.435
175265,0.3325
175266,0.5075
175267,0.5425
175268,0.3875
175269,0.45
175270,0.4475
175271,0.58
175272,0.4575
175273,0.465
175274,0.4075
175275,0.3425
175276,0.42
175277,0.5125
175278,0.5075
175279,0.495
175280,0.58
175281,0.4925
175282,0.445
175283,0.4775
175284,0.5925
175285,0.6625
175286,0.6775
175287,0.555
175288,0.435
175289,0.4875
175290,0.46
175291,0.5275
175292,0.53
175293,0.4925
175294,0.3825
175295,0.5375
175296,0.61
175297,0.2775
175298,0.5025
175299,0.6525
175300,0.4375
175301,0.4525
175302,0.3625
175303,0.32
175304,0.555
175305,0.515
175306,0.265
175307,0.4025
175308,0.4275
175309,0.5975
175310,0.65
175311,0.5675
175312,0.5925
175313,0.45
175314,0.665
175315,0.59
175316,0.3525
175317,0.4825
175318,0.45
175319,0.3625
175320,0.435
175321,0.535
175322,0.47
175323,0.465
175324,0.4625
175325,0.5025
175326,0.44
175327,0.6425
175328,0.5175
175329,0.4875
175330,0.545
175331,0.3975
175332,0.5225
175333,0.405
175334,0.4075
175335,0.485
175336,0.3325
175337,0.41
175338,0.465
175339,0.5325
175340,0.4775
175341,0.6125
175342,0.54
175343,0.445
175344,0.4625
175345,0.4375
175346,0.4675
175347,0.5975
175348,0.5125
175349,0.5575
175350,0.4225
175351,0.4775
175352,0.4325
175353,0.385
175354,0.4425
175355,0.5025
175356,0.4475
175357,0.3425
175358,0.34
175359,0.46
175360,0.445
175361,0.4875
175362,0.62
175363,0.725
175364,0.375
175365,0.3125
175366,0.425
175367,0.465
175368,0.48
175369,0.4625
175370,0.38
175371,0.64
175372,0.44
175373,0.445
175374,0.54
175375,0.565
175376,0.5375
175377,0.5575
175378,0.555
175379,0.45
175380,0.4675
175381,0.5575
175382,0.4025
175383,0.32
175384,0.5275
175385,0.4925
175386,0.465
175387,0.6325
175388,0.52
175389,0.4725
175390,0.4
175391,0.6175
175392,0.5275
175393,0.5625
175394,0.52
175395,0.5625
175396,0.4825
175397,0.395
175398,0.455
175399,0.545
175400,0.4025
175401,0.4025
175402,0.395
175403,0.5525
175404,0.39
175405,0.5475
175406,0.3075
175407,0.48
175408,0.585
175409,0.535
175410,0.415
175411,0.585
175412,0.53
175413,0.54
175414,0.375
175415,0.5425
175416,0.4075
175417,0.4825
175418,0.675
175419,0.5225
175420,0.475
175421,0.555
175422,0.6575
175423,0.46
175424,0.5875
175425,0.52
175426,0.52
175427,0.4
175428,0.53
175429,0.4175
175430,0.395
175431,0.51
175432,0.6725
175433,0.7725
175434,0.4975
175435,0.4425
175436,0.5525
175437,0.4325
175438,0.4875
175439,0.59
175440,0.52
175441,0.4825
175442,0.5425
175443,0.5925
175444,0.47
175445,0.45
175446,0.5675
175447,0.3225
175448,0.48
175449,0.4125
175450,0.4025
175451,0.5375
175452,0.585
175453,0.4925
175454,0.485
175455,0.455
175456,0.5225
175457,0.6975
175458,0.5675
175459,0.265
175460,0.485
175461,0.54
175462,0.4675
175463,0.38
175464,0.3675
175465,0.435
175466,0.475
175467,0.5725
175468,0.3975
175469,0.4725
175470,0.5425
175471,0.395
175472,0.445
175473,0.55
175474,0.3075
175475,0.525
175476,0.47
175477,0.3475
175478,0.5475
175479,0.4525
175480,0.6825
175481,0.4675
175482,0.5375
175483,0.5825
175484,0.4475
175485,0.575
175486,0.4625
175487,0.465
175488,0.6625
175489,0.5025
175490,0.47
175491,0.455
175492,0.6125
175493,0.5725
175494,0.4075
175495,0.385
175496,0.4525
175497,0.4775
175498,0.5325
175499,0.6
175500,0.5425
175501,0.52
175502,0.57
175503,0.335
175504,0.4525
175505,0.63
175506,0.5975
175507,0.3875
175508,0.4075
175509,0.555
175510,0.49
175511,0.4775
175512,0.4725
175513,0.6625
175514,0.5
175515,0.385
175516,0.48
175517,0.5225
175518,0.3625
175519,0.415
175520,0.5525
175521,0.3725
175522,0.505
175523,0.4875
175524,0.535
175525,0.635
175526,0.4
175527,0.5025
175528,0.625
175529,0.555
175530,0.2725
175531,0.5475
175532,0.5625
175533,0.39
175534,0.415
175535,0.5975
175536,0.435
175537,0.4575
175538,0.4825
175539,0.5075
175540,0.3825
175541,0.4275
175542,0.5425
175543,0.48
175544,0.5425
175545,0.4675
175546,0.48
175547,0.3675
175548,0.4375
175549,0.5325
175550,0.5075
175551,0.745
175552,0.43
175553,0.3575
175554,0.595
175555,0.44
175556,0.7125
175557,0.3775
175558,0.4825
175559,0.485
175560,0.425
175561,0.3825
175562,0.555
175563,0.5975
175564,0.435
175565,0.54
175566,0.5325
175567,0.4075
175568,0.5225
175569,0.475
175570,0.4225
175571,0.55
175572,0.45
175573,0.515
175574,0.5225
175575,0.4175
175576,0.395
175577,0.5575
175578,0.4875
175579,0.4325
175580,0.71
175581,0.3975
175582,0.72
175583,0.475
175584,0.39
175585,0.53
175586,0.455
175587,0.42
175588,0.5525
175589,0.4625
175590,0.4625
175591,0.525
175592,0.415
175593,0.515
175594,0.5825
175595,0.42
175596,0.3825
175597,0.4075
175598,0.48
175599,0.405
175600,0.5125
175601,0.4225
175602,0.6
175603,0.635
175604,0.51
175605,0.5325
175606,0.6275
175607,0.485
175608,0.5425
175609,0.565
175610,0.6525
175611,0.5375
175612,0.375
175613,0.555
175614,0.2725
175615,0.325
175616,0.4225
175617,0.4375
175618,0.4275
175619,0.6425
175620,0.515
175621,0.535
175622,0.6075
175623,0.31
175624,0.5925
175625,0.4375
175626,0.4675
175627,0.6225
175628,0.48
175629,0.605
175630,0.5075
175631,0.49
175632,0.6525
175633,0.445
175634,0.5025
175635,0.525
175636,0.405
175637,0.6275
175638,0.435
175639,0.43
175640,0.4975
175641,0.68
175642,0.34
175643,0.5375
175644,0.6125
175645,0.405
175646,0.515
175647,0.425
175648,0.59
175649,0.5225
175650,0.53
175651,0.6
175652,0.7325
175653,0.49
175654,0.5025
175655,0.46
175656,0.3475
175657,0.4675
175658,0.4375
175659,0.53
175660,0.5825
175661,0.57
175662,0.5525
175663,0.57
175664,0.5325
175665,0.48
175666,0.3925
175667,0.66
175668,0.41
175669,0.6275
175670,0.385
175671,0.5375
175672,0.5075
175673,0.3625
175674,0.405
175675,0.6025
175676,0.6175
175677,0.4725
175678,0.555
175679,0.3275
175680,0.5375
175681,0.3875
175682,0.47
175683,0.5975
175684,0.375
175685,0.445
175686,0.515
175687,0.51
175688,0.645
175689,0.49
175690,0.4475
175691,0.4975
175692,0.41
175693,0.48
175694,0.62
175695,0.46
175696,0.5375
175697,0.555
175698,0.45
175699,0.465
175700,0.445
175701,0.38
175702,0.5225
175703,0.52
175704,0.4925
175705,0.4175
175706,0.3925
175707,0.3425
175708,0.4925
175709,0.36
175710,0.4775
175711,0.4925
175712,0.5725
175713,0.6025
175714,0.405
175715,0.4675
175716,0.4875
175717,0.545
175718,0.6025
175719,0.4775
175720,0.6275
175721,0.475
175722,0.7425
175723,0.78
175724,0.42
175725,0.4725
175726,0.435
175727,0.52
175728,0.64
175729,0.4925
175730,0.375
175731,0.4875
175732,0.5075
175733,0.5525
175734,0.3375
175735,0.46
175736,0.525
175737,0.51
175738,0.4425
175739,0.45
175740,0.4725
175741,0.415
175742,0.4475
175743,0.3
175744,0.5075
175745,0.555
175746,0.5575
175747,0.605
175748,0.5925
175749,0.635
175750,0.5475
175751,0.465
175752,0.515
175753,0.5075
175754,0.475
175755,0.605
175756,0.42
175757,0.4675
175758,0.5375
175759,0.5225
175760,0.4575
175761,0.5575
175762,0.535
175763,0.43
175764,0.5675
175765,0.4725
175766,0.7075
175767,0.63
175768,0.56
175769,0.535
175770,0.4275
175771,0.5225
175772,0.47
175773,0.54
175774,0.57
175775,0.3925
175776,0.56
175777,0.4075
175778,0.5125
175779,0.5175
175780,0.6975
175781,0.725
175782,0.495
175783,0.46
175784,0.5375
175785,0.5
175786,0.5075
175787,0.4925
175788,0.555
175789,0.5575
175790,0.6475
175791,0.465
175792,0.49
175793,0.45
175794,0.5
175795,0.3025
175796,0.47
175797,0.505
175798,0.4475
175799,0.445
175800,0.5625
175801,0.4375
175802,0.5125
175803,0.455
175804,0.555
175805,0.555
175806,0.5575
175807,0.4525
175808,0.5225
175809,0.72
175810,0.665
175811,0.465
175812,0.41
175813,0.495
175814,0.3825
175815,0.4375
175816,0.56
175817,0.5725
175818,0.47
175819,0.615
175820,0.4775
175821,0.4225
175822,0.56
175823,0.6075
175824,0.3125
175825,0.4975
175826,0.48
175827,0.5375
175828,0.565
175829,0.505
175830,0.6
175831,0.475
175832,0.4525
175833,0.475
175834,0.59
175835,0.5025
175836,0.44
175837,0.435
175838,0.545
175839,0.455
175840,0.285
175841,0.635
175842,0.4725
175843,0.4775
175844,0.4025
175845,0.4475
175846,0.445
175847,0.395
175848,0.61
175849,0.4975
175850,0.415
175851,0.555
175852,0.325
175853,0.535
175854,0.4025
175855,0.68
175856,0.41
175857,0.395
175858,0.4175
175859,0.525
175860,0.6775
175861,0.4275
175862,0.5375
175863,0.4975
175864,0.39
175865,0.5925
175866,0.41
175867,0.51
175868,0.6675
175869,0.6075
175870,0.5025
175871,0.3775
175872,0.6
175873,0.515
175874,0.52
175875,0.475
175876,0.36
175877,0.5675
175878,0.555
175879,0.52
175880,0.4475
175881,0.43
175882,0.615
175883,0.53
175884,0.495
175885,0.4525
175886,0.4975
175887,0.5
175888,0.7175
175889,0.43
175890,0.4075
175891,0.5725
175892,0.59
175893,0.5975
175894,0.3625
175895,0.59
175896,0.42
175897,0.4875
175898,0.5425
175899,0.4525
175900,0.56
175901,0.4925
175902,0.4275
175903,0.4425
175904,0.51
175905,0.4825
175906,0.4675
175907,0.4425
175908,0.5325
175909,0.5475
175910,0.53
175911,0.39
175912,0.56
175913,0.4
175914,0.65
175915,0.5575
175916,0.3475
175917,0.4725
175918,0.4575
175919,0.5075
175920,0.475
175921,0.4675
175922,0.5375
175923,0.645
175924,0.47
175925,0.5
175926,0.705
175927,0.49
175928,0.475
175929,0.5475
175930,0.415
175931,0.5125
175932,0.585
175933,0.3875
175934,0.5475
175935,0.3925
175936,0.38
175937,0.5325
175938,0.6075
175939,0.4025
175940,0.5075
175941,0.625
175942,0.38
175943,0.5125
175944,0.7175
175945,0.465
175946,0.55
175947,0.52
175948,0.5275
175949,0.4525
175950,0.4925
175951,0.565
175952,0.68
175953,0.4575
175954,0.52
175955,0.5425
175956,0.4875
175957,0.3775
175958,0.525
175959,0.3825
175960,0.3925
175961,0.47
175962,0.3725
175963,0.445
175964,0.5375
175965,0.3125
175966,0.425
175967,0.39
175968,0.4575
175969,0.415
175970,0.5325
175971,0.42
175972,0.5775
175973,0.49
175974,0.405
175975,0.5075
175976,0.6
175977,0.41
175978,0.51
175979,0.4625
175980,0.63
175981,0.555
175982,0.5375
175983,0.4675
175984,0.66
175985,0.47
175986,0.4975
175987,0.515
175988,0.495
175989,0.4525
175990,0.69
175991,0.5075
175992,0.4725
175993,0.515
175994,0.64
175995,0.45
175996,0.58
175997,0.465
175998,0.4525
175999,0.5075
176000,0.395
176001,0.4425
176002,0.64
176003,0.4175
176004,0.5775
176005,0.42
176006,0.5
176007,0.525
176008,0.415
176009,0.4225
176010,0.4975
176011,0.5075
176012,0.4975
176013,0.555
176014,0.57
176015,0.4875
176016,0.3975
176017,0.425
176018,0.43
176019,0.4375
176020,0.425
176021,0.3675
176022,0.5475
176023,0.3925
176024,0.71
176025,0.4975
176026,0.54
176027,0.3025
176028,0.475
176029,0.4825
176030,0.4475
176031,0.4825
176032,0.4675
176033,0.575
176034,0.675
176035,0.4675
176036,0.395
176037,0.57
176038,0.6125
176039,0.6125
176040,0.4225
176041,0.525
176042,0.5975
176043,0.43
176044,0.6225
176045,0.5625
176046,0.455
176047,0.4525
176048,0.4375
176049,0.425
176050,0.4675
176051,0.5
176052,0.6275
176053,0.4125
176054,0.4875
176055,0.3925
176056,0.4625
176057,0.6675
176058,0.48
176059,0.375
176060,0.3925
176061,0.7
176062,0.54
176063,0.4875
176064,0.6875
176065,0.515
176066,0.4725
176067,0.3725
176068,0.48
176069,0.5175
176070,0.435
176071,0.4375
176072,0.555
176073,0.555
176074,0.5175
176075,0.385
176076,0.3775
176077,0.665
176078,0.6225
176079,0.47
176080,0.4225
176081,0.4625
176082,0.4775
176083,0.34
176084,0.5575
176085,0.585
176086,0.4675
176087,0.425
176088,0.6225
176089,0.435
176090,0.445
176091,0.6825
176092,0.4375
176093,0.35
176094,0.4425
176095,0.535
176096,0.565
176097,0.5375
176098,0.525
176099,0.43
176100,0.4925
176101,0.4975
176102,0.5975
176103,0.3675
176104,0.455
176105,0.46
176106,0.475
176107,0.485
176108,0.465
176109,0.4575
176110,0.4825
176111,0.555
176112,0.4525
176113,0.6225
176114,0.445
176115,0.555
176116,0.495
176117,0.57
176118,0.465
176119,0.345
176120,0.375
176121,0.5225
176122,0.4875
176123,0.37
176124,0.455
176125,0.4475
176126,0.4075
176127,0.4025
176128,0.4125
176129,0.485
176130,0.6725
176131,0.5025
176132,0.2475
176133,0.53
176134,0.45
176135,0.755
176136,0.4475
176137,0.61
176138,0.5225
176139,0.6525
176140,0.5175
176141,0.48
176142,0.4925
176143,0.27
176144,0.54
176145,0.54
176146,0.37
176147,0.45
176148,0.6025
176149,0.47
176150,0.49
176151,0.4875
176152,0.69
176153,0.5275
176154,0.4
176155,0.5525
176156,0.47
176157,0.4275
176158,0.4525
176159,0.54
176160,0.5225
176161,0.5125
176162,0.53
176163,0.59
176164,0.435
176165,0.6275
176166,0.3475
176167,0.4825
176168,0.4025
176169,0.435
176170,0.37
176171,0.5575
176172,0.245
176173,0.445
176174,0.4425
176175,0.5475
176176,0.675
176177,0.395
176178,0.6325
176179,0.575
176180,0.7125
176181,0.5675
176182,0.4275
176183,0.54
176184,0.515
176185,0.545
176186,0.4825
176187,0.5225
176188,0.6225
176189,0.645
176190,0.5225
176191,0.61
176192,0.4825
176193,0.4575
176194,0.365
176195,0.5
176196,0.5475
176197,0.4475
176198,0.585
176199,0.3975
176200,0.455
176201,0.4375
176202,0.4325
176203,0.3175
176204,0.4475
176205,0.4325
176206,0.62
176207,0.4675
176208,0.5125
176209,0.51
176210,0.3975
176211,0.4025
176212,0.43
176213,0.6575
176214,0.655
176215,0.515
176216,0.515
176217,0.54
176218,0.4325
176219,0.3925
176220,0.47
176221,0.4575
176222,0.435
176223,0.5825
176224,0.5825
176225,0.5275
176226,0.4075
176227,0.4475
176228,0.545
176229,0.57
176230,0.595
176231,0.435
176232,0.49
176233,0.375
176234,0.4075
176235,0.475
176236,0.53
176237,0.3975
176238,0.52
176239,0.4125
176240,0.585
176241,0.605
176242,0.4775
176243,0.4675
176244,0.3825
176245,0.41
176246,0.7175
176247,0.515
176248,0.5275
176249,0.6225
176250,0.465
176251,0.585
176252,0.4375
176253,0.4625
176254,0.47
176255,0.465
176256,0.495
176257,0.395
176258,0.6375
176259,0.44
176260,0.4425
176261,0.5075
176262,0.6775
176263,0.4525
176264,0.66
176265,0.6325
176266,0.6075
176267,0.5925
176268,0.5525
176269,0.38
176270,0.54
176271,0.4875
176272,0.5375
176273,0.41
176274,0.59
176275,0.5575
176276,0.555
176277,0.56
176278,0.5675
176279,0.44
176280,0.7325
176281,0.3975
176282,0.4375
176283,0.5425
176284,0.5975
176285,0.4075
176286,0.515
176287,0.49
176288,0.4275
176289,0.475
176290,0.4025
176291,0.405
176292,0.465
176293,0.5125
176294,0.35
176295,0.52
176296,0.6025
176297,0.435
176298,0.3675
176299,0.32
176300,0.6025
176301,0.3775
176302,0.5125
176303,0.595
176304,0.4675
176305,0.6175
176306,0.555
176307,0.5175
176308,0.4275
176309,0.39
176310,0.5075
176311,0.555
176312,0.3425
176313,0.595
176314,0.5425
176315,0.5725
176316,0.23
176317,0.6475
176318,0.4725
176319,0.605
176320,0.5825
176321,0.455
176322,0.4075
176323,0.485
176324,0.5075
176325,0.41
176326,0.5775
176327,0.4625
176328,0.67
176329,0.63
176330,0.515
176331,0.41
176332,0.4125
176333,0.38
176334,0.5825
176335,0.505
176336,0.49
176337,0.4925
176338,0.27
176339,0.46
176340,0.3525
176341,0.6525
176342,0.4275
176343,0.4275
176344,0.5575
176345,0.565
176346,0.465
176347,0.365
176348,0.39
176349,0.4025
176350,0.645
176351,0.5
176352,0.495
176353,0.6225
176354,0.695
176355,0.505
176356,0.59
176357,0.4075
176358,0.3475
176359,0.5675
176360,0.34
176361,0.4325
176362,0.4775
176363,0.71
176364,0.465
176365,0.39
176366,0.605
176367,0.4875
176368,0.5975
176369,0.595
176370,0.665
176371,0.5675
176372,0.59
176373,0.6325
176374,0.6
176375,0.5125
176376,0.475
176377,0.41
176378,0.4375
176379,0.5775
176380,0.42
176381,0.46
176382,0.75
176383,0.53
176384,0.485
176385,0.44
176386,0.5175
176387,0.5875
176388,0.66
176389,0.3925
176390,0.385
176391,0.485
176392,0.4925
176393,0.5075
176394,0.595
176395,0.6525
176396,0.47
176397,0.465
176398,0.44
176399,0.43
176400,0.4275
176401,0.4925
176402,0.4275
176403,0.5125
176404,0.4275
176405,0.48
176406,0.345
176407,0.4575
176408,0.6675
176409,0.3975
176410,0.545
176411,0.5075
176412,0.4975
176413,0.55
176414,0.54
176415,0.4975
176416,0.4375
176417,0.3775
176418,0.545
176419,0.5875
176420,0.5875
176421,0.385
176422,0.455
176423,0.57
176424,0.39
176425,0.485
176426,0.47
176427,0.4525
176428,0.39
176429,0.465
176430,0.425
176431,0.505
176432,0.53
176433,0.555
176434,0.5475
176435,0.56
176436,0.4675
176437,0.5225
176438,0.5
176439,0.4825
176440,0.45
176441,0.475
176442,0.4775
176443,0.435
176444,0.365
176445,0.6025
176446,0.4875
176447,0.595
176448,0.4175
176449,0.4475
176450,0.585
176451,0.335
176452,0.57
176453,0.495
176454,0.4925
176455,0.5275
176456,0.575
176457,0.505
176458,0.4975
176459,0.535
176460,0.4125
176461,0.3775
176462,0.51
176463,0.41
176464,0.5725
176465,0.54
176466,0.5525
176467,0.47
176468,0.5875
176469,0.4325
176470,0.3725
176471,0.445
176472,0.48
176473,0.545
176474,0.4925
176475,0.4875
176476,0.4775
176477,0.5125
176478,0.53
176479,0.505
176480,0.5225
176481,0.4075
176482,0.2925
176483,0.56
176484,0.4825
176485,0.46
176486,0.4975
176487,0.445
176488,0.6175
176489,0.58
176490,0.445
176491,0.5475
176492,0.5725
176493,0.4875
176494,0.53
176495,0.5625
176496,0.395
176497,0.6
176498,0.72
176499,0.4575
176500,0.53
176501,0.58
176502,0.4575
176503,0.6325
176504,0.5875
176505,0.4975
176506,0.475
176507,0.53
176508,0.44
176509,0.5175
176510,0.44
176511,0.2725
176512,0.4725
176513,0.4975
176514,0.51
176515,0.48
176516,0.5725
176517,0.6575
176518,0.4625
176519,0.46
176520,0.5225
176521,0.33
176522,0.395
176523,0.465
176524,0.6025
176525,0.54
176526,0.3325
176527,0.585
176528,0.555
176529,0.435
176530,0.675
176531,0.5725
176532,0.41
176533,0.4725
176534,0.5075
176535,0.5825
176536,0.5
176537,0.4125
176538,0.4675
176539,0.535
176540,0.7075
176541,0.575
176542,0.48
176543,0.3625
176544,0.6675
176545,0.4175
176546,0.6
176547,0.3925
176548,0.5025
176549,0.455
176550,0.54
176551,0.715
176552,0.5475
176553,0.52
176554,0.535
176555,0.3875
176556,0.52
176557,0.31
176558,0.595
176559,0.4425
176560,0.4975
176561,0.3725
176562,0.67
176563,0.495
176564,0.515
176565,0.5275
176566,0.405
176567,0.375
176568,0.6625
176569,0.735
176570,0.4225
176571,0.6225
176572,0.4075
176573,0.57
176574,0.54
176575,0.425
176576,0.395
176577,0.6125
176578,0.4425
176579,0.4675
176580,0.405
176581,0.4525
176582,0.4625
176583,0.5125
176584,0.4625
176585,0.6325
176586,0.5025
176587,0.455
176588,0.615
176589,0.4725
176590,0.52
176591,0.59
176592,0.545
176593,0.4875
176594,0.4625
176595,0.4575
176596,0.455
176597,0.475
176598,0.4425
176599,0.485
176600,0.64
176601,0.3725
176602,0.5075
176603,0.4775
176604,0.5625
176605,0.4275
176606,0.54
176607,0.53
176608,0.4325
176609,0.435
176610,0.5175
176611,0.5075
176612,0.52
176613,0.4825
176614,0.5175
176615,0.735
176616,0.665
176617,0.4925
176618,0.56
176619,0.5675
176620,0.5625
176621,0.5875
176622,0.585
176623,0.4675
176624,0.33
176625,0.525
176626,0.49
176627,0.725
176628,0.45
176629,0.43
176630,0.3075
176631,0.4675
176632,0.3725
176633,0.675
176634,0.3525
176635,0.505
176636,0.455
176637,0.595
176638,0.52
176639,0.6025
176640,0.52
176641,0.5275
176642,0.465
176643,0.525
176644,0.6425
176645,0.5725
176646,0.4375
176647,0.5
176648,0.45
176649,0.535
176650,0.53
176651,0.4775
176652,0.4275
176653,0.44
176654,0.44
176655,0.615
176656,0.6075
176657,0.4275
176658,0.5025
176659,0.545
176660,0.5475
176661,0.5525
176662,0.4775
176663,0.4975
176664,0.435
176665,0.5275
176666,0.66
176667,0.43
176668,0.525
176669,0.5275
176670,0.5
176671,0.445
176672,0.4675
176673,0.375
176674,0.435
176675,0.41
176676,0.4625
176677,0.5275
176678,0.465
176679,0.48
176680,0.4775
176681,0.44
176682,0.545
176683,0.7
176684,0.525
176685,0.5275
176686,0.505
176687,0.71
176688,0.3925
176689,0.4675
176690,0.3925
176691,0.62
176692,0.52
176693,0.425
176694,0.5125
176695,0.275
176696,0.445
176697,0.49
176698,0.67
176699,0.4225
176700,0.395
176701,0.5275
176702,0.42
176703,0.45
176704,0.6075
176705,0.5225
176706,0.4725
176707,0.4925
176708,0.355
176709,0.45
176710,0.6325
176711,0.5275
176712,0.5775
176713,0.5225
176714,0.42
176715,0.34
176716,0.5975
176717,0.48
176718,0.6175
176719,0.475
176720,0.5325
176721,0.5475
176722,0.3425
176723,0.5375
176724,0.6725
176725,0.4925
176726,0.4375
176727,0.5125
176728,0.55
176729,0.4875
176730,0.4375
176731,0.3725
176732,0.5025
176733,0.5075
176734,0.45
176735,0.615
176736,0.4375
176737,0.6675
176738,0.3425
176739,0.565
176740,0.4925
176741,0.5
176742,0.515
176743,0.65
176744,0.54
176745,0.47
176746,0.495
176747,0.5725
176748,0.4225
176749,0.4825
176750,0.45
176751,0.545
176752,0.6225
176753,0.4725
176754,0.6375
176755,0.5275
176756,0.47
176757,0.47
176758,0.41
176759,0.4725
176760,0.5375
176761,0.4625
176762,0.4725
176763,0.4525
176764,0.5425
176765,0.4075
176766,0.53
176767,0.4725
176768,0.4425
176769,0.4125
176770,0.59
176771,0.475
176772,0.45
176773,0.62
176774,0.475
176775,0.6375
176776,0.5
176777,0.4975
176778,0.5675
176779,0.6025
176780,0.4525
176781,0.4325
176782,0.4025
176783,0.55
176784,0.5225
176785,0.49
176786,0.32
176787,0.7125
176788,0.5125
176789,0.485
176790,0.5875
176791,0.6875
176792,0.3975
176793,0.36
176794,0.5025
176795,0.585
176796,0.5875
176797,0.45
176798,0.5975
176799,0.5325
176800,0.65
176801,0.3475
176802,0.4425
176803,0.49
176804,0.485
176805,0.63
176806,0.5625
176807,0.6
176808,0.34
176809,0.57
176810,0.6975
176811,0.5275
176812,0.5375
176813,0.4475
176814,0.4775
176815,0.615
176816,0.4425
176817,0.4525
176818,0.6025
176819,0.35
176820,0.395
176821,0.44
176822,0.5925
176823,0.48
176824,0.6875
176825,0.4375
176826,0.5625
176827,0.625
176828,0.4125
176829,0.3675
176830,0.545
176831,0.5175
176832,0.57
176833,0.4675
176834,0.4075
176835,0.715
176836,0.375
176837,0.47
176838,0.4925
176839,0.3975
176840,0.575
176841,0.5275
176842,0.485
176843,0.6725
176844,0.7425
176845,0.5425
176846,0.595
176847,0.5
176848,0.3725
176849,0.445
176850,0.5275
176851,0.4725
176852,0.44
176853,0.4825
176854,0.48
176855,0.4775
176856,0.52
176857,0.4825
176858,0.475
176859,0.34
176860,0.6275
176861,0.3175
176862,0.3175
176863,0.595
176864,0.4725
176865,0.5625
176866,0.55
176867,0.42
176868,0.5075
176869,0.4275
176870,0.415
176871,0.6075
176872,0.4375
176873,0.5125
176874,0.4125
176875,0.57
176876,0.37
176877,0.49
176878,0.4525
176879,0.5125
176880,0.5
176881,0.6875
176882,0.5925
176883,0.43
176884,0.635
176885,0.585
176886,0.61
176887,0.54
176888,0.745
176889,0.3825
176890,0.3725
176891,0.4575
176892,0.5225
176893,0.49
176894,0.525
176895,0.4775
176896,0.63
176897,0.47
176898,0.5625
176899,0.4725
176900,0.52
176901,0.54
176902,0.475
176903,0.5225
176904,0.36
176905,0.6225
176906,0.55
176907,0.445
176908,0.5275
176909,0.49
176910,0.2925
176911,0.5725
176912,0.6
176913,0.4975
176914,0.515
176915,0.6525
176916,0.675
176917,0.6775
176918,0.5775
176919,0.59
176920,0.405
176921,0.6375
176922,0.4425
176923,0.5275
176924,0.6
176925,0.6
176926,0.5375
176927,0.475
176928,0.5325
176929,0.355
176930,0.43
176931,0.335
176932,0.45
176933,0.52
176934,0.3675
176935,0.5025
176936,0.475
176937,0.575
176938,0.4625
176939,0.425
176940,0.535
176941,0.335
176942,0.41
176943,0.625
176944,0.535
176945,0.41
176946,0.555
176947,0.6425
176948,0.435
176949,0.465
176950,0.655
176951,0.4925
176952,0.62
176953,0.4425
176954,0.5225
176955,0.53
176956,0.44
176957,0.315
176958,0.5475
176959,0.495
176960,0.5075
176961,0.6625
176962,0.455
176963,0.46
176964,0.5275
176965,0.5075
176966,0.45
176967,0.56
176968,0.4
176969,0.605
176970,0.53
176971,0.5475
176972,0.55
176973,0.445
176974,0.575
176975,0.6775
176976,0.4
176977,0.4675
176978,0.5625
176979,0.405
176980,0.52
176981,0.615
176982,0.41
176983,0.495
176984,0.56
176985,0.4425
176986,0.5925
176987,0.52
176988,0.6275
176989,0.5225
176990,0.5625
176991,0.5825
176992,0.3525
176993,0.4875
176994,0.4525
176995,0.6875
176996,0.31
176997,0.5975
176998,0.3825
176999,0.715
177000,0.47
177001,0.6625
177002,0.4075
177003,0.455
177004,0.365
177005,0.575
177006,0.42
177007,0.4475
177008,0.5775
177009,0.5675
177010,0.495
177011,0.4025
177012,0.5225
177013,0.5175
177014,0.4825
177015,0.53
177016,0.645
177017,0.49
177018,0.4125
177019,0.435
177020,0.425
177021,0.42
177022,0.755
177023,0.6575
177024,0.4825
177025,0.35
177026,0.5425
177027,0.4075
177028,0.64
177029,0.4775
177030,0.6475
177031,0.39
177032,0.3575
177033,0.5375
177034,0.465
177035,0.3475
177036,0.4325
177037,0.5775
177038,0.4225
177039,0.67
177040,0.6125
177041,0.4475
177042,0.42
177043,0.5525
177044,0.67
177045,0.4375
177046,0.4225
177047,0.455
177048,0.34
177049,0.48
177050,0.4875
177051,0.595
177052,0.5275
177053,0.5025
177054,0.78
177055,0.41
177056,0.51
177057,0.385
177058,0.465
177059,0.4425
177060,0.4925
177061,0.415
177062,0.4825
177063,0.4225
177064,0.3525
177065,0.4425
177066,0.3925
177067,0.5075
177068,0.6725
177069,0.435
177070,0.72
177071,0.42
177072,0.5325
177073,0.48
177074,0.3925
177075,0.5125
177076,0.3925
177077,0.5875
177078,0.4325
177079,0.4075
177080,0.4925
177081,0.5525
177082,0.3775
177083,0.535
177084,0.58
177085,0.4375
177086,0.6825
177087,0.35
177088,0.4725
177089,0.425
177090,0.5375
177091,0.5225
177092,0.5675
177093,0.5075
177094,0.59
177095,0.4375
177096,0.435
177097,0.4825
177098,0.625
177099,0.4525
177100,0.7175
177101,0.6825
177102,0.44
177103,0.405
177104,0.4225
177105,0.6325
177106,0.615
177107,0.5575
177108,0.63
177109,0.4275
177110,0.4325
177111,0.415
177112,0.5
177113,0.505
177114,0.5975
177115,0.415
177116,0.39
177117,0.54
177118,0.5325
177119,0.54
177120,0.705
177121,0.4475
177122,0.4525
177123,0.575
177124,0.6225
177125,0.53
177126,0.5525
177127,0.375
177128,0.5325
177129,0.505
177130,0.5725
177131,0.4
177132,0.525
177133,0.3725
177134,0.375
177135,0.57
177136,0.3725
177137,0.5675
177138,0.485
177139,0.4475
177140,0.5975
177141,0.4875
177142,0.585
177143,0.62
177144,0.395
177145,0.4925
177146,0.425
177147,0.5225
177148,0.46
177149,0.45
177150,0.4525
177151,0.4275
177152,0.405
177153,0.3975
177154,0.395
177155,0.395
177156,0.435
177157,0.32
177158,0.4825
177159,0.4375
177160,0.4075
177161,0.37
177162,0.6025
177163,0.5825
177164,0.5375
177165,0.6725
177166,0.4825
177167,0.4975
177168,0.5025
177169,0.365
177170,0.415
177171,0.64
177172,0.4725
177173,0.3275
177174,0.36
177175,0.3825
177176,0.4025
177177,0.4175
177178,0.3925
177179,0.4025
177180,0.66
177181,0.4075
177182,0.455
177183,0.5725
177184,0.4175
177185,0.515
177186,0.4125
177187,0.4525
177188,0.4775
177189,0.4475
177190,0.5925
177191,0.535
177192,0.4575
177193,0.54
177194,0.535
177195,0.4675
177196,0.46
177197,0.565
177198,0.4625
177199,0.645
177200,0.3775
177201,0.3975
177202,0.5475
177203,0.48
177204,0.4675
177205,0.3375
177206,0.5175
177207,0.585
177208,0.685
177209,0.43
177210,0.6175
177211,0.545
177212,0.7525
177213,0.5025
177214,0.4975
177215,0.46
177216,0.5775
177217,0.6725
177218,0.5825
177219,0.65
177220,0.43
177221,0.4325
177222,0.5325
177223,0.4175
177224,0.5775
177225,0.5025
177226,0.465
177227,0.5775
177228,0.38
177229,0.435
177230,0.42
177231,0.5325
177232,0.6075
177233,0.485
177234,0.38
177235,0.525
177236,0.375
177237,0.415
177238,0.2825
177239,0.6725
177240,0.485
177241,0.5575
177242,0.4675
177243,0.4975
177244,0.485
177245,0.4825
177246,0.5525
177247,0.6275
177248,0.36
177249,0.4025
177250,0.5125
177251,0.3675
177252,0.57
177253,0.54
177254,0.555
177255,0.5375
177256,0.4675
177257,0.505
177258,0.3825
177259,0.42
177260,0.515
177261,0.615
177262,0.415
177263,0.6825
177264,0.5675
177265,0.675
177266,0.435
177267,0.545
177268,0.51
177269,0.5175
177270,0.42
177271,0.4575
177272,0.6425
177273,0.44
177274,0.46
177275,0.485
177276,0.42
177277,0.56
177278,0.4825
177279,0.72
177280,0.46
177281,0.6975
177282,0.5225
177283,0.5375
177284,0.5125
177285,0.5075
177286,0.7875
177287,0.4175
177288,0.4125
177289,0.37
177290,0.515
177291,0.425
177292,0.585
177293,0.38
177294,0.5275
177295,0.5575
177296,0.6375
177297,0.5225
177298,0.4075
177299,0.4625
177300,0.4625
177301,0.4175
177302,0.59
177303,0.44
177304,0.3425
177305,0.435
177306,0.7375
177307,0.52
177308,0.495
177309,0.61
177310,0.4075
177311,0.3975
177312,0.5875
177313,0.58
177314,0.475
177315,0.36
177316,0.71
177317,0.42
177318,0.47
177319,0.5
177320,0.52
177321,0.4225
177322,0.4675
177323,0.5575
177324,0.48
177325,0.265
177326,0.465
177327,0.4825
177328,0.5275
177329,0.595
177330,0.56
177331,0.67
177332,0.3175
177333,0.6075
177334,0.2925
177335,0.52
177336,0.3975
177337,0.4375
177338,0.65
177339,0.525
177340,0.585
177341,0.62
177342,0.425
177343,0.4675
177344,0.5425
177345,0.6275
177346,0.485
177347,0.705
177348,0.4875
177349,0.3475
177350,0.53
177351,0.3525
177352,0.5275
177353,0.6275
177354,0.6
177355,0.335
177356,0.33
177357,0.305
177358,0.515
177359,0.4275
177360,0.56
177361,0.46
177362,0.5875
177363,0.4975
177364,0.445
177365,0.4925
177366,0.4975
177367,0.7375
177368,0.5475
177369,0.405
177370,0.5325
177371,0.5075
177372,0.52
177373,0.465
177374,0.5025
177375,0.4125
177376,0.575
177377,0.455
177378,0.53
177379,0.4675
177380,0.6075
177381,0.495
177382,0.625
177383,0.4425
177384,0.4225
177385,0.435
177386,0.5325
177387,0.65
177388,0.53
177389,0.4525
177390,0.5275
177391,0.555
177392,0.49
177393,0.495
177394,0.34
177395,0.6
177396,0.5075
177397,0.665
177398,0.5775
177399,0.455
177400,0.4025
177401,0.455
177402,0.3225
177403,0.4925
177404,0.5125
177405,0.49
177406,0.635
177407,0.475
177408,0.4725
177409,0.405
177410,0.4575
177411,0.4275
177412,0.485
177413,0.4925
177414,0.4875
177415,0.305
177416,0.4525
177417,0.46
177418,0.515
177419,0.535
177420,0.5075
177421,0.4425
177422,0.4275
177423,0.5175
177424,0.4625
177425,0.67
177426,0.565
177427,0.4575
177428,0.4525
177429,0.5025
177430,0.455
177431,0.46
177432,0.495
177433,0.4375
177434,0.43
177435,0.58
177436,0.565
177437,0.5
177438,0.61
177439,0.5225
177440,0.6225
177441,0.5325
177442,0.47
177443,0.4525
177444,0.525
177445,0.6
177446,0.465
177447,0.51
177448,0.4475
177449,0.5375
177450,0.46
177451,0.3475
177452,0.5375
177453,0.65
177454,0.4575
177455,0.565
177456,0.45
177457,0.485
177458,0.6375
177459,0.4925
177460,0.57
177461,0.6525
177462,0.485
177463,0.37
177464,0.3525
177465,0.3725
177466,0.5825
177467,0.4575
177468,0.5175
177469,0.4925
177470,0.33
177471,0.525
177472,0.4275
177473,0.3925
177474,0.4275
177475,0.5325
177476,0.54
177477,0.485
177478,0.52
177479,0.445
177480,0.4125
177481,0.455
177482,0.495
177483,0.3275
177484,0.6175
177485,0.4375
177486,0.4275
177487,0.5425
177488,0.445
177489,0.3575
177490,0.5975
177491,0.3875
177492,0.4875
177493,0.505
177494,0.3975
177495,0.5675
177496,0.5425
177497,0.535
177498,0.4475
177499,0.65
177500,0.3475
177501,0.65
177502,0.41
177503,0.4375
177504,0.6075
177505,0.4925
177506,0.4475
177507,0.5525
177508,0.515
177509,0.4525
177510,0.565
177511,0.425
177512,0.3875
177513,0.585
177514,0.43
177515,0.4925
177516,0.475
177517,0.55
177518,0.29
177519,0.435
177520,0.62
177521,0.4425
177522,0.715
177523,0.5775
177524,0.3275
177525,0.62
177526,0.45
177527,0.545
177528,0.43
177529,0.33
177530,0.3725
177531,0.6525
177532,0.5025
177533,0.5475
177534,0.51
177535,0.52
177536,0.295
177537,0.5075
177538,0.5175
177539,0.43
177540,0.3675
177541,0.605
177542,0.66
177543,0.5475
177544,0.535
177545,0.355
177546,0.6025
177547,0.4125
177548,0.4025
177549,0.5175
177550,0.64
177551,0.55
177552,0.4625
177553,0.4875
177554,0.4575
177555,0.6425
177556,0.5175
177557,0.475
177558,0.465
177559,0.415
177560,0.4275
177561,0.5025
177562,0.45
177563,0.495
177564,0.2625
177565,0.4975
177566,0.44
177567,0.415
177568,0.355
177569,0.46
177570,0.6
177571,0.625
177572,0.6175
177573,0.5625
177574,0.4675
177575,0.62
177576,0.505
177577,0.6475
177578,0.5525
177579,0.4875
177580,0.5225
177581,0.7925
177582,0.475
177583,0.52
177584,0.5075
177585,0.4525
177586,0.515
177587,0.4275
177588,0.5875
177589,0.5575
177590,0.6
177591,0.5025
177592,0.42
177593,0.6225
177594,0.5525
177595,0.5
177596,0.365
177597,0.55
177598,0.4425
177599,0.5525
177600,0.42
177601,0.44
177602,0.49
177603,0.4975
177604,0.32
177605,0.425
177606,0.5
177607,0.3575
177608,0.445
177609,0.42
177610,0.5025
177611,0.42
177612,0.53
177613,0.3775
177614,0.3675
177615,0.395
177616,0.7025
177617,0.51
177618,0.595
177619,0.4475
177620,0.5275
177621,0.575
177622,0.455
177623,0.4375
177624,0.6525
177625,0.3625
177626,0.4925
177627,0.36
177628,0.61
177629,0.6275
177630,0.3925
177631,0.445
177632,0.6
177633,0.365
177634,0.635
177635,0.67
177636,0.5825
177637,0.4925
177638,0.425
177639,0.495
177640,0.5525
177641,0.375
177642,0.38
177643,0.55
177644,0.595
177645,0.4675
177646,0.505
177647,0.69
177648,0.5075
177649,0.5775
177650,0.765
177651,0.4675
177652,0.4275
177653,0.575
177654,0.57
177655,0.4525
177656,0.45
177657,0.3875
177658,0.5125
177659,0.5275
177660,0.61
177661,0.405
177662,0.33
177663,0.46
177664,0.625
177665,0.4075
177666,0.55
177667,0.515
177668,0.465
177669,0.375
177670,0.6825
177671,0.3625
177672,0.6475
177673,0.5525
177674,0.5925
177675,0.535
177676,0.56
177677,0.5325
177678,0.595
177679,0.5
177680,0.42
177681,0.6025
177682,0.5225
177683,0.6175
177684,0.51
177685,0.54
177686,0.52
177687,0.4375
177688,0.35
177689,0.4575
177690,0.475
177691,0.6175
177692,0.5975
177693,0.44
177694,0.465
177695,0.4725
177696,0.5475
177697,0.4475
177698,0.6125
177699,0.57
177700,0.4575
177701,0.6525
177702,0.5575
177703,0.5775
177704,0.42
177705,0.4775
177706,0.4425
177707,0.535
177708,0.4875
177709,0.5725
177710,0.57
177711,0.5225
177712,0.5175
177713,0.42
177714,0.5325
177715,0.6525
177716,0.475
177717,0.5625
177718,0.4275
177719,0.515
177720,0.62
177721,0.5525
177722,0.5075
177723,0.6025
177724,0.4425
177725,0.3725
177726,0.315
177727,0.5175
177728,0.5575
177729,0.465
177730,0.5825
177731,0.6175
177732,0.4575
177733,0.645
177734,0.4425
177735,0.3325
177736,0.5375
177737,0.44
177738,0.63
177739,0.4925
177740,0.4175
177741,0.4475
177742,0.45
177743,0.565
177744,0.4325
177745,0.45
177746,0.54
177747,0.4325
177748,0.5825
177749,0.535
177750,0.4175
177751,0.395
177752,0.445
177753,0.4425
177754,0.3475
177755,0.5475
177756,0.48
177757,0.4775
177758,0.6775
177759,0.345
177760,0.3875
177761,0.4275
177762,0.6125
177763,0.5575
177764,0.48
177765,0.6625
177766,0.525
177767,0.575
177768,0.5325
177769,0.4375
177770,0.4775
177771,0.6775
177772,0.515
177773,0.59
177774,0.5175
177775,0.5525
177776,0.575
177777,0.365
177778,0.4425
177779,0.4625
177780,0.4875
177781,0.4475
177782,0.6025
177783,0.4825
177784,0.6425
177785,0.55
177786,0.485
177787,0.55
177788,0.7775
177789,0.5525
177790,0.47
177791,0.51
177792,0.5125
177793,0.53
177794,0.62
177795,0.6125
177796,0.58
177797,0.46
177798,0.3525
177799,0.485
177800,0.605
177801,0.3825
177802,0.545
177803,0.44
177804,0.6425
177805,0.5575
177806,0.475
177807,0.4625
177808,0.655
177809,0.695
177810,0.4425
177811,0.6275
177812,0.495
177813,0.5625
177814,0.515
177815,0.3325
177816,0.6075
177817,0.4625
177818,0.56
177819,0.3775
177820,0.4675
177821,0.47
177822,0.475
177823,0.3775
177824,0.38
177825,0.5025
177826,0.52
177827,0.405
177828,0.48
177829,0.365
177830,0.52
177831,0.545
177832,0.5325
177833,0.4225
177834,0.58
177835,0.4025
177836,0.47
177837,0.48
177838,0.49
177839,0.44
177840,0.3625
177841,0.49
177842,0.5475
177843,0.55
177844,0.5075
177845,0.4775
177846,0.315
177847,0.33
177848,0.6725
177849,0.615
177850,0.29
177851,0.37
177852,0.405
177853,0.4525
177854,0.4525
177855,0.45
177856,0.5425
177857,0.53
177858,0.44
177859,0.5425
177860,0.6375
177861,0.315
177862,0.3625
177863,0.6
177864,0.415
177865,0.4975
177866,0.6325
177867,0.565
177868,0.57
177869,0.535
177870,0.445
177871,0.465
177872,0.4075
177873,0.3975
177874,0.5425
177875,0.51
177876,0.5425
177877,0.4025
177878,0.4425
177879,0.575
177880,0.5625
177881,0.4925
177882,0.545
177883,0.5375
177884,0.475
177885,0.415
177886,0.5025
177887,0.5375
177888,0.4625
177889,0.6575
177890,0.355
177891,0.5025
177892,0.6175
177893,0.405
177894,0.59
177895,0.6425
177896,0.4775
177897,0.665
177898,0.57
177899,0.5025
177900,0.4375
177901,0.5625
177902,0.5225
177903,0.4575
177904,0.4125
177905,0.455
177906,0.345
177907,0.6025
177908,0.3475
177909,0.6075
177910,0.3925
177911,0.665
177912,0.485
177913,0.405
177914,0.65
177915,0.395
177916,0.545
177917,0.3375
177918,0.3725
177919,0.695
177920,0.5875
177921,0.6375
177922,0.3
177923,0.6475
177924,0.4775
177925,0.595
177926,0.4725
177927,0.5025
177928,0.595
177929,0.42
177930,0.4925
177931,0.53
177932,0.5825
177933,0.495
177934,0.395
177935,0.525
177936,0.495
177937,0.5475
177938,0.4825
177939,0.3625
177940,0.4725
177941,0.6125
177942,0.44
177943,0.53
177944,0.5
177945,0.5075
177946,0.475
177947,0.525
177948,0.4125
177949,0.46
177950,0.525
177951,0.6175
177952,0.41
177953,0.4925
177954,0.4125
177955,0.4825
177956,0.5425
177957,0.53
177958,0.595
177959,0.7
177960,0.5525
177961,0.465
177962,0.375
177963,0.5475
177964,0.47
177965,0.395
177966,0.575
177967,0.3875
177968,0.4275
177969,0.4525
177970,0.4125
177971,0.3075
177972,0.45
177973,0.5875
177974,0.4325
177975,0.495
177976,0.4125
177977,0.44
177978,0.595
177979,0.505
177980,0.5175
177981,0.36
177982,0.4825
177983,0.5925
177984,0.385
177985,0.3575
177986,0.375
177987,0.3975
177988,0.58
177989,0.3725
177990,0.3675
177991,0.5075
177992,0.405
177993,0.61
177994,0.5375
177995,0.4375
177996,0.4925
177997,0.55
177998,0.3925
177999,0.515
178000,0.4875
178001,0.565
178002,0.53
178003,0.3875
178004,0.37
178005,0.4125
178006,0.55
178007,0.5175
178008,0.4825
178009,0.535
178010,0.61
178011,0.485
178012,0.425
178013,0.57
178014,0.41
178015,0.4575
178016,0.625
178017,0.4125
178018,0.43
178019,0.47
178020,0.34
178021,0.4875
178022,0.5475
178023,0.6325
178024,0.345
178025,0.555
178026,0.7325
178027,0.675
178028,0.57
178029,0.56
178030,0.465
178031,0.4675
178032,0.6525
178033,0.535
178034,0.31
178035,0.505
178036,0.6725
178037,0.475
178038,0.705
178039,0.58
178040,0.475
178041,0.5225
178042,0.4625
178043,0.4975
178044,0.44
178045,0.4725
178046,0.4275
178047,0.345
178048,0.4625
178049,0.48
178050,0.44
178051,0.4425
178052,0.525
178053,0.6525
178054,0.495
178055,0.455
178056,0.56
178057,0.42
178058,0.49
178059,0.605
178060,0.5575
178061,0.575
178062,0.4675
178063,0.51
178064,0.4825
178065,0.68
178066,0.5725
178067,0.5375
178068,0.39
178069,0.725
178070,0.5675
178071,0.5525
178072,0.4125
178073,0.495
178074,0.335
178075,0.37
178076,0.6325
178077,0.425
178078,0.415
178079,0.4875
178080,0.5075
178081,0.62
178082,0.6025
178083,0.51
178084,0.675
178085,0.4925
178086,0.3375
178087,0.665
178088,0.3725
178089,0.7
178090,0.6625
178091,0.345
178092,0.43
178093,0.54
178094,0.5
178095,0.555
178096,0.4975
178097,0.4375
178098,0.5675
178099,0.4475
178100,0.4325
178101,0.4725
178102,0.3225
178103,0.39
178104,0.6325
178105,0.3875
178106,0.5125
178107,0.55
178108,0.46
178109,0.475
178110,0.475
178111,0.5025
178112,0.7375
178113,0.5025
178114,0.545
178115,0.455
178116,0.66
178117,0.6625
178118,0.46
178119,0.3475
178120,0.5225
178121,0.4425
178122,0.7125
178123,0.4325
178124,0.435
178125,0.68
178126,0.6375
178127,0.4275
178128,0.5225
178129,0.565
178130,0.2175
178131,0.6825
178132,0.46
178133,0.4575
178134,0.465
178135,0.58
178136,0.5225
178137,0.575
178138,0.495
178139,0.6575
178140,0.5225
178141,0.4875
178142,0.48
178143,0.4975
178144,0.455
178145,0.5225
178146,0.59
178147,0.48
178148,0.5525
178149,0.4675
178150,0.5475
178151,0.6
178152,0.5
178153,0.68
178154,0.72
178155,0.4075
178156,0.6925
178157,0.4875
178158,0.5425
178159,0.4725
178160,0.3875
178161,0.6075
178162,0.595
178163,0.695
178164,0.4125
178165,0.485
178166,0.5075
178167,0.545
178168,0.48
178169,0.6625
178170,0.455
178171,0.5175
178172,0.5975
178173,0.5425
178174,0.45
178175,0.5675
178176,0.57
178177,0.535
178178,0.6175
178179,0.425
178180,0.3875
178181,0.5175
178182,0.495
178183,0.495
178184,0.4575
178185,0.6375
178186,0.515
178187,0.6075
178188,0.3275
178189,0.4875
178190,0.4025
178191,0.42
178192,0.4575
178193,0.565
178194,0.565
178195,0.3575
178196,0.4975
178197,0.5425
178198,0.4575
178199,0.605
178200,0.325
178201,0.5025
178202,0.535
178203,0.46
178204,0.3075
178205,0.6625
178206,0.5
178207,0.395
178208,0.46
178209,0.5075
178210,0.425
178211,0.49
178212,0.525
178213,0.5525
178214,0.47
178215,0.6325
178216,0.6225
178217,0.515
178218,0.595
178219,0.58
178220,0.52
178221,0.5275
178222,0.455
178223,0.61
178224,0.5675
178225,0.6125
178226,0.505
178227,0.315
178228,0.4425
178229,0.605
178230,0.42
178231,0.3725
178232,0.4025
178233,0.3525
178234,0.3575
178235,0.495
178236,0.5175
178237,0.595
178238,0.44
178239,0.465
178240,0.39
178241,0.4225
178242,0.5275
178243,0.4775
178244,0.4975
178245,0.44
178246,0.5
178247,0.42
178248,0.5275
178249,0.5025
178250,0.5375
178251,0.5125
178252,0.53
178253,0.4525
178254,0.475
178255,0.4525
178256,0.76
178257,0.5425
178258,0.4225
178259,0.435
178260,0.465
178261,0.58
178262,0.525
178263,0.4075
178264,0.365
178265,0.5225
178266,0.4125
178267,0.4625
178268,0.3625
178269,0.5125
178270,0.375
178271,0.5475
178272,0.4525
178273,0.4025
178274,0.4825
178275,0.5125
178276,0.5975
178277,0.5175
178278,0.7
178279,0.465
178280,0.43
178281,0.425
178282,0.61
178283,0.3775
178284,0.4225
178285,0.475
178286,0.555
178287,0.6175
178288,0.5025
178289,0.465
178290,0.6
178291,0.515
178292,0.45
178293,0.43
178294,0.445
178295,0.515
178296,0.6425
178297,0.72
178298,0.765
178299,0.4425
178300,0.535
178301,0.4375
178302,0.51
178303,0.5725
178304,0.5025
178305,0.44
178306,0.5475
178307,0.53
178308,0.6725
178309,0.6175
178310,0.41
178311,0.6325
178312,0.45
178313,0.535
178314,0.5775
178315,0.52
178316,0.405
178317,0.42
178318,0.42
178319,0.5
178320,0.4025
178321,0.6675
178322,0.56
178323,0.4575
178324,0.545
178325,0.525
178326,0.6175
178327,0.655
178328,0.505
178329,0.42
178330,0.5525
178331,0.43
178332,0.6125
178333,0.6975
178334,0.6775
178335,0.615
178336,0.52
178337,0.475
178338,0.64
178339,0.4875
178340,0.5675
178341,0.425
178342,0.5
178343,0.45
178344,0.445
178345,0.55
178346,0.4075
178347,0.4525
178348,0.355
178349,0.4075
178350,0.64
178351,0.5325
178352,0.6625
178353,0.4375
178354,0.485
178355,0.4825
178356,0.57
178357,0.435
178358,0.425
178359,0.455
178360,0.625
178361,0.4225
178362,0.5025
178363,0.28
178364,0.4525
178365,0.6025
178366,0.64
178367,0.515
178368,0.5975
178369,0.4575
178370,0.4825
178371,0.5025
178372,0.5225
178373,0.445
178374,0.42
178375,0.4525
178376,0.5775
178377,0.63
178378,0.555
178379,0.52
178380,0.695
178381,0.5025
178382,0.4075
178383,0.515
178384,0.5325
178385,0.56
178386,0.5
178387,0.38
178388,0.425
178389,0.5125
178390,0.525
178391,0.575
178392,0.355
178393,0.3975
178394,0.6025
178395,0.46
178396,0.6525
178397,0.48
178398,0.4775
178399,0.4175
178400,0.5975
178401,0.4475
178402,0.465
178403,0.405
178404,0.415
178405,0.3875
178406,0.4675
178407,0.52
178408,0.4375
178409,0.4675
178410,0.5075
178411,0.575
178412,0.515
178413,0.5275
178414,0.495
178415,0.4675
178416,0.595
178417,0.7075
178418,0.45
178419,0.6925
178420,0.625
178421,0.3675
178422,0.48
178423,0.5775
178424,0.4
178425,0.705
178426,0.5
178427,0.475
178428,0.5625
178429,0.62
178430,0.5675
178431,0.445
178432,0.5975
178433,0.4275
178434,0.39
178435,0.4775
178436,0.5275
178437,0.54
178438,0.425
178439,0.515
178440,0.5725
178441,0.4075
178442,0.485
178443,0.315
178444,0.59
178445,0.4925
178446,0.4775
178447,0.55
178448,0.6325
178449,0.4475
178450,0.485
178451,0.385
178452,0.4925
178453,0.5
178454,0.4925
178455,0.415
178456,0.6125
178457,0.52
178458,0.4475
178459,0.315
178460,0.5125
178461,0.48
178462,0.45
178463,0.38
178464,0.4975
178465,0.62
178466,0.46
178467,0.4125
178468,0.6
178469,0.6825
178470,0.405
178471,0.4975
178472,0.3975
178473,0.3825
178474,0.47
178475,0.46
178476,0.5525
178477,0.665
178478,0.49
178479,0.45
178480,0.4075
178481,0.4925
178482,0.525
178483,0.5475
178484,0.3625
178485,0.4825
178486,0.4225
178487,0.635
178488,0.415
178489,0.5025
178490,0.5225
178491,0.4425
178492,0.5
178493,0.5825
178494,0.4275
178495,0.445
178496,0.695
178497,0.54
178498,0.595
178499,0.435
178500,0.4125
178501,0.515
178502,0.53
178503,0.65
178504,0.6425
178505,0.535
178506,0.5675
178507,0.44
178508,0.4275
178509,0.505
178510,0.4225
178511,0.4675
178512,0.4375
178513,0.325
178514,0.36
178515,0.505
178516,0.47
178517,0.455
178518,0.585
178519,0.5275
178520,0.42
178521,0.4825
178522,0.56
178523,0.5625
178524,0.4225
178525,0.58
178526,0.3575
178527,0.655
178528,0.48
178529,0.5075
178530,0.41
178531,0.4725
178532,0.4525
178533,0.5575
178534,0.6225
178535,0.575
178536,0.6775
178537,0.485
178538,0.38
178539,0.465
178540,0.4425
178541,0.515
178542,0.3725
178543,0.335
178544,0.4875
178545,0.4875
178546,0.4175
178547,0.485
178548,0.4875
178549,0.5
178550,0.51
178551,0.525
178552,0.685
178553,0.395
178554,0.4525
178555,0.47
178556,0.405
178557,0.405
178558,0.55
178559,0.5425
178560,0.65
178561,0.4275
178562,0.4375
178563,0.3925
178564,0.5225
178565,0.56
178566,0.43
178567,0.605
178568,0.39
178569,0.355
178570,0.54
178571,0.33
178572,0.4675
178573,0.485
178574,0.3325
178575,0.5175
178576,0.545
178577,0.3825
178578,0.3575
178579,0.495
178580,0.4325
178581,0.51
178582,0.4675
178583,0.5
178584,0.465
178585,0.3925
178586,0.67
178587,0.37
178588,0.465
178589,0.49
178590,0.5925
178591,0.505
178592,0.4775
178593,0.4975
178594,0.5775
178595,0.5125
178596,0.475
178597,0.6675
178598,0.4225
178599,0.485
178600,0.5475
178601,0.425
178602,0.3475
178603,0.5825
178604,0.3875
178605,0.5125
178606,0.45
178607,0.4525
178608,0.53
178609,0.45
178610,0.4375
178611,0.32
178612,0.505
178613,0.505
178614,0.5375
178615,0.51
178616,0.4525
178617,0.41
178618,0.58
178619,0.4925
178620,0.415
178621,0.4575
178622,0.47
178623,0.6275
178624,0.49
178625,0.4225
178626,0.4425
178627,0.5425
178628,0.4225
178629,0.6025
178630,0.4475
178631,0.435
178632,0.4975
178633,0.5675
178634,0.425
178635,0.4025
178636,0.615
178637,0.485
178638,0.5325
178639,0.5825
178640,0.515
178641,0.6125
178642,0.64
178643,0.495
178644,0.4275
178645,0.44
178646,0.555
178647,0.5175
178648,0.42
178649,0.46
178650,0.6375
178651,0.605
178652,0.5
178653,0.37
178654,0.49
178655,0.415
178656,0.5975
178657,0.5375
178658,0.47
178659,0.5275
178660,0.6675
178661,0.5525
178662,0.3775
178663,0.4425
178664,0.405
178665,0.395
178666,0.4325
178667,0.46
178668,0.585
178669,0.435
178670,0.505
178671,0.545
178672,0.4625
178673,0.315
178674,0.45
178675,0.4275
178676,0.4225
178677,0.54
178678,0.3875
178679,0.6875
178680,0.82
178681,0.39
178682,0.44
178683,0.545
178684,0.625
178685,0.53
178686,0.4575
178687,0.505
178688,0.5075
178689,0.3325
178690,0.405
178691,0.455
178692,0.44
178693,0.5775
178694,0.525
178695,0.4525
178696,0.435
178697,0.4675
178698,0.535
178699,0.505
178700,0.3425
178701,0.4425
178702,0.565
178703,0.56
178704,0.34
178705,0.46
178706,0.455
178707,0.39
178708,0.425
178709,0.3925
178710,0.5875
178711,0.43
178712,0.625
178713,0.53
178714,0.575
178715,0.6625
178716,0.5725
178717,0.475
178718,0.555
178719,0.4425
178720,0.4875
178721,0.54
178722,0.4725
178723,0.585
178724,0.3375
178725,0.3425
178726,0.5175
178727,0.6375
178728,0.6225
178729,0.33
178730,0.4375
178731,0.685
178732,0.5475
178733,0.4375
178734,0.49
178735,0.43
178736,0.4825
178737,0.555
178738,0.62
178739,0.4325
178740,0.36
178741,0.6475
178742,0.5575
178743,0.405
178744,0.3575
178745,0.4675
178746,0.4
178747,0.445
178748,0.48
178749,0.6675
178750,0.5125
178751,0.4825
178752,0.57
178753,0.46
178754,0.575
178755,0.7125
178756,0.3825
178757,0.4075
178758,0.505
178759,0.53
178760,0.5025
178761,0.5225
178762,0.5575
178763,0.3825
178764,0.49
178765,0.4125
178766,0.5025
178767,0.3725
178768,0.265
178769,0.6675
178770,0.5
178771,0.3675
178772,0.535
178773,0.505
178774,0.43
178775,0.315
178776,0.4025
178777,0.595
178778,0.3725
178779,0.5425
178780,0.5725
178781,0.6
178782,0.4125
178783,0.4925
178784,0.475
178785,0.415
178786,0.4075
178787,0.4425
178788,0.455
178789,0.5575
178790,0.5525
178791,0.39
178792,0.4575
178793,0.5
178794,0.4625
178795,0.555
178796,0.56
178797,0.49
178798,0.575
178799,0.3475
178800,0.39
178801,0.5075
178802,0.33
178803,0.3925
178804,0.48
178805,0.52
178806,0.5325
178807,0.5
178808,0.595
178809,0.515
178810,0.5225
178811,0.5375
178812,0.435
178813,0.515
178814,0.47
178815,0.5875
178816,0.7075
178817,0.3375
178818,0.7025
178819,0.405
178820,0.495
178821,0.44
178822,0.495
178823,0.64
178824,0.435
178825,0.5125
178826,0.615
178827,0.435
178828,0.535
178829,0.5075
178830,0.4825
178831,0.3225
178832,0.455
178833,0.5325
178834,0.4375
178835,0.405
178836,0.6325
178837,0.6725
178838,0.42
178839,0.5175
178840,0.3625
178841,0.48
178842,0.5425
178843,0.5325
178844,0.38
178845,0.6025
178846,0.46
178847,0.57
178848,0.44
178849,0.6775
178850,0.39
178851,0.42
178852,0.5175
178853,0.5325
178854,0.4675
178855,0.4825
178856,0.53
178857,0.59
178858,0.67
178859,0.3975
178860,0.7675
178861,0.4075
178862,0.515
178863,0.4725
178864,0.5825
178865,0.38
178866,0.4925
178867,0.505
178868,0.46
178869,0.525
178870,0.3675
178871,0.4775
178872,0.58
178873,0.56
178874,0.52
178875,0.67
178876,0.3375
178877,0.44
178878,0.5675
178879,0.5975
178880,0.4125
178881,0.445
178882,0.365
178883,0.5625
178884,0.5025
178885,0.5325
178886,0.615
178887,0.555
178888,0.4675
178889,0.4
178890,0.55
178891,0.5375
178892,0.495
178893,0.41
178894,0.445
178895,0.3875
178896,0.49
178897,0.47
178898,0.4125
178899,0.325
178900,0.485
178901,0.495
178902,0.6275
178903,0.465
178904,0.4625
178905,0.685
178906,0.5475
178907,0.4325
178908,0.48
178909,0.4325
178910,0.4475
178911,0.505
178912,0.5775
178913,0.62
178914,0.48
178915,0.6025
178916,0.75
178917,0.485
178918,0.4825
178919,0.4725
178920,0.56
178921,0.51
178922,0.68
178923,0.655
178924,0.44
178925,0.445
178926,0.68
178927,0.465
178928,0.5525
178929,0.5075
178930,0.72
178931,0.42
178932,0.3875
178933,0.4525
178934,0.525
178935,0.5525
178936,0.4225
178937,0.4325
178938,0.655
178939,0.555
178940,0.45
178941,0.4775
178942,0.53
178943,0.4725
178944,0.4025
178945,0.6225
178946,0.575
178947,0.5575
178948,0.43
178949,0.3375
178950,0.515
178951,0.485
178952,0.6275
178953,0.5025
178954,0.39
178955,0.3875
178956,0.45
178957,0.3925
178958,0.6475
178959,0.715
178960,0.485
178961,0.49
178962,0.51
178963,0.385
178964,0.425
178965,0.5425
178966,0.43
178967,0.3425
178968,0.4925
178969,0.43
178970,0.37
178971,0.4575
178972,0.44
178973,0.555
178974,0.46
178975,0.4975
178976,0.5025
178977,0.51
178978,0.5025
178979,0.41
178980,0.435
178981,0.47
178982,0.4975
178983,0.5325
178984,0.4125
178985,0.425
178986,0.59
178987,0.5625
178988,0.51
178989,0.6075
178990,0.535
178991,0.52
178992,0.5225
178993,0.59
178994,0.515
178995,0.455
178996,0.4975
178997,0.3925
178998,0.56
178999,0.505
179000,0.4475
179001,0.4925
179002,0.3775
179003,0.6375
179004,0.49
179005,0.6025
179006,0.4425
179007,0.43
179008,0.51
179009,0.5275
179010,0.6
179011,0.3
179012,0.505
179013,0.475
179014,0.5075
179015,0.585
179016,0.51
179017,0.3275
179018,0.68
179019,0.4875
179020,0.515
179021,0.42
179022,0.4325
179023,0.4475
179024,0.55
179025,0.3925
179026,0.64
179027,0.51
179028,0.415
179029,0.515
179030,0.4275
179031,0.48
179032,0.405
179033,0.48
179034,0.3625
179035,0.5175
179036,0.5425
179037,0.595
179038,0.4575
179039,0.3775
179040,0.63
179041,0.5175
179042,0.645
179043,0.46
179044,0.5075
179045,0.445
179046,0.5875
179047,0.6325
179048,0.4975
179049,0.485
179050,0.43
179051,0.5
179052,0.45
179053,0.41
179054,0.5375
179055,0.52
179056,0.4175
179057,0.4525
179058,0.3875
179059,0.5025
179060,0.4625
179061,0.4
179062,0.54
179063,0.4925
179064,0.53
179065,0.41
179066,0.3175
179067,0.405
179068,0.5475
179069,0.4225
179070,0.3675
179071,0.4825
179072,0.4375
179073,0.585
179074,0.33
179075,0.3975
179076,0.395
179077,0.2975
179078,0.39
179079,0.5325
179080,0.405
179081,0.5
179082,0.375
179083,0.4075
179084,0.59
179085,0.4275
179086,0.5975
179087,0.4275
179088,0.4525
179089,0.37
179090,0.51
179091,0.435
179092,0.495
179093,0.57
179094,0.4025
179095,0.3825
179096,0.51
179097,0.43
179098,0.4175
179099,0.33
179100,0.6125
179101,0.56
179102,0.5925
179103,0.57
179104,0.475
179105,0.4725
179106,0.37
179107,0.4525
179108,0.7575
179109,0.685
179110,0.445
179111,0.4825
179112,0.53
179113,0.6425
179114,0.4325
179115,0.4525
179116,0.525
179117,0.5475
179118,0.4475
179119,0.495
179120,0.4325
179121,0.395
179122,0.36
179123,0.535
179124,0.415
179125,0.5375
179126,0.3925
179127,0.475
179128,0.475
179129,0.5725
179130,0.6725
179131,0.5625
179132,0.52
179133,0.5175
179134,0.485
179135,0.44
179136,0.4175
179137,0.485
179138,0.4125
179139,0.5275
179140,0.45
179141,0.7175
179142,0.5775
179143,0.38
179144,0.455
179145,0.54
179146,0.7175
179147,0.5125
179148,0.625
179149,0.785
179150,0.475
179151,0.525
179152,0.63
179153,0.525
179154,0.585
179155,0.5125
179156,0.655
179157,0.47
179158,0.5
179159,0.4575
179160,0.5475
179161,0.475
179162,0.595
179163,0.45
179164,0.4025
179165,0.6925
179166,0.4125
179167,0.46
179168,0.5175
179169,0.46
179170,0.4725
179171,0.5525
179172,0.45
179173,0.5175
179174,0.46
179175,0.2975
179176,0.505
179177,0.4475
179178,0.5075
179179,0.4575
179180,0.445
179181,0.415
179182,0.5175
179183,0.3975
179184,0.4175
179185,0.42
179186,0.6425
179187,0.46
179188,0.375
179189,0.5275
179190,0.3725
179191,0.43
179192,0.545
179193,0.64
179194,0.4875
179195,0.4625
179196,0.5325
179197,0.4375
179198,0.51
179199,0.33
179200,0.65
179201,0.58
179202,0.4275
179203,0.43
179204,0.4475
179205,0.445
179206,0.43
179207,0.5475
179208,0.495
179209,0.4625
179210,0.5775
179211,0.4225
179212,0.575
179213,0.5675
179214,0.5725
179215,0.3575
179216,0.615
179217,0.49
179218,0.4325
179219,0.305
179220,0.5025
179221,0.54
179222,0.6825
179223,0.7225
179224,0.4625
179225,0.485
179226,0.3875
179227,0.5675
179228,0.425
179229,0.38
179230,0.4825
179231,0.675
179232,0.6025
179233,0.6575
179234,0.4875
179235,0.495
179236,0.5775
179237,0.7
179238,0.4375
179239,0.53
179240,0.3925
179241,0.51
179242,0.42
179243,0.565
179244,0.48
179245,0.51
179246,0.545
179247,0.475
179248,0.4925
179249,0.5175
179250,0.525
179251,0.3925
179252,0.54
179253,0.455
179254,0.52
179255,0.5625
179256,0.3575
179257,0.4675
179258,0.7525
179259,0.6025
179260,0.4175
179261,0.56
179262,0.42
179263,0.69
179264,0.715
179265,0.5325
179266,0.6075
179267,0.56
179268,0.44
179269,0.485
179270,0.6475
179271,0.45
179272,0.445
179273,0.5425
179274,0.5325
179275,0.435
179276,0.4325
179277,0.325
179278,0.48
179279,0.52
179280,0.3175
179281,0.74
179282,0.49
179283,0.5025
179284,0.4
179285,0.6075
179286,0.535
179287,0.3975
179288,0.5775
179289,0.5575
179290,0.4375
179291,0.36
179292,0.365
179293,0.385
179294,0.63
179295,0.565
179296,0.5
179297,0.5375
179298,0.705
179299,0.5925
179300,0.5925
179301,0.4125
179302,0.44
179303,0.38
179304,0.515
179305,0.4475
179306,0.6075
179307,0.665
179308,0.565
179309,0.615
179310,0.545
179311,0.6725
179312,0.63
179313,0.4775
179314,0.6375
179315,0.57
179316,0.505
179317,0.69
179318,0.4675
179319,0.5075
179320,0.385
179321,0.4975
179322,0.5425
179323,0.495
179324,0.445
179325,0.6575
179326,0.4675
179327,0.5475
179328,0.575
179329,0.4075
179330,0.5025
179331,0.5025
179332,0.5225
179333,0.46
179334,0.5175
179335,0.635
179336,0.4825
179337,0.4275
179338,0.4125
179339,0.535
179340,0.5425
179341,0.5425
179342,0.47
179343,0.5425
179344,0.64
179345,0.6225
179346,0.5225
179347,0.42
179348,0.5625
179349,0.475
179350,0.48
179351,0.49
179352,0.4975
179353,0.5225
179354,0.5225
179355,0.55
179356,0.5075
179357,0.4975
179358,0.4125
179359,0.71
179360,0.675
179361,0.445
179362,0.6625
179363,0.375
179364,0.4275
179365,0.5025
179366,0.5775
179367,0.3425
179368,0.475
179369,0.545
179370,0.39
179371,0.5025
179372,0.45
179373,0.3875
179374,0.4325
179375,0.4725
179376,0.4775
179377,0.455
179378,0.51
179379,0.55
179380,0.405
179381,0.475
179382,0.435
179383,0.3875
179384,0.45
179385,0.685
179386,0.485
179387,0.475
179388,0.515
179389,0.545
179390,0.5825
179391,0.4925
179392,0.395
179393,0.7075
179394,0.54
179395,0.535
179396,0.42
179397,0.3875
179398,0.4975
179399,0.485
179400,0.465
179401,0.52
179402,0.5325
179403,0.46
179404,0.4525
179405,0.4625
179406,0.5375
179407,0.56
179408,0.64
179409,0.515
179410,0.61
179411,0.3325
179412,0.425
179413,0.5525
179414,0.5075
179415,0.4825
179416,0.4575
179417,0.405
179418,0.3475
179419,0.4225
179420,0.54
179421,0.5625
179422,0.5125
179423,0.55
179424,0.3625
179425,0.495
179426,0.52
179427,0.4575
179428,0.645
179429,0.395
179430,0.5325
179431,0.5175
179432,0.7075
179433,0.3525
179434,0.47
179435,0.5875
179436,0.52
179437,0.53
179438,0.545
179439,0.495
179440,0.3625
179441,0.615
179442,0.505
179443,0.525
179444,0.4625
179445,0.4375
179446,0.5775
179447,0.5525
179448,0.385
179449,0.4625
179450,0.42
179451,0.4675
179452,0.51
179453,0.4175
179454,0.5625
179455,0.56
179456,0.505
179457,0.6375
179458,0.605
179459,0.53
179460,0.6825
179461,0.4475
179462,0.4975
179463,0.5425
179464,0.485
179465,0.52
179466,0.4675
179467,0.585
179468,0.52
179469,0.49
179470,0.405
179471,0.4375
179472,0.505
179473,0.345
179474,0.425
179475,0.475
179476,0.4525
179477,0.4125
179478,0.61
179479,0.59
179480,0.4325
179481,0.5375
179482,0.55
179483,0.4975
179484,0.57
179485,0.33
179486,0.44
179487,0.3475
179488,0.4975
179489,0.4925
179490,0.48
179491,0.285
179492,0.4375
179493,0.52
179494,0.6875
179495,0.535
179496,0.4325
179497,0.455
179498,0.365
179499,0.605
179500,0.4125
179501,0.535
179502,0.525
179503,0.4525
179504,0.5025
179505,0.4225
179506,0.4725
179507,0.7275
179508,0.54
179509,0.555
179510,0.4925
179511,0.5475
179512,0.45
179513,0.53
179514,0.51
179515,0.615
179516,0.5825
179517,0.4625
179518,0.61
179519,0.3725
179520,0.675
179521,0.2775
179522,0.585
179523,0.3925
179524,0.61
179525,0.46
179526,0.39
179527,0.625
179528,0.415
179529,0.4925
179530,0.4475
179531,0.4575
179532,0.51
179533,0.59
179534,0.42
179535,0.55
179536,0.5275
179537,0.5225
179538,0.52
179539,0.5075
179540,0.5675
179541,0.465
179542,0.3975
179543,0.5525
179544,0.4975
179545,0.3825
179546,0.555
179547,0.5325
179548,0.5425
179549,0.51
179550,0.44
179551,0.3675
179552,0.47
179553,0.4425
179554,0.5425
179555,0.455
179556,0.5425
179557,0.495
179558,0.42
179559,0.4775
179560,0.6275
179561,0.6975
179562,0.3475
179563,0.5325
179564,0.4975
179565,0.64
179566,0.5025
179567,0.4575
179568,0.555
179569,0.5175
179570,0.525
179571,0.3025
179572,0.4575
179573,0.5275
179574,0.5325
179575,0.4475
179576,0.505
179577,0.4975
179578,0.5075
179579,0.5375
179580,0.4925
179581,0.5525
179582,0.4425
179583,0.615
179584,0.4825
179585,0.41
179586,0.41
179587,0.635
179588,0.4175
179589,0.4475
179590,0.5375
179591,0.5125
179592,0.4325
179593,0.56
179594,0.6025
179595,0.54
179596,0.5575
179597,0.46
179598,0.61
179599,0.555
179600,0.44
179601,0.4475
179602,0.41
179603,0.6425
179604,0.4125
179605,0.505
179606,0.435
179607,0.58
179608,0.4475
179609,0.505
179610,0.6475
179611,0.48
179612,0.5175
179613,0.405
179614,0.4775
179615,0.4675
179616,0.42
179617,0.5175
179618,0.505
179619,0.6075
179620,0.3825
179621,0.4425
179622,0.5025
179623,0.6175
179624,0.46
179625,0.395
179626,0.51
179627,0.635
179628,0.4975
179629,0.57
179630,0.4675
179631,0.4875
179632,0.5725
179633,0.4975
179634,0.5425
179635,0.5125
179636,0.405
179637,0.5775
179638,0.4475
179639,0.59
179640,0.42
179641,0.47
179642,0.42
179643,0.4875
179644,0.485
179645,0.4675
179646,0.6075
179647,0.4925
179648,0.4925
179649,0.4125
179650,0.37
179651,0.48
179652,0.4925
179653,0.3725
179654,0.57
179655,0.5675
179656,0.385
179657,0.48
179658,0.61
179659,0.54
179660,0.4475
179661,0.6775
179662,0.47
179663,0.4975
179664,0.5175
179665,0.4275
179666,0.535
179667,0.3025
179668,0.55
179669,0.4975
179670,0.605
179671,0.4875
179672,0.5275
179673,0.5225
179674,0.475
179675,0.295
179676,0.48
179677,0.455
179678,0.5525
179679,0.48
179680,0.435
179681,0.3775
179682,0.595
179683,0.5775
179684,0.4475
179685,0.635
179686,0.47
179687,0.32
179688,0.4575
179689,0.46
179690,0.4625
179691,0.3025
179692,0.4675
179693,0.7275
179694,0.685
179695,0.3125
179696,0.4175
179697,0.465
179698,0.56
179699,0.5925
179700,0.505
179701,0.565
179702,0.64
179703,0.385
179704,0.55
179705,0.3875
179706,0.545
179707,0.555
179708,0.51
179709,0.545
179710,0.58
179711,0.475
179712,0.525
179713,0.6925
179714,0.4625
179715,0.6025
179716,0.6
179717,0.4175
179718,0.6075
179719,0.6775
179720,0.415
179721,0.4625
179722,0.46
179723,0.6225
179724,0.415
179725,0.5625
179726,0.3875
179727,0.38
179728,0.475
179729,0.5075
179730,0.445
179731,0.3925
179732,0.52
179733,0.4
179734,0.4825
179735,0.46
179736,0.505
179737,0.5725
179738,0.575
179739,0.53
179740,0.4575
179741,0.43
179742,0.3925
179743,0.48
179744,0.38
179745,0.4475
179746,0.645
179747,0.3675
179748,0.495
179749,0.3675
179750,0.6525
179751,0.4975
179752,0.5925
179753,0.65
179754,0.5725
179755,0.475
179756,0.4675
179757,0.675
179758,0.625
179759,0.6175
179760,0.41
179761,0.5475
179762,0.5675
179763,0.5925
179764,0.3925
179765,0.5975
179766,0.4475
179767,0.4775
179768,0.4275
179769,0.49
179770,0.585
179771,0.4575
179772,0.465
179773,0.38
179774,0.435
179775,0.39
179776,0.415
179777,0.4975
179778,0.3925
179779,0.5725
179780,0.5525
179781,0.3375
179782,0.6025
179783,0.405
179784,0.41
179785,0.4825
179786,0.47
179787,0.425
179788,0.625
179789,0.425
179790,0.475
179791,0.4825
179792,0.56
179793,0.61
179794,0.47
179795,0.5675
179796,0.66
179797,0.54
179798,0.6475
179799,0.505
179800,0.3675
179801,0.4575
179802,0.6025
179803,0.5225
179804,0.6
179805,0.5425
179806,0.405
179807,0.41
179808,0.53
179809,0.36
179810,0.445
179811,0.5575
179812,0.4275
179813,0.62
179814,0.38
179815,0.3625
179816,0.555
179817,0.57
179818,0.66
179819,0.5875
179820,0.485
179821,0.455
179822,0.46
179823,0.4825
179824,0.44
179825,0.5475
179826,0.445
179827,0.6075
179828,0.4475
179829,0.44
179830,0.4375
179831,0.4425
179832,0.5275
179833,0.605
179834,0.565
179835,0.5
179836,0.5175
179837,0.51
179838,0.465
179839,0.6975
179840,0.5275
179841,0.4325
179842,0.595
179843,0.505
179844,0.445
179845,0.475
179846,0.4325
179847,0.555
179848,0.4975
179849,0.6325
179850,0.465
179851,0.395
179852,0.49
179853,0.45
179854,0.5625
179855,0.4425
179856,0.3125
179857,0.5725
179858,0.455
179859,0.5175
179860,0.5975
179861,0.53
179862,0.5975
179863,0.4775
179864,0.71
179865,0.4425
179866,0.4575
179867,0.5125
179868,0.775
179869,0.3875
179870,0.47
179871,0.3975
179872,0.43
179873,0.4625
179874,0.5025
179875,0.44
179876,0.5925
179877,0.4675
179878,0.3525
179879,0.5025
179880,0.4025
179881,0.4875
179882,0.59
179883,0.4775
179884,0.63
179885,0.49
179886,0.5175
179887,0.5025
179888,0.5725
179889,0.3775
179890,0.6775
179891,0.54
179892,0.5
179893,0.5725
179894,0.495
179895,0.3
179896,0.4425
179897,0.6075
179898,0.3875
179899,0.5
179900,0.3725
179901,0.4775
179902,0.5975
179903,0.585
179904,0.625
179905,0.385
179906,0.5825
179907,0.295
179908,0.5875
179909,0.615
179910,0.5325
179911,0.705
179912,0.4625
179913,0.5075
179914,0.4
179915,0.45
179916,0.4525
179917,0.61
179918,0.435
179919,0.635
179920,0.5375
179921,0.635
179922,0.525
179923,0.54
179924,0.545
179925,0.48
179926,0.5425
179927,0.3875
179928,0.5325
179929,0.385
179930,0.55
179931,0.465
179932,0.56
179933,0.5425
179934,0.4475
179935,0.5225
179936,0.505
179937,0.6725
179938,0.325
179939,0.65
179940,0.5025
179941,0.4925
179942,0.5675
179943,0.555
179944,0.55
179945,0.445
179946,0.605
179947,0.3875
179948,0.5625
179949,0.4975
179950,0.4325
179951,0.545
179952,0.395
179953,0.485
179954,0.5275
179955,0.555
179956,0.5375
179957,0.5425
179958,0.5075
179959,0.47
179960,0.3575
179961,0.46
179962,0.5325
179963,0.355
179964,0.595
179965,0.5125
179966,0.5425
179967,0.3725
179968,0.635
179969,0.5425
179970,0.43
179971,0.445
179972,0.475
179973,0.39
179974,0.55
179975,0.655
179976,0.4775
179977,0.4475
179978,0.5475
179979,0.4675
179980,0.43
179981,0.505
179982,0.4425
179983,0.4425
179984,0.555
179985,0.41
179986,0.38
179987,0.4675
179988,0.495
179989,0.6825
179990,0.4725
179991,0.425
179992,0.5875
179993,0.5025
179994,0.2725
179995,0.49
179996,0.375
179997,0.5325
179998,0.43
179999,0.5025
180000,0.455
180001,0.7275
180002,0.51
180003,0.5475
180004,0.535
180005,0.5925
180006,0.505
180007,0.4675
180008,0.47
180009,0.6175
180010,0.6675
180011,0.2725
180012,0.5675
180013,0.6425
180014,0.5775
180015,0.55
180016,0.605
180017,0.4775
180018,0.46
180019,0.44
180020,0.3575
180021,0.615
180022,0.58
180023,0.365
180024,0.4575
180025,0.5275
180026,0.4225
180027,0.465
180028,0.56
180029,0.395
180030,0.46
180031,0.395
180032,0.64
180033,0.3775
180034,0.625
180035,0.4975
180036,0.4175
180037,0.4275
180038,0.5525
180039,0.4825
180040,0.4275
180041,0.515
180042,0.5
180043,0.475
180044,0.495
180045,0.5275
180046,0.38
180047,0.45
180048,0.575
180049,0.5375
180050,0.49
180051,0.54
180052,0.365
180053,0.2725
180054,0.5325
180055,0.425
180056,0.46
180057,0.7825
180058,0.41
180059,0.4975
180060,0.4375
180061,0.4525
180062,0.54
180063,0.6275
180064,0.66
180065,0.475
180066,0.63
180067,0.45
180068,0.3925
180069,0.47
180070,0.47
180071,0.565
180072,0.4925
180073,0.4025
180074,0.415
180075,0.47
180076,0.6
180077,0.4475
180078,0.4625
180079,0.6825
180080,0.455
180081,0.6225
180082,0.4875
180083,0.4875
180084,0.605
180085,0.3425
180086,0.415
180087,0.5475
180088,0.335
180089,0.6125
180090,0.4375
180091,0.505
180092,0.6725
180093,0.4325
180094,0.45
180095,0.4625
180096,0.4975
180097,0.4525
180098,0.455
180099,0.625
180100,0.68
180101,0.55
180102,0.445
180103,0.7
180104,0.5725
180105,0.4825
180106,0.52
180107,0.595
180108,0.5325
180109,0.57
180110,0.4175
180111,0.59
180112,0.2725
180113,0.6625
180114,0.4175
180115,0.49
180116,0.4375
180117,0.49
180118,0.42
180119,0.5075
180120,0.585
180121,0.6425
180122,0.5525
180123,0.61
180124,0.5225
180125,0.5175
180126,0.5125
180127,0.51
180128,0.4225
180129,0.48
180130,0.41
180131,0.36
180132,0.6825
180133,0.4325
180134,0.5975
180135,0.465
180136,0.45
180137,0.5875
180138,0.41
180139,0.3225
180140,0.4075
180141,0.49
180142,0.5875
180143,0.49
180144,0.665
180145,0.4825
180146,0.41
180147,0.445
180148,0.4275
180149,0.6925
180150,0.565
180151,0.5125
180152,0.36
180153,0.5325
180154,0.5
180155,0.475
180156,0.475
180157,0.545
180158,0.54
180159,0.4525
180160,0.535
180161,0.5475
180162,0.4175
180163,0.4275
180164,0.3825
180165,0.575
180166,0.4625
180167,0.6
180168,0.6325
180169,0.455
180170,0.465
180171,0.67
180172,0.455
180173,0.5025
180174,0.385
180175,0.41
180176,0.5175
180177,0.45
180178,0.675
180179,0.365
180180,0.6
180181,0.54
180182,0.3175
180183,0.6575
180184,0.4775
180185,0.6075
180186,0.53
180187,0.74
180188,0.425
180189,0.3125
180190,0.565
180191,0.545
180192,0.4775
180193,0.535
180194,0.5825
180195,0.3675
180196,0.545
180197,0.6175
180198,0.53
180199,0.5275
180200,0.3675
180201,0.67
180202,0.4575
180203,0.485
180204,0.4425
180205,0.5475
180206,0.37
180207,0.5225
180208,0.5225
180209,0.6
180210,0.4775
180211,0.455
180212,0.55
180213,0.3725
180214,0.515
180215,0.4225
180216,0.5125
180217,0.56
180218,0.5425
180219,0.55
180220,0.4975
180221,0.6125
180222,0.34
180223,0.4475
180224,0.5125
180225,0.3675
180226,0.5325
180227,0.3675
180228,0.6125
180229,0.555
180230,0.51
180231,0.6525
180232,0.3925
180233,0.53
180234,0.435
180235,0.365
180236,0.6425
180237,0.4
180238,0.41
180239,0.59
180240,0.3675
180241,0.3925
180242,0.5625
180243,0.565
180244,0.495
180245,0.46
180246,0.6075
180247,0.31
180248,0.4975
180249,0.6175
180250,0.6675
180251,0.41
180252,0.5775
180253,0.615
180254,0.49
180255,0.3575
180256,0.5
180257,0.5775
180258,0.41
180259,0.5975
180260,0.43
180261,0.515
180262,0.6325
180263,0.65
180264,0.645
180265,0.51
180266,0.425
180267,0.6325
180268,0.39
180269,0.41
180270,0.51
180271,0.345
180272,0.3825
180273,0.4175
180274,0.635
180275,0.47
180276,0.4225
180277,0.4
180278,0.495
180279,0.53
180280,0.525
180281,0.4825
180282,0.4375
180283,0.675
180284,0.53
180285,0.6925
180286,0.48
180287,0.6425
180288,0.6725
180289,0.595
180290,0.5825
180291,0.545
180292,0.535
180293,0.5525
180294,0.4175
180295,0.505
180296,0.335
180297,0.5125
180298,0.515
180299,0.4225
180300,0.4325
180301,0.4225
180302,0.5075
180303,0.43
180304,0.3875
180305,0.645
180306,0.5575
180307,0.755
180308,0.3325
180309,0.65
180310,0.5225
180311,0.465
180312,0.615
180313,0.3325
180314,0.4775
180315,0.395
180316,0.5975
180317,0.6675
180318,0.3475
180319,0.2975
180320,0.635
180321,0.5025
180322,0.5075
180323,0.5225
180324,0.5875
180325,0.595
180326,0.6375
180327,0.5775
180328,0.45
180329,0.51
180330,0.49
180331,0.4075
180332,0.44
180333,0.5125
180334,0.5
180335,0.575
180336,0.5125
180337,0.47
180338,0.455
180339,0.575
180340,0.6275
180341,0.5775
180342,0.6025
180343,0.55
180344,0.5875
180345,0.515
180346,0.515
180347,0.5375
180348,0.54
180349,0.735
180350,0.62
180351,0.465
180352,0.6325
180353,0.47
180354,0.46
180355,0.415
180356,0.3925
180357,0.44
180358,0.34
180359,0.3725
180360,0.65
180361,0.4975
180362,0.4075
180363,0.6525
180364,0.5125
180365,0.4325
180366,0.445
180367,0.4975
180368,0.555
180369,0.5575
180370,0.585
180371,0.55
180372,0.5375
180373,0.425
180374,0.455
180375,0.5525
180376,0.6225
180377,0.4975
180378,0.3325
180379,0.5725
180380,0.6075
180381,0.2675
180382,0.5475
180383,0.52
180384,0.61
180385,0.3575
180386,0.3975
180387,0.46
180388,0.5125
180389,0.5375
180390,0.6
180391,0.42
180392,0.3925
180393,0.56
180394,0.525
180395,0.3825
180396,0.395
180397,0.43
180398,0.3975
180399,0.455
180400,0.5475
180401,0.6875
180402,0.7075
180403,0.4375
180404,0.4475
180405,0.525
180406,0.3125
180407,0.5525
180408,0.39
180409,0.385
180410,0.535
180411,0.365
180412,0.5875
180413,0.5475
180414,0.615
180415,0.4575
180416,0.395
180417,0.4
180418,0.6225
180419,0.64
180420,0.5575
180421,0.5125
180422,0.525
180423,0.4275
180424,0.5075
180425,0.4875
180426,0.3675
180427,0.4575
180428,0.585
180429,0.4275
180430,0.4825
180431,0.4725
180432,0.455
180433,0.5175
180434,0.53
180435,0.4475
180436,0.555
180437,0.6025
180438,0.46
180439,0.335
180440,0.315
180441,0.5275
180442,0.55
180443,0.3925
180444,0.5
180445,0.4375
180446,0.515
180447,0.655
180448,0.5225
180449,0.5375
180450,0.5975
180451,0.405
180452,0.6025
180453,0.6825
180454,0.5175
180455,0.5675
180456,0.7175
180457,0.56
180458,0.525
180459,0.4525
180460,0.5075
180461,0.4475
180462,0.49
180463,0.56
180464,0.55
180465,0.5525
180466,0.715
180467,0.465
180468,0.49
180469,0.475
180470,0.6675
180471,0.3225
180472,0.5025
180473,0.4075
180474,0.43
180475,0.345
180476,0.5225
180477,0.5625
180478,0.43
180479,0.5775
180480,0.3875
180481,0.4775
180482,0.5225
180483,0.6125
180484,0.46
180485,0.525
180486,0.505
180487,0.285
180488,0.42
180489,0.4125
180490,0.48
180491,0.5575
180492,0.54
180493,0.5175
180494,0.4425
180495,0.4025
180496,0.415
180497,0.365
180498,0.55
180499,0.6825
180500,0.595
180501,0.4725
180502,0.6425
180503,0.525
180504,0.5525
180505,0.48
180506,0.535
180507,0.5175
180508,0.4625
180509,0.4275
180510,0.455
180511,0.42
180512,0.5425
180513,0.4375
180514,0.545
180515,0.495
180516,0.355
180517,0.5
180518,0.4525
180519,0.5575
180520,0.3775
180521,0.47
180522,0.5775
180523,0.365
180524,0.6875
180525,0.4925
180526,0.4825
180527,0.47
180528,0.5525
180529,0.45
180530,0.4725
180531,0.5425
180532,0.5975
180533,0.5575
180534,0.43
180535,0.615
180536,0.565
180537,0.585
180538,0.6725
180539,0.5175
180540,0.5725
180541,0.5
180542,0.5425
180543,0.645
180544,0.5475
180545,0.535
180546,0.44
180547,0.56
180548,0.475
180549,0.505
180550,0.4375
180551,0.515
180552,0.4425
180553,0.5425
180554,0.5075
180555,0.4025
180556,0.44
180557,0.51
180558,0.465
180559,0.38
180560,0.4625
180561,0.4825
180562,0.375
180563,0.55
180564,0.63
180565,0.505
180566,0.47
180567,0.4875
180568,0.835
180569,0.445
180570,0.545
180571,0.6125
180572,0.7625
180573,0.4
180574,0.515
180575,0.595
180576,0.54
180577,0.6325
180578,0.4775
180579,0.655
180580,0.43
180581,0.6275
180582,0.7175
180583,0.5875
180584,0.5
180585,0.405
180586,0.4575
180587,0.5275
180588,0.4975
180589,0.5975
180590,0.6725
180591,0.585
180592,0.435
180593,0.4575
180594,0.4925
180595,0.355
180596,0.4725
180597,0.5
180598,0.5125
180599,0.355
180600,0.4775
180601,0.4625
180602,0.495
180603,0.5625
180604,0.5775
180605,0.4575
180606,0.445
180607,0.64
180608,0.51
180609,0.505
180610,0.6475
180611,0.465
180612,0.5725
180613,0.45
180614,0.5175
180615,0.5975
180616,0.585
180617,0.44
180618,0.445
180619,0.5375
180620,0.62
180621,0.43
180622,0.6775
180623,0.605
180624,0.405
180625,0.5625
180626,0.4475
180627,0.4975
180628,0.56
180629,0.47
180630,0.4875
180631,0.375
180632,0.5675
180633,0.57
180634,0.5225
180635,0.47
180636,0.475
180637,0.4825
180638,0.3875
180639,0.435
180640,0.465
180641,0.47
180642,0.41
180643,0.485
180644,0.47
180645,0.38
180646,0.4175
180647,0.4975
180648,0.555
180649,0.5875
180650,0.4625
180651,0.4325
180652,0.4575
180653,0.4525
180654,0.62
180655,0.4225
180656,0.4075
180657,0.715
180658,0.3775
180659,0.4625
180660,0.405
180661,0.5325
180662,0.3575
180663,0.31
180664,0.53
180665,0.5175
180666,0.305
180667,0.5725
180668,0.405
180669,0.52
180670,0.3625
180671,0.3825
180672,0.4325
180673,0.5425
180674,0.26
180675,0.435
180676,0.4
180677,0.5975
180678,0.67
180679,0.56
180680,0.395
180681,0.5625
180682,0.405
180683,0.5225
180684,0.5425
180685,0.525
180686,0.48
180687,0.4375
180688,0.525
180689,0.5525
180690,0.465
180691,0.405
180692,0.585
180693,0.625
180694,0.4875
180695,0.37
180696,0.46
180697,0.4225
180698,0.4525
180699,0.5375
180700,0.495
180701,0.52
180702,0.4825
180703,0.5025
180704,0.385
180705,0.4375
180706,0.635
180707,0.54
180708,0.4325
180709,0.6225
180710,0.6375
180711,0.5875
180712,0.465
180713,0.6025
180714,0.455
180715,0.5675
180716,0.5925
180717,0.3175
180718,0.3925
180719,0.525
180720,0.5525
180721,0.48
180722,0.4075
180723,0.3825
180724,0.7675
180725,0.51
180726,0.5075
180727,0.4925
180728,0.49
180729,0.44
180730,0.6175
180731,0.4675
180732,0.475
180733,0.505
180734,0.4225
180735,0.4625
180736,0.425
180737,0.5975
180738,0.495
180739,0.615
180740,0.4
180741,0.6525
180742,0.375
180743,0.4025
180744,0.515
180745,0.55
180746,0.4425
180747,0.355
180748,0.51
180749,0.535
180750,0.455
180751,0.635
180752,0.435
180753,0.4775
180754,0.505
180755,0.5525
180756,0.4475
180757,0.61
180758,0.505
180759,0.4375
180760,0.5025
180761,0.5975
180762,0.635
180763,0.44
180764,0.625
180765,0.4325
180766,0.5025
180767,0.4925
180768,0.54
180769,0.325
180770,0.5075
180771,0.3625
180772,0.435
180773,0.5025
180774,0.4925
180775,0.4325
180776,0.69
180777,0.485
180778,0.5975
180779,0.5025
180780,0.5525
180781,0.5975
180782,0.4625
180783,0.525
180784,0.475
180785,0.49
180786,0.475
180787,0.6425
180788,0.3125
180789,0.535
180790,0.635
180791,0.535
180792,0.4875
180793,0.39
180794,0.6075
180795,0.4225
180796,0.535
180797,0.51
180798,0.455
180799,0.44
180800,0.5825
180801,0.3225
180802,0.4975
180803,0.56
180804,0.45
180805,0.6875
180806,0.5175
180807,0.4775
180808,0.6175
180809,0.5325
180810,0.5175
180811,0.44
180812,0.53
180813,0.3525
180814,0.5375
180815,0.48
180816,0.615
180817,0.475
180818,0.6225
180819,0.5625
180820,0.2375
180821,0.39
180822,0.325
180823,0.5125
180824,0.36
180825,0.4225
180826,0.44
180827,0.4275
180828,0.45
180829,0.475
180830,0.6125
180831,0.4975
180832,0.5825
180833,0.54
180834,0.52
180835,0.405
180836,0.5575
180837,0.4525
180838,0.5925
180839,0.4975
180840,0.455
180841,0.4875
180842,0.6375
180843,0.44
180844,0.6
180845,0.575
180846,0.425
180847,0.4
180848,0.515
180849,0.4675
180850,0.3925
180851,0.4575
180852,0.5725
180853,0.4975
180854,0.4475
180855,0.55
180856,0.5375
180857,0.5275
180858,0.4375
180859,0.4825
180860,0.395
180861,0.4825
180862,0.4725
180863,0.4675
180864,0.365
180865,0.4525
180866,0.3375
180867,0.5175
180868,0.4725
180869,0.5225
180870,0.46
180871,0.4725
180872,0.4575
180873,0.36
180874,0.3725
180875,0.42
180876,0.4325
180877,0.435
180878,0.4825
180879,0.42
180880,0.5025
180881,0.43
180882,0.605
180883,0.565
180884,0.4625
180885,0.435
180886,0.57
180887,0.475
180888,0.4125
180889,0.5225
180890,0.645
180891,0.5875
180892,0.5675
180893,0.45
180894,0.4575
180895,0.5475
180896,0.41
180897,0.5875
180898,0.4175
180899,0.5175
180900,0.4925
180901,0.6075
180902,0.52
180903,0.4925
180904,0.4625
180905,0.605
180906,0.5225
180907,0.56
180908,0.49
180909,0.455
180910,0.58
180911,0.4925
180912,0.425
180913,0.625
180914,0.445
180915,0.42
180916,0.51
180917,0.4925
180918,0.41
180919,0.42
180920,0.45
180921,0.4425
180922,0.4875
180923,0.475
180924,0.65
180925,0.5225
180926,0.57
180927,0.58
180928,0.4275
180929,0.4175
180930,0.42
180931,0.4075
180932,0.55
180933,0.555
180934,0.5
180935,0.5875
180936,0.49
180937,0.6925
180938,0.5775
180939,0.425
180940,0.585
180941,0.415
180942,0.375
180943,0.57
180944,0.4675
180945,0.3325
180946,0.53
180947,0.3775
180948,0.49
180949,0.4725
180950,0.55
180951,0.5425
180952,0.5175
180953,0.41
180954,0.5575
180955,0.5525
180956,0.405
180957,0.5475
180958,0.4775
180959,0.6125
180960,0.5575
180961,0.5025
180962,0.5275
180963,0.42
180964,0.4725
180965,0.445
180966,0.6325
180967,0.535
180968,0.6275
180969,0.39
180970,0.595
180971,0.5175
180972,0.495
180973,0.505
180974,0.505
180975,0.575
180976,0.6375
180977,0.475
180978,0.4375
180979,0.415
180980,0.475
180981,0.56
180982,0.4675
180983,0.535
180984,0.44
180985,0.4625
180986,0.6125
180987,0.4875
180988,0.4575
180989,0.5825
180990,0.53
180991,0.6475
180992,0.47
180993,0.4825
180994,0.625
180995,0.5175
180996,0.4575
180997,0.205
180998,0.625
180999,0.545
181000,0.5625
181001,0.545
181002,0.52
181003,0.3925
181004,0.6225
181005,0.46
181006,0.4125
181007,0.4125
181008,0.5425
181009,0.7425
181010,0.515
181011,0.4325
181012,0.495
181013,0.5725
181014,0.56
181015,0.52
181016,0.7975
181017,0.4375
181018,0.575
181019,0.5325
181020,0.385
181021,0.6875
181022,0.605
181023,0.76
181024,0.5075
181025,0.72
181026,0.4125
181027,0.17
181028,0.42
181029,0.6025
181030,0.4425
181031,0.495
181032,0.4225
181033,0.4925
181034,0.645
181035,0.375
181036,0.445
181037,0.555
181038,0.345
181039,0.7075
181040,0.325
181041,0.6175
181042,0.545
181043,0.4875
181044,0.525
181045,0.375
181046,0.3825
181047,0.44
181048,0.5475
181049,0.415
181050,0.38
181051,0.415
181052,0.505
181053,0.48
181054,0.495
181055,0.6925
181056,0.495
181057,0.445
181058,0.54
181059,0.465
181060,0.4375
181061,0.375
181062,0.405
181063,0.655
181064,0.475
181065,0.5675
181066,0.3675
181067,0.43
181068,0.5425
181069,0.6525
181070,0.445
181071,0.3925
181072,0.4075
181073,0.465
181074,0.475
181075,0.46
181076,0.415
181077,0.675
181078,0.5725
181079,0.6375
181080,0.5675
181081,0.465
181082,0.5075
181083,0.555
181084,0.415
181085,0.355
181086,0.3825
181087,0.4175
181088,0.645
181089,0.54
181090,0.6
181091,0.47
181092,0.44
181093,0.42
181094,0.4675
181095,0.6
181096,0.5375
181097,0.4075
181098,0.565
181099,0.6975
181100,0.57
181101,0.5425
181102,0.5775
181103,0.38
181104,0.4325
181105,0.4375
181106,0.5475
181107,0.3975
181108,0.63
181109,0.505
181110,0.64
181111,0.56
181112,0.4975
181113,0.5625
181114,0.3775
181115,0.5075
181116,0.44
181117,0.465
181118,0.445
181119,0.5
181120,0.46
181121,0.47
181122,0.5375
181123,0.4525
181124,0.7375
181125,0.575
181126,0.525
181127,0.4325
181128,0.565
181129,0.3925
181130,0.6975
181131,0.49
181132,0.465
181133,0.3825
181134,0.64
181135,0.665
181136,0.47
181137,0.5875
181138,0.555
181139,0.5525
181140,0.285
181141,0.5
181142,0.4525
181143,0.3475
181144,0.555
181145,0.3575
181146,0.42
181147,0.4325
181148,0.5525
181149,0.5125
181150,0.375
181151,0.4
181152,0.645
181153,0.4375
181154,0.7425
181155,0.4
181156,0.4475
181157,0.505
181158,0.47
181159,0.4625
181160,0.545
181161,0.38
181162,0.4725
181163,0.4575
181164,0.375
181165,0.4725
181166,0.5325
181167,0.535
181168,0.5775
181169,0.4275
181170,0.505
181171,0.5525
181172,0.43
181173,0.485
181174,0.475
181175,0.395
181176,0.3675
181177,0.555
181178,0.4325
181179,0.475
181180,0.565
181181,0.4325
181182,0.6325
181183,0.4375
181184,0.365
181185,0.455
181186,0.6375
181187,0.375
181188,0.395
181189,0.5625
181190,0.6625
181191,0.415
181192,0.5025
181193,0.4225
181194,0.62
181195,0.425
181196,0.5475
181197,0.6725
181198,0.4375
181199,0.475
181200,0.37
181201,0.4075
181202,0.53
181203,0.3925
181204,0.4
181205,0.5075
181206,0.4175
181207,0.525
181208,0.4875
181209,0.4575
181210,0.49
181211,0.4725
181212,0.43
181213,0.5575
181214,0.42
181215,0.59
181216,0.47
181217,0.4825
181218,0.605
181219,0.6025
181220,0.5375
181221,0.3925
181222,0.5175
181223,0.47
181224,0.4675
181225,0.55
181226,0.485
181227,0.4325
181228,0.5325
181229,0.32
181230,0.565
181231,0.485
181232,0.595
181233,0.6375
181234,0.4475
181235,0.57
181236,0.54
181237,0.5275
181238,0.38
181239,0.46
181240,0.53
181241,0.41
181242,0.425
181243,0.43
181244,0.4875
181245,0.54
181246,0.3925
181247,0.575
181248,0.3075
181249,0.665
181250,0.445
181251,0.455
181252,0.5425
181253,0.6
181254,0.4425
181255,0.6625
181256,0.5575
181257,0.3825
181258,0.48
181259,0.585
181260,0.52
181261,0.575
181262,0.6425
181263,0.405
181264,0.5575
181265,0.465
181266,0.485
181267,0.685
181268,0.3025
181269,0.42
181270,0.5625
181271,0.4525
181272,0.405
181273,0.3125
181274,0.5075
181275,0.4275
181276,0.55
181277,0.5575
181278,0.4875
181279,0.5425
181280,0.405
181281,0.3525
181282,0.5375
181283,0.345
181284,0.4225
181285,0.4525
181286,0.465
181287,0.4925
181288,0.5475
181289,0.3925
181290,0.395
181291,0.655
181292,0.5325
181293,0.52
181294,0.4925
181295,0.5125
181296,0.7
181297,0.5175
181298,0.5575
181299,0.4275
181300,0.465
181301,0.4725
181302,0.4775
181303,0.565
181304,0.3075
181305,0.4525
181306,0.5175
181307,0.6525
181308,0.4525
181309,0.6325
181310,0.455
181311,0.585
181312,0.3525
181313,0.6475
181314,0.545
181315,0.46
181316,0.4375
181317,0.465
181318,0.5575
181319,0.625
181320,0.4875
181321,0.545
181322,0.4825
181323,0.5625
181324,0.74
181325,0.3675
181326,0.4475
181327,0.42
181328,0.55
181329,0.3475
181330,0.4825
181331,0.65
181332,0.4875
181333,0.435
181334,0.5225
181335,0.415
181336,0.4925
181337,0.6475
181338,0.3025
181339,0.5875
181340,0.5025
181341,0.4625
181342,0.42
181343,0.3575
181344,0.5975
181345,0.5975
181346,0.45
181347,0.545
181348,0.435
181349,0.3875
181350,0.4125
181351,0.6375
181352,0.43
181353,0.385
181354,0.4175
181355,0.3775
181356,0.4525
181357,0.4625
181358,0.3575
181359,0.6175
181360,0.6275
181361,0.4275
181362,0.38
181363,0.3775
181364,0.62
181365,0.5525
181366,0.525
181367,0.47
181368,0.4325
181369,0.5525
181370,0.5875
181371,0.4575
181372,0.445
181373,0.49
181374,0.5075
181375,0.36
181376,0.4725
181377,0.53
181378,0.62
181379,0.545
181380,0.48
181381,0.4125
181382,0.5775
181383,0.5925
181384,0.4025
181385,0.4025
181386,0.405
181387,0.43
181388,0.6275
181389,0.51
181390,0.6675
181391,0.6625
181392,0.3825
181393,0.3875
181394,0.41
181395,0.5525
181396,0.44
181397,0.47
181398,0.46
181399,0.43
181400,0.545
181401,0.4925
181402,0.405
181403,0.3375
181404,0.43
181405,0.5275
181406,0.3875
181407,0.5625
181408,0.495
181409,0.585
181410,0.4275
181411,0.4775
181412,0.3625
181413,0.5975
181414,0.5475
181415,0.5575
181416,0.5125
181417,0.4375
181418,0.485
181419,0.4425
181420,0.5025
181421,0.555
181422,0.4775
181423,0.3375
181424,0.59
181425,0.4825
181426,0.335
181427,0.64
181428,0.3975
181429,0.43
181430,0.4425
181431,0.5325
181432,0.505
181433,0.8375
181434,0.355
181435,0.48
181436,0.3375
181437,0.7025
181438,0.4625
181439,0.52
181440,0.515
181441,0.3825
181442,0.52
181443,0.49
181444,0.5175
181445,0.4175
181446,0.36
181447,0.465
181448,0.4425
181449,0.58
181450,0.4525
181451,0.4025
181452,0.5475
181453,0.3375
181454,0.565
181455,0.695
181456,0.5525
181457,0.43
181458,0.645
181459,0.49
181460,0.645
181461,0.5475
181462,0.4825
181463,0.515
181464,0.74
181465,0.37
181466,0.49
181467,0.485
181468,0.5575
181469,0.6
181470,0.4325
181471,0.4575
181472,0.6575
181473,0.3575
181474,0.4075
181475,0.625
181476,0.435
181477,0.4425
181478,0.42
181479,0.4075
181480,0.4725
181481,0.39
181482,0.5825
181483,0.54
181484,0.58
181485,0.5275
181486,0.5225
181487,0.405
181488,0.5475
181489,0.3675
181490,0.435
181491,0.5425
181492,0.515
181493,0.6375
181494,0.485
181495,0.565
181496,0.5225
181497,0.6675
181498,0.495
181499,0.35
181500,0.4825
181501,0.495
181502,0.43
181503,0.4825
181504,0.43
181505,0.465
181506,0.54
181507,0.5625
181508,0.545
181509,0.4525
181510,0.5525
181511,0.6
181512,0.54
181513,0.56
181514,0.4825
181515,0.5475
181516,0.46
181517,0.405
181518,0.4725
181519,0.4325
181520,0.525
181521,0.545
181522,0.485
181523,0.6375
181524,0.535
181525,0.53
181526,0.4725
181527,0.6375
181528,0.535
181529,0.4675
181530,0.5075
181531,0.6525
181532,0.3975
181533,0.4575
181534,0.5925
181535,0.475
181536,0.48
181537,0.43
181538,0.4825
181539,0.6225
181540,0.56
181541,0.4775
181542,0.625
181543,0.3975
181544,0.485
181545,0.5225
181546,0.7
181547,0.7325
181548,0.6525
181549,0.5425
181550,0.46
181551,0.47
181552,0.5475
181553,0.44
181554,0.3725
181555,0.485
181556,0.2725
181557,0.5075
181558,0.6125
181559,0.435
181560,0.4225
181561,0.465
181562,0.5975
181563,0.545
181564,0.4125
181565,0.505
181566,0.4225
181567,0.5875
181568,0.7125
181569,0.4025
181570,0.415
181571,0.5275
181572,0.4675
181573,0.4925
181574,0.3825
181575,0.5425
181576,0.485
181577,0.435
181578,0.675
181579,0.335
181580,0.475
181581,0.5125
181582,0.745
181583,0.605
181584,0.5475
181585,0.44
181586,0.555
181587,0.34
181588,0.6275
181589,0.415
181590,0.545
181591,0.605
181592,0.4975
181593,0.5625
181594,0.5325
181595,0.585
181596,0.4775
181597,0.555
181598,0.4175
181599,0.585
181600,0.44
181601,0.48
181602,0.375
181603,0.52
181604,0.5875
181605,0.455
181606,0.4075
181607,0.3925
181608,0.335
181609,0.5825
181610,0.445
181611,0.425
181612,0.54
181613,0.52
181614,0.46
181615,0.46
181616,0.4375
181617,0.53
181618,0.545
181619,0.635
181620,0.45
181621,0.5975
181622,0.6275
181623,0.5125
181624,0.3925
181625,0.275
181626,0.45
181627,0.66
181628,0.3175
181629,0.555
181630,0.4025
181631,0.5575
181632,0.6
181633,0.5675
181634,0.44
181635,0.4875
181636,0.4575
181637,0.3975
181638,0.5925
181639,0.455
181640,0.6725
181641,0.505
181642,0.445
181643,0.395
181644,0.4525
181645,0.5425
181646,0.375
181647,0.5075
181648,0.4675
181649,0.4375
181650,0.47
181651,0.4275
181652,0.55
181653,0.465
181654,0.5025
181655,0.5475
181656,0.605
181657,0.605
181658,0.4025
181659,0.44
181660,0.575
181661,0.45
181662,0.515
181663,0.5875
181664,0.4525
181665,0.4325
181666,0.43
181667,0.5225
181668,0.47
181669,0.375
181670,0.605
181671,0.475
181672,0.36
181673,0.445
181674,0.4125
181675,0.5275
181676,0.505
181677,0.52
181678,0.5525
181679,0.4625
181680,0.5125
181681,0.65
181682,0.5425
181683,0.72
181684,0.685
181685,0.46
181686,0.4825
181687,0.5
181688,0.4175
181689,0.54
181690,0.41
181691,0.595
181692,0.51
181693,0.4725
181694,0.53
181695,0.48
181696,0.5875
181697,0.4575
181698,0.6075
181699,0.485
181700,0.4775
181701,0.3775
181702,0.4825
181703,0.5
181704,0.445
181705,0.4575
181706,0.6
181707,0.48
181708,0.4925
181709,0.6375
181710,0.4075
181711,0.5675
181712,0.445
181713,0.43
181714,0.6
181715,0.4
181716,0.4125
181717,0.5875
181718,0.465
181719,0.4825
181720,0.4725
181721,0.55
181722,0.655
181723,0.5375
181724,0.4825
181725,0.2975
181726,0.4
181727,0.635
181728,0.4825
181729,0.4175
181730,0.5525
181731,0.545
181732,0.6325
181733,0.3875
181734,0.4725
181735,0.375
181736,0.58
181737,0.4475
181738,0.5
181739,0.5375
181740,0.435
181741,0.4975
181742,0.66
181743,0.5775
181744,0.49
181745,0.535
181746,0.455
181747,0.515
181748,0.6375
181749,0.4725
181750,0.595
181751,0.4025
181752,0.53
181753,0.5875
181754,0.4125
181755,0.3425
181756,0.3675
181757,0.4175
181758,0.4925
181759,0.6
181760,0.605
181761,0.5625
181762,0.7
181763,0.5125
181764,0.55
181765,0.5025
181766,0.465
181767,0.4025
181768,0.47
181769,0.5625
181770,0.5075
181771,0.5075
181772,0.4125
181773,0.49
181774,0.62
181775,0.5525
181776,0.4225
181777,0.54
181778,0.5225
181779,0.405
181780,0.43
181781,0.5725
181782,0.4775
181783,0.5675
181784,0.455
181785,0.47
181786,0.6025
181787,0.5025
181788,0.5925
181789,0.4825
181790,0.5525
181791,0.39
181792,0.5375
181793,0.4825
181794,0.4925
181795,0.54
181796,0.4825
181797,0.7475
181798,0.6475
181799,0.4425
181800,0.4525
181801,0.405
181802,0.52
181803,0.5275
181804,0.53
181805,0.4525
181806,0.525
181807,0.625
181808,0.545
181809,0.545
181810,0.5975
181811,0.6475
181812,0.4275
181813,0.4775
181814,0.4525
181815,0.7375
181816,0.8075
181817,0.475
181818,0.5225
181819,0.6225
181820,0.405
181821,0.46
181822,0.4
181823,0.3575
181824,0.4925
181825,0.4575
181826,0.585
181827,0.4875
181828,0.4225
181829,0.415
181830,0.545
181831,0.5025
181832,0.4575
181833,0.45
181834,0.4375
181835,0.51
181836,0.6825
181837,0.4025
181838,0.3675
181839,0.4175
181840,0.5675
181841,0.5575
181842,0.42
181843,0.585
181844,0.5075
181845,0.415
181846,0.39
181847,0.57
181848,0.48
181849,0.4825
181850,0.435
181851,0.4925
181852,0.6125
181853,0.3925
181854,0.41
181855,0.4525
181856,0.6175
181857,0.455
181858,0.58
181859,0.535
181860,0.57
181861,0.5575
181862,0.5325
181863,0.445
181864,0.435
181865,0.52
181866,0.46
181867,0.425
181868,0.6475
181869,0.5475
181870,0.5525
181871,0.575
181872,0.3975
181873,0.455
181874,0.6525
181875,0.49
181876,0.4
181877,0.455
181878,0.59
181879,0.5125
181880,0.4425
181881,0.4575
181882,0.3825
181883,0.5375
181884,0.43
181885,0.395
181886,0.335
181887,0.5125
181888,0.5525
181889,0.545
181890,0.515
181891,0.6275
181892,0.4
181893,0.55
181894,0.47
181895,0.4625
181896,0.485
181897,0.5575
181898,0.575
181899,0.485
181900,0.3475
181901,0.615
181902,0.3875
181903,0.3875
181904,0.4525
181905,0.54
181906,0.405
181907,0.5475
181908,0.6225
181909,0.515
181910,0.4275
181911,0.4675
181912,0.3525
181913,0.4175
181914,0.5075
181915,0.585
181916,0.4125
181917,0.47
181918,0.47
181919,0.355
181920,0.465
181921,0.4875
181922,0.5325
181923,0.5075
181924,0.4375
181925,0.405
181926,0.405
181927,0.4575
181928,0.6275
181929,0.5125
181930,0.385
181931,0.58
181932,0.44
181933,0.6725
181934,0.4725
181935,0.5375
181936,0.405
181937,0.55
181938,0.5525
181939,0.635
181940,0.3575
181941,0.42
181942,0.475
181943,0.66
181944,0.385
181945,0.545
181946,0.57
181947,0.56
181948,0.6825
181949,0.7125
181950,0.4975
181951,0.555
181952,0.5175
181953,0.49
181954,0.41
181955,0.4725
181956,0.5675
181957,0.39
181958,0.355
181959,0.45
181960,0.3075
181961,0.4525
181962,0.515
181963,0.41
181964,0.535
181965,0.63
181966,0.6275
181967,0.565
181968,0.4075
181969,0.5775
181970,0.495
181971,0.4575
181972,0.4025
181973,0.5875
181974,0.56
181975,0.5825
181976,0.45
181977,0.45
181978,0.45
181979,0.4575
181980,0.4875
181981,0.3575
181982,0.5575
181983,0.4575
181984,0.615
181985,0.5375
181986,0.355
181987,0.4375
181988,0.5125
181989,0.515
181990,0.445
181991,0.365
181992,0.5775
181993,0.515
181994,0.5375
181995,0.565
181996,0.385
181997,0.4375
181998,0.5325
181999,0.51
182000,0.485
182001,0.495
182002,0.6625
182003,0.4825
182004,0.55
182005,0.3825
182006,0.3125
182007,0.515
182008,0.69
182009,0.4125
182010,0.475
182011,0.5575
182012,0.42
182013,0.44
182014,0.5325
182015,0.4225
182016,0.5525
182017,0.55
182018,0.48
182019,0.505
182020,0.385
182021,0.61
182022,0.48
182023,0.435
182024,0.475
182025,0.435
182026,0.5625
182027,0.5075
182028,0.5025
182029,0.71
182030,0.51
182031,0.4
182032,0.5475
182033,0.4325
182034,0.44
182035,0.525
182036,0.4925
182037,0.3525
182038,0.5
182039,0.66
182040,0.6075
182041,0.445
182042,0.5325
182043,0.4475
182044,0.4175
182045,0.4075
182046,0.705
182047,0.5575
182048,0.505
182049,0.3725
182050,0.55
182051,0.64
182052,0.5875
182053,0.335
182054,0.465
182055,0.565
182056,0.7275
182057,0.4
182058,0.5725
182059,0.4775
182060,0.6175
182061,0.4575
182062,0.3125
182063,0.415
182064,0.52
182065,0.395
182066,0.475
182067,0.44
182068,0.57
182069,0.5475
182070,0.5125
182071,0.4225
182072,0.4975
182073,0.4225
182074,0.38
182075,0.5425
182076,0.5025
182077,0.7025
182078,0.4325
182079,0.4275
182080,0.415
182081,0.5225
182082,0.435
182083,0.4425
182084,0.54
182085,0.5425
182086,0.625
182087,0.36
182088,0.5225
182089,0.555
182090,0.5525
182091,0.74
182092,0.2975
182093,0.6075
182094,0.5375
182095,0.565
182096,0.64
182097,0.7275
182098,0.64
182099,0.6475
182100,0.425
182101,0.455
182102,0.655
182103,0.36
182104,0.4825
182105,0.5875
182106,0.6425
182107,0.765
182108,0.465
182109,0.6275
182110,0.46
182111,0.4375
182112,0.4175
182113,0.6625
182114,0.365
182115,0.6275
182116,0.49
182117,0.565
182118,0.71
182119,0.505
182120,0.67
182121,0.4675
182122,0.495
182123,0.395
182124,0.4175
182125,0.4675
182126,0.51
182127,0.56
182128,0.4725
182129,0.515
182130,0.4125
182131,0.455
182132,0.53
182133,0.4775
182134,0.4375
182135,0.45
182136,0.5375
182137,0.53
182138,0.4725
182139,0.7525
182140,0.4775
182141,0.47
182142,0.55
182143,0.5575
182144,0.41
182145,0.6475
182146,0.4075
182147,0.47
182148,0.455
182149,0.4175
182150,0.31
182151,0.565
182152,0.355
182153,0.4175
182154,0.51
182155,0.655
182156,0.5675
182157,0.4425
182158,0.435
182159,0.4025
182160,0.71
182161,0.615
182162,0.495
182163,0.39
182164,0.6
182165,0.435
182166,0.485
182167,0.46
182168,0.5025
182169,0.6275
182170,0.4675
182171,0.605
182172,0.6125
182173,0.3725
182174,0.5025
182175,0.3075
182176,0.3675
182177,0.5175
182178,0.475
182179,0.495
182180,0.4325
182181,0.5575
182182,0.475
182183,0.48
182184,0.395
182185,0.585
182186,0.44
182187,0.39
182188,0.6925
182189,0.445
182190,0.4775
182191,0.345
182192,0.3925
182193,0.585
182194,0.315
182195,0.5875
182196,0.39
182197,0.575
182198,0.4075
182199,0.6
182200,0.6125
182201,0.5625
182202,0.5925
182203,0.425
182204,0.42
182205,0.5675
182206,0.51
182207,0.34
182208,0.6375
182209,0.4625
182210,0.445
182211,0.3875
182212,0.58
182213,0.51
182214,0.4275
182215,0.5225
182216,0.3925
182217,0.4425
182218,0.5475
182219,0.475
182220,0.5025
182221,0.4875
182222,0.6475
182223,0.51
182224,0.3725
182225,0.525
182226,0.4825
182227,0.5725
182228,0.435
182229,0.6575
182230,0.4625
182231,0.48
182232,0.5175
182233,0.3825
182234,0.4525
182235,0.465
182236,0.5075
182237,0.6275
182238,0.4675
182239,0.505
182240,0.5325
182241,0.55
182242,0.53
182243,0.47
182244,0.4375
182245,0.5825
182246,0.4975
182247,0.4775
182248,0.48
182249,0.4575
182250,0.5425
182251,0.6625
182252,0.475
182253,0.3675
182254,0.545
182255,0.385
182256,0.7175
182257,0.465
182258,0.575
182259,0.4575
182260,0.6275
182261,0.5975
182262,0.4725
182263,0.4125
182264,0.6
182265,0.6775
182266,0.4325
182267,0.605
182268,0.4125
182269,0.4225
182270,0.5025
182271,0.56
182272,0.5575
182273,0.385
182274,0.6075
182275,0.47
182276,0.56
182277,0.6225
182278,0.3975
182279,0.4175
182280,0.64
182281,0.46
182282,0.5525
182283,0.4725
182284,0.435
182285,0.56
182286,0.625
182287,0.4675
182288,0.4475
182289,0.36
182290,0.6075
182291,0.33
182292,0.4875
182293,0.755
182294,0.45
182295,0.5975
182296,0.6725
182297,0.5675
182298,0.475
182299,0.5375
182300,0.545
182301,0.58
182302,0.55
182303,0.5125
182304,0.5925
182305,0.37
182306,0.4125
182307,0.5175
182308,0.47
182309,0.675
182310,0.4175
182311,0.54
182312,0.4975
182313,0.645
182314,0.4325
182315,0.435
182316,0.375
182317,0.725
182318,0.65
182319,0.4475
182320,0.5025
182321,0.68
182322,0.47
182323,0.4975
182324,0.46
182325,0.4275
182326,0.39
182327,0.4725
182328,0.3875
182329,0.56
182330,0.6625
182331,0.395
182332,0.4625
182333,0.365
182334,0.4625
182335,0.6025
182336,0.39
182337,0.45
182338,0.535
182339,0.5425
182340,0.4675
182341,0.55
182342,0.6875
182343,0.5175
182344,0.66
182345,0.42
182346,0.5
182347,0.485
182348,0.4725
182349,0.36
182350,0.5075
182351,0.6675
182352,0.4325
182353,0.5475
182354,0.5
182355,0.42
182356,0.55
182357,0.4175
182358,0.4725
182359,0.5975
182360,0.58
182361,0.3925
182362,0.4825
182363,0.515
182364,0.4675
182365,0.5525
182366,0.455
182367,0.5425
182368,0.4
182369,0.67
182370,0.4725
182371,0.6025
182372,0.51
182373,0.4225
182374,0.5525
182375,0.4825
182376,0.4175
182377,0.485
182378,0.435
182379,0.4325
182380,0.445
182381,0.43
182382,0.55
182383,0.5075
182384,0.445
182385,0.495
182386,0.4025
182387,0.4625
182388,0.615
182389,0.6425
182390,0.4975
182391,0.4925
182392,0.615
182393,0.635
182394,0.4775
182395,0.3075
182396,0.46
182397,0.4025
182398,0.58
182399,0.435
182400,0.56
182401,0.6625
182402,0.4425
182403,0.545
182404,0.57
182405,0.4625
182406,0.4575
182407,0.5025
182408,0.4775
182409,0.425
182410,0.49
182411,0.39
182412,0.4375
182413,0.4525
182414,0.425
182415,0.4225
182416,0.4925
182417,0.5325
182418,0.6125
182419,0.41
182420,0.54
182421,0.5575
182422,0.42
182423,0.4225
182424,0.535
182425,0.5675
182426,0.7025
182427,0.375
182428,0.4425
182429,0.3575
182430,0.4175
182431,0.555
182432,0.4875
182433,0.47
182434,0.46
182435,0.4225
182436,0.4975
182437,0.3675
182438,0.465
182439,0.415
182440,0.73
182441,0.52
182442,0.505
182443,0.5875
182444,0.55
182445,0.5075
182446,0.3675
182447,0.3975
182448,0.58
182449,0.5
182450,0.43
182451,0.495
182452,0.5925
182453,0.435
182454,0.455
182455,0.5275
182456,0.655
182457,0.685
182458,0.5925
182459,0.4
182460,0.69
182461,0.44
182462,0.4675
182463,0.455
182464,0.46
182465,0.48
182466,0.4825
182467,0.4225
182468,0.5
182469,0.6325
182470,0.63
182471,0.3225
182472,0.7175
182473,0.535
182474,0.6125
182475,0.555
182476,0.4975
182477,0.425
182478,0.325
182479,0.5675
182480,0.615
182481,0.52
182482,0.485
182483,0.6175
182484,0.42
182485,0.445
182486,0.445
182487,0.485
182488,0.56
182489,0.4775
182490,0.3025
182491,0.5025
182492,0.585
182493,0.465
182494,0.41
182495,0.41
182496,0.545
182497,0.3775
182498,0.4175
182499,0.46
182500,0.4675
182501,0.4025
182502,0.635
182503,0.5675
182504,0.5175
182505,0.4675
182506,0.57
182507,0.3675
182508,0.455
182509,0.425
182510,0.5
182511,0.445
182512,0.53
182513,0.56
182514,0.4675
182515,0.36
182516,0.455
182517,0.63
182518,0.5225
182519,0.4325
182520,0.55
182521,0.3225
182522,0.5775
182523,0.54
182524,0.455
182525,0.5125
182526,0.4175
182527,0.39
182528,0.5425
182529,0.445
182530,0.4625
182531,0.43
182532,0.6
182533,0.5875
182534,0.645
182535,0.6675
182536,0.4925
182537,0.3725
182538,0.4975
182539,0.5075
182540,0.4275
182541,0.4275
182542,0.3875
182543,0.3525
182544,0.5775
182545,0.545
182546,0.545
182547,0.5025
182548,0.41
182549,0.5675
182550,0.57
182551,0.3825
182552,0.455
182553,0.4825
182554,0.5375
182555,0.5525
182556,0.45
182557,0.39
182558,0.5075
182559,0.57
182560,0.5375
182561,0.585
182562,0.5675
182563,0.3925
182564,0.4425
182565,0.5725
182566,0.565
182567,0.3875
182568,0.4225
182569,0.505
182570,0.5375
182571,0.49
182572,0.495
182573,0.3875
182574,0.4575
182575,0.6075
182576,0.6575
182577,0.5225
182578,0.55
182579,0.47
182580,0.5575
182581,0.535
182582,0.555
182583,0.4375
182584,0.5525
182585,0.375
182586,0.39
182587,0.3975
182588,0.4375
182589,0.57
182590,0.54
182591,0.445
182592,0.38
182593,0.7375
182594,0.5025
182595,0.705
182596,0.5625
182597,0.49
182598,0.46
182599,0.35
182600,0.335
182601,0.5475
182602,0.47
182603,0.51
182604,0.49
182605,0.4725
182606,0.5475
182607,0.7325
182608,0.64
182609,0.565
182610,0.47
182611,0.39
182612,0.54
182613,0.5125
182614,0.4025
182615,0.7525
182616,0.4975
182617,0.4625
182618,0.4625
182619,0.4925
182620,0.4525
182621,0.525
182622,0.46
182623,0.3775
182624,0.6625
182625,0.4975
182626,0.655
182627,0.52
182628,0.4225
182629,0.565
182630,0.505
182631,0.3725
182632,0.43
182633,0.6025
182634,0.4825
182635,0.475
182636,0.615
182637,0.395
182638,0.5375
182639,0.275
182640,0.3375
182641,0.4175
182642,0.5075
182643,0.58
182644,0.5325
182645,0.47
182646,0.5525
182647,0.5625
182648,0.65
182649,0.4175
182650,0.44
182651,0.4875
182652,0.4575
182653,0.5
182654,0.415
182655,0.5425
182656,0.53
182657,0.69
182658,0.4475
182659,0.3075
182660,0.3175
182661,0.5025
182662,0.4
182663,0.595
182664,0.65
182665,0.71
182666,0.5225
182667,0.4425
182668,0.5225
182669,0.5125
182670,0.3775
182671,0.5725
182672,0.44
182673,0.4875
182674,0.4
182675,0.495
182676,0.4425
182677,0.6475
182678,0.4975
182679,0.4775
182680,0.5175
182681,0.3725
182682,0.48
182683,0.565
182684,0.4775
182685,0.4575
182686,0.3425
182687,0.455
182688,0.555
182689,0.3625
182690,0.545
182691,0.59
182692,0.355
182693,0.66
182694,0.6
182695,0.5225
182696,0.3
182697,0.345
182698,0.56
182699,0.5925
182700,0.4125
182701,0.465
182702,0.5125
182703,0.4525
182704,0.69
182705,0.58
182706,0.4525
182707,0.5175
182708,0.345
182709,0.54
182710,0.5925
182711,0.6425
182712,0.6025
182713,0.55
182714,0.465
182715,0.645
182716,0.49
182717,0.47
182718,0.4775
182719,0.58
182720,0.4225
182721,0.3525
182722,0.345
182723,0.425
182724,0.4975
182725,0.5675
182726,0.455
182727,0.36
182728,0.3675
182729,0.505
182730,0.405
182731,0.42
182732,0.5825
182733,0.55
182734,0.425
182735,0.5375
182736,0.5825
182737,0.5525
182738,0.47
182739,0.65
182740,0.4975
182741,0.625
182742,0.41
182743,0.4725
182744,0.4625
182745,0.5125
182746,0.4525
182747,0.375
182748,0.4175
182749,0.545
182750,0.4375
182751,0.45
182752,0.5475
182753,0.57
182754,0.4275
182755,0.695
182756,0.64
182757,0.5675
182758,0.4775
182759,0.44
182760,0.4775
182761,0.5075
182762,0.525
182763,0.4075
182764,0.5175
182765,0.4125
182766,0.5275
182767,0.3625
182768,0.5025
182769,0.58
182770,0.4525
182771,0.3825
182772,0.46
182773,0.3525
182774,0.225
182775,0.5025
182776,0.405
182777,0.57
182778,0.525
182779,0.3525
182780,0.5375
182781,0.5425
182782,0.3625
182783,0.39
182784,0.5825
182785,0.47
182786,0.52
182787,0.49
182788,0.7025
182789,0.6825
182790,0.76
182791,0.5975
182792,0.4975
182793,0.445
182794,0.52
182795,0.5575
182796,0.255
182797,0.535
182798,0.5675
182799,0.67
182800,0.5875
182801,0.3825
182802,0.4325
182803,0.39
182804,0.4475
182805,0.5325
182806,0.45
182807,0.585
182808,0.4375
182809,0.57
182810,0.3525
182811,0.56
182812,0.4925
182813,0.65
182814,0.545
182815,0.4625
182816,0.43
182817,0.5625
182818,0.575
182819,0.4075
182820,0.47
182821,0.58
182822,0.49
182823,0.6475
182824,0.4725
182825,0.6375
182826,0.43
182827,0.415
182828,0.4225
182829,0.56
182830,0.445
182831,0.4375
182832,0.4275
182833,0.4525
182834,0.51
182835,0.5325
182836,0.53
182837,0.4875
182838,0.4725
182839,0.4125
182840,0.4825
182841,0.42
182842,0.45
182843,0.5525
182844,0.51
182845,0.4125
182846,0.485
182847,0.32
182848,0.4325
182849,0.525
182850,0.535
182851,0.455
182852,0.4825
182853,0.4675
182854,0.4375
182855,0.455
182856,0.3825
182857,0.645
182858,0.475
182859,0.28
182860,0.6075
182861,0.49
182862,0.475
182863,0.43
182864,0.5375
182865,0.52
182866,0.42
182867,0.5275
182868,0.5825
182869,0.6675
182870,0.4825
182871,0.455
182872,0.4225
182873,0.6175
182874,0.485
182875,0.4625
182876,0.5175
182877,0.3725
182878,0.5475
182879,0.7225
182880,0.675
182881,0.6
182882,0.5725
182883,0.48
182884,0.42
182885,0.3275
182886,0.5475
182887,0.495
182888,0.445
182889,0.425
182890,0.4575
182891,0.5825
182892,0.5525
182893,0.5325
182894,0.435
182895,0.5775
182896,0.3125
182897,0.5525
182898,0.4225
182899,0.5525
182900,0.46
182901,0.575
182902,0.5675
182903,0.5225
182904,0.4725
182905,0.4475
182906,0.43
182907,0.5125
182908,0.425
182909,0.63
182910,0.5025
182911,0.4425
182912,0.4875
182913,0.4825
182914,0.42
182915,0.615
182916,0.6575
182917,0.4075
182918,0.5075
182919,0.645
182920,0.485
182921,0.3925
182922,0.4425
182923,0.5125
182924,0.4675
182925,0.43
182926,0.5
182927,0.5925
182928,0.5325
182929,0.455
182930,0.3925
182931,0.565
182932,0.315
182933,0.4575
182934,0.5125
182935,0.4575
182936,0.54
182937,0.5375
182938,0.4675
182939,0.5825
182940,0.4575
182941,0.37
182942,0.735
182943,0.55
182944,0.45
182945,0.4825
182946,0.335
182947,0.635
182948,0.5575
182949,0.525
182950,0.3575
182951,0.5675
182952,0.5375
182953,0.5325
182954,0.5125
182955,0.6475
182956,0.4875
182957,0.435
182958,0.505
182959,0.585
182960,0.685
182961,0.7125
182962,0.6225
182963,0.595
182964,0.525
182965,0.535
182966,0.5575
182967,0.655
182968,0.7275
182969,0.5425
182970,0.5175
182971,0.4475
182972,0.3675
182973,0.52
182974,0.595
182975,0.525
182976,0.615
182977,0.5225
182978,0.4525
182979,0.5575
182980,0.6325
182981,0.45
182982,0.645
182983,0.57
182984,0.3925
182985,0.5625
182986,0.5125
182987,0.57
182988,0.4325
182989,0.6025
182990,0.7025
182991,0.3125
182992,0.5
182993,0.5475
182994,0.4025
182995,0.5875
182996,0.5975
182997,0.4375
182998,0.5275
182999,0.495
183000,0.61
183001,0.555
183002,0.4675
183003,0.49
183004,0.4575
183005,0.39
183006,0.5675
183007,0.4525
183008,0.49
183009,0.4425
183010,0.57
183011,0.495
183012,0.7275
183013,0.445
183014,0.44
183015,0.57
183016,0.4775
183017,0.5625
183018,0.5125
183019,0.415
183020,0.34
183021,0.605
183022,0.42
183023,0.555
183024,0.54
183025,0.55
183026,0.41
183027,0.5725
183028,0.5275
183029,0.4525
183030,0.535
183031,0.4225
183032,0.49
183033,0.5
183034,0.405
183035,0.4825
183036,0.495
183037,0.445
183038,0.4075
183039,0.5725
183040,0.33
183041,0.68
183042,0.385
183043,0.4925
183044,0.5175
183045,0.48
183046,0.6425
183047,0.43
183048,0.465
183049,0.6675
183050,0.4575
183051,0.385
183052,0.48
183053,0.4675
183054,0.53
183055,0.4725
183056,0.445
183057,0.5775
183058,0.695
183059,0.3775
183060,0.5275
183061,0.52
183062,0.33
183063,0.445
183064,0.5375
183065,0.525
183066,0.615
183067,0.6325
183068,0.645
183069,0.68
183070,0.5075
183071,0.3675
183072,0.5375
183073,0.44
183074,0.4025
183075,0.335
183076,0.38
183077,0.465
183078,0.615
183079,0.4375
183080,0.5125
183081,0.43
183082,0.4875
183083,0.575
183084,0.4475
183085,0.4775
183086,0.465
183087,0.34
183088,0.46
183089,0.46
183090,0.4825
183091,0.5475
183092,0.5225
183093,0.6575
183094,0.6825
183095,0.5825
183096,0.485
183097,0.5175
183098,0.5975
183099,0.51
183100,0.5525
183101,0.4225
183102,0.6725
183103,0.6175
183104,0.44
183105,0.6025
183106,0.4225
183107,0.46
183108,0.6075
183109,0.61
183110,0.3775
183111,0.485
183112,0.5125
183113,0.51
183114,0.46
183115,0.425
183116,0.4875
183117,0.625
183118,0.3925
183119,0.625
183120,0.5
183121,0.525
183122,0.3
183123,0.595
183124,0.5175
183125,0.485
183126,0.48
183127,0.565
183128,0.41
183129,0.5125
183130,0.4025
183131,0.4475
183132,0.5575
183133,0.43
183134,0.5425
183135,0.5175
183136,0.54
183137,0.6975
183138,0.395
183139,0.5275
183140,0.59
183141,0.45
183142,0.595
183143,0.58
183144,0.45
183145,0.67
183146,0.4875
183147,0.515
183148,0.49
183149,0.4625
183150,0.54
183151,0.5225
183152,0.465
183153,0.4575
183154,0.3775
183155,0.6125
183156,0.4575
183157,0.36
183158,0.37
183159,0.4375
183160,0.4825
183161,0.4225
183162,0.6325
183163,0.5575
183164,0.5525
183165,0.4675
183166,0.565
183167,0.3875
183168,0.45
183169,0.5575
183170,0.535
183171,0.625
183172,0.49
183173,0.4425
183174,0.39
183175,0.3775
183176,0.54
183177,0.6525
183178,0.425
183179,0.52
183180,0.5575
183181,0.4925
183182,0.4925
183183,0.5625
183184,0.625
183185,0.535
183186,0.61
183187,0.4675
183188,0.4375
183189,0.3125
183190,0.4225
183191,0.4225
183192,0.4525
183193,0.435
183194,0.505
183195,0.41
183196,0.4125
183197,0.5025
183198,0.3625
183199,0.5675
183200,0.7125
183201,0.5575
183202,0.5725
183203,0.6425
183204,0.535
183205,0.5
183206,0.46
183207,0.5225
183208,0.4075
183209,0.505
183210,0.545
183211,0.66
183212,0.3675
183213,0.5175
183214,0.575
183215,0.48
183216,0.5375
183217,0.5
183218,0.61
183219,0.555
183220,0.46
183221,0.675
183222,0.43
183223,0.425
183224,0.4975
183225,0.4075
183226,0.56
183227,0.575
183228,0.5575
183229,0.4425
183230,0.415
183231,0.39
183232,0.485
183233,0.5625
183234,0.535
183235,0.4875
183236,0.3275
183237,0.44
183238,0.485
183239,0.4775
183240,0.555
183241,0.6275
183242,0.4775
183243,0.46
183244,0.495
183245,0.47
183246,0.435
183247,0.355
183248,0.4225
183249,0.5875
183250,0.3975
183251,0.485
183252,0.515
183253,0.57
183254,0.53
183255,0.315
183256,0.56
183257,0.5175
183258,0.6625
183259,0.4025
183260,0.64
183261,0.6425
183262,0.4625
183263,0.4575
183264,0.515
183265,0.44
183266,0.4525
183267,0.4775
183268,0.53
183269,0.515
183270,0.54
183271,0.37
183272,0.4175
183273,0.415
183274,0.4475
183275,0.6125
183276,0.4525
183277,0.3625
183278,0.5225
183279,0.455
183280,0.525
183281,0.4475
183282,0.4125
183283,0.5125
183284,0.51
183285,0.4125
183286,0.435
183287,0.3875
183288,0.4925
183289,0.585
183290,0.4825
183291,0.4825
183292,0.4225
183293,0.5325
183294,0.53
183295,0.695
183296,0.5125
183297,0.625
183298,0.52
183299,0.5525
183300,0.2875
183301,0.465
183302,0.45
183303,0.3925
183304,0.53
183305,0.4525
183306,0.3875
183307,0.4925
183308,0.6975
183309,0.625
183310,0.3525
183311,0.75
183312,0.4225
183313,0.48
183314,0.6125
183315,0.5275
183316,0.6575
183317,0.4475
183318,0.8325
183319,0.5475
183320,0.6275
183321,0.5475
183322,0.36
183323,0.5875
183324,0.455
183325,0.695
183326,0.555
183327,0.365
183328,0.5625
183329,0.585
183330,0.3875
183331,0.47
183332,0.4825
183333,0.4825
183334,0.5675
183335,0.4525
183336,0.41
183337,0.595
183338,0.38
183339,0.5075
183340,0.5975
183341,0.38
183342,0.445
183343,0.5025
183344,0.4275
183345,0.4725
183346,0.455
183347,0.5925
183348,0.56
183349,0.4575
183350,0.5375
183351,0.5725
183352,0.4575
183353,0.3875
183354,0.4675
183355,0.5
183356,0.5125
183357,0.38
183358,0.4975
183359,0.5775
183360,0.4775
183361,0.5125
183362,0.4625
183363,0.6225
183364,0.55
183365,0.6925
183366,0.3675
183367,0.445
183368,0.4
183369,0.4675
183370,0.5075
183371,0.4675
183372,0.555
183373,0.62
183374,0.26
183375,0.3975
183376,0.5225
183377,0.52
183378,0.4375
183379,0.42
183380,0.6275
183381,0.4175
183382,0.395
183383,0.5325
183384,0.5125
183385,0.4725
183386,0.6275
183387,0.5125
183388,0.4275
183389,0.535
183390,0.495
183391,0.465
183392,0.4275
183393,0.5475
183394,0.415
183395,0.4175
183396,0.4575
183397,0.505
183398,0.4025
183399,0.4525
183400,0.45
183401,0.355
183402,0.4525
183403,0.7175
183404,0.695
183405,0.38
183406,0.335
183407,0.5725
183408,0.5375
183409,0.43
183410,0.3975
183411,0.6775
183412,0.415
183413,0.53
183414,0.495
183415,0.485
183416,0.4075
183417,0.4875
183418,0.5725
183419,0.54
183420,0.4425
183421,0.4575
183422,0.375
183423,0.51
183424,0.4625
183425,0.35
183426,0.5125
183427,0.455
183428,0.4875
183429,0.4825
183430,0.3625
183431,0.55
183432,0.37
183433,0.6425
183434,0.47
183435,0.45
183436,0.4225
183437,0.415
183438,0.5975
183439,0.5075
183440,0.48
183441,0.52
183442,0.3975
183443,0.63
183444,0.415
183445,0.5225
183446,0.5225
183447,0.3725
183448,0.3825
183449,0.6125
183450,0.595
183451,0.4525
183452,0.4825
183453,0.3725
183454,0.4275
183455,0.5675
183456,0.4025
183457,0.435
183458,0.485
183459,0.5175
183460,0.4675
183461,0.3875
183462,0.4275
183463,0.29
183464,0.415
183465,0.3725
183466,0.435
183467,0.605
183468,0.6825
183469,0.4675
183470,0.4025
183471,0.455
183472,0.4675
183473,0.455
183474,0.4325
183475,0.6475
183476,0.6075
183477,0.3975
183478,0.44
183479,0.53
183480,0.65
183481,0.4775
183482,0.565
183483,0.53
183484,0.7225
183485,0.6525
183486,0.39
183487,0.6125
183488,0.4875
183489,0.6075
183490,0.48
183491,0.4675
183492,0.4675
183493,0.4075
183494,0.54
183495,0.43
183496,0.3725
183497,0.375
183498,0.4025
183499,0.575
183500,0.5125
183501,0.4775
183502,0.4175
183503,0.7225
183504,0.5625
183505,0.445
183506,0.4525
183507,0.655
183508,0.5225
183509,0.47
183510,0.57
183511,0.5475
183512,0.49
183513,0.6725
183514,0.515
183515,0.465
183516,0.5725
183517,0.655
183518,0.4425
183519,0.6975
183520,0.4825
183521,0.44
183522,0.63
183523,0.5075
183524,0.4075
183525,0.4025
183526,0.3975
183527,0.595
183528,0.5325
183529,0.545
183530,0.715
183531,0.385
183532,0.46
183533,0.52
183534,0.675
183535,0.4775
183536,0.5775
183537,0.4625
183538,0.5
183539,0.4075
183540,0.535
183541,0.4075
183542,0.5275
183543,0.55
183544,0.4725
183545,0.5
183546,0.575
183547,0.5075
183548,0.5
183549,0.5125
183550,0.7275
183551,0.4225
183552,0.475
183553,0.6525
183554,0.395
183555,0.665
183556,0.4225
183557,0.555
183558,0.495
183559,0.46
183560,0.48
183561,0.4425
183562,0.5375
183563,0.51
183564,0.5875
183565,0.625
183566,0.5775
183567,0.285
183568,0.4675
183569,0.5175
183570,0.5725
183571,0.58
183572,0.5175
183573,0.5325
183574,0.4025
183575,0.41
183576,0.3975
183577,0.455
183578,0.4025
183579,0.665
183580,0.6175
183581,0.75
183582,0.4975
183583,0.405
183584,0.5175
183585,0.4275
183586,0.405
183587,0.375
183588,0.5175
183589,0.6125
183590,0.395
183591,0.6225
183592,0.405
183593,0.435
183594,0.3725
183595,0.38
183596,0.425
183597,0.5275
183598,0.4625
183599,0.59
183600,0.5575
183601,0.555
183602,0.49
183603,0.42
183604,0.4725
183605,0.4125
183606,0.4925
183607,0.515
183608,0.38
183609,0.43
183610,0.5625
183611,0.5275
183612,0.6975
183613,0.4725
183614,0.43
183615,0.385
183616,0.4625
183617,0.44
183618,0.6075
183619,0.4225
183620,0.4575
183621,0.695
183622,0.3925
183623,0.48
183624,0.53
183625,0.4725
183626,0.5725
183627,0.4375
183628,0.72
183629,0.5275
183630,0.4875
183631,0.6925
183632,0.4075
183633,0.5425
183634,0.4925
183635,0.575
183636,0.475
183637,0.5
183638,0.44
183639,0.5
183640,0.475
183641,0.4175
183642,0.425
183643,0.475
183644,0.4875
183645,0.4225
183646,0.48
183647,0.4275
183648,0.6725
183649,0.62
183650,0.51
183651,0.4725
183652,0.4675
183653,0.5325
183654,0.5975
183655,0.58
183656,0.4075
183657,0.6375
183658,0.48
183659,0.65
183660,0.375
183661,0.6225
183662,0.4825
183663,0.505
183664,0.4325
183665,0.4125
183666,0.495
183667,0.405
183668,0.475
183669,0.6025
183670,0.4975
183671,0.3
183672,0.3275
183673,0.585
183674,0.655
183675,0.5125
183676,0.575
183677,0.7075
183678,0.4375
183679,0.4375
183680,0.47
183681,0.3825
183682,0.615
183683,0.525
183684,0.5175
183685,0.495
183686,0.51
183687,0.535
183688,0.57
183689,0.51
183690,0.435
183691,0.5
183692,0.52
183693,0.64
183694,0.68
183695,0.3025
183696,0.49
183697,0.4625
183698,0.6225
183699,0.495
183700,0.6825
183701,0.5675
183702,0.6325
183703,0.3625
183704,0.6575
183705,0.59
183706,0.56
183707,0.54
183708,0.5175
183709,0.4975
183710,0.375
183711,0.37
183712,0.455
183713,0.6525
183714,0.4375
183715,0.37
183716,0.4875
183717,0.64
183718,0.5175
183719,0.5175
183720,0.3175
183721,0.4
183722,0.5725
183723,0.41
183724,0.48
183725,0.4175
183726,0.395
183727,0.3125
183728,0.4475
183729,0.5325
183730,0.4325
183731,0.47
183732,0.515
183733,0.375
183734,0.69
183735,0.4525
183736,0.4175
183737,0.5
183738,0.5475
183739,0.5075
183740,0.3375
183741,0.48
183742,0.665
183743,0.535
183744,0.5175
183745,0.66
183746,0.6775
183747,0.425
183748,0.545
183749,0.395
183750,0.5825
183751,0.5125
183752,0.495
183753,0.51
183754,0.425
183755,0.315
183756,0.3825
183757,0.4925
183758,0.42
183759,0.5175
183760,0.5275
183761,0.35
183762,0.65
183763,0.415
183764,0.3725
183765,0.5
183766,0.5775
183767,0.375
183768,0.5275
183769,0.3875
183770,0.4025
183771,0.6125
183772,0.465
183773,0.4725
183774,0.44
183775,0.66
183776,0.4125
183777,0.4
183778,0.445
183779,0.4425
183780,0.415
183781,0.41
183782,0.3325
183783,0.495
183784,0.5975
183785,0.4
183786,0.32
183787,0.43
183788,0.515
183789,0.4425
183790,0.655
183791,0.42
183792,0.49
183793,0.6775
183794,0.4775
183795,0.525
183796,0.475
183797,0.385
183798,0.28
183799,0.3925
183800,0.4175
183801,0.4825
183802,0.51
183803,0.5125
183804,0.5475
183805,0.475
183806,0.61
183807,0.48
183808,0.6075
183809,0.46
183810,0.4425
183811,0.4675
183812,0.3275
183813,0.5575
183814,0.525
183815,0.5925
183816,0.525
183817,0.525
183818,0.585
183819,0.535
183820,0.6425
183821,0.6175
183822,0.5
183823,0.6575
183824,0.4725
183825,0.465
183826,0.4675
183827,0.655
183828,0.3625
183829,0.5725
183830,0.4425
183831,0.495
183832,0.5125
183833,0.4925
183834,0.435
183835,0.5025
183836,0.52
183837,0.4225
183838,0.4225
183839,0.49
183840,0.59
183841,0.4975
183842,0.59
183843,0.4575
183844,0.435
183845,0.45
183846,0.6075
183847,0.275
183848,0.33
183849,0.5175
183850,0.3775
183851,0.5575
183852,0.5875
183853,0.465
183854,0.51
183855,0.515
183856,0.4475
183857,0.4575
183858,0.415
183859,0.58
183860,0.445
183861,0.55
183862,0.46
183863,0.5125
183864,0.445
183865,0.5825
183866,0.58
183867,0.54
183868,0.6175
183869,0.3975
183870,0.455
183871,0.565
183872,0.6475
183873,0.5975
183874,0.6375
183875,0.3375
183876,0.495
183877,0.485
183878,0.5775
183879,0.6175
183880,0.62
183881,0.495
183882,0.49
183883,0.5475
183884,0.6725
183885,0.4275
183886,0.47
183887,0.4775
183888,0.4375
183889,0.5975
183890,0.5225
183891,0.505
183892,0.4225
183893,0.3675
183894,0.5525
183895,0.425
183896,0.3825
183897,0.43
183898,0.46
183899,0.4475
183900,0.56
183901,0.57
183902,0.5475
183903,0.5025
183904,0.4825
183905,0.6125
183906,0.615
183907,0.4375
183908,0.38
183909,0.575
183910,0.4875
183911,0.5025
183912,0.5675
183913,0.475
183914,0.4425
183915,0.4225
183916,0.4875
183917,0.6275
183918,0.61
183919,0.4925
183920,0.3925
183921,0.4275
183922,0.455
183923,0.3625
183924,0.4
183925,0.335
183926,0.4975
183927,0.4325
183928,0.505
183929,0.4525
183930,0.6125
183931,0.405
183932,0.5225
183933,0.45
183934,0.4875
183935,0.485
183936,0.4475
183937,0.4725
183938,0.3625
183939,0.495
183940,0.52
183941,0.4525
183942,0.505
183943,0.5525
183944,0.525
183945,0.4075
183946,0.515
183947,0.7025
183948,0.57
183949,0.5375
183950,0.645
183951,0.475
183952,0.5
183953,0.545
183954,0.5325
183955,0.4975
183956,0.4625
183957,0.5325
183958,0.5525
183959,0.635
183960,0.45
183961,0.61
183962,0.56
183963,0.4675
183964,0.4625
183965,0.585
183966,0.42
183967,0.3825
183968,0.4225
183969,0.425
183970,0.555
183971,0.655
183972,0.51
183973,0.4225
183974,0.4225
183975,0.33
183976,0.455
183977,0.5825
183978,0.4675
183979,0.415
183980,0.5175
183981,0.595
183982,0.4
183983,0.4825
183984,0.5925
183985,0.5575
183986,0.3525
183987,0.4275
183988,0.5325
183989,0.5425
183990,0.545
183991,0.5525
183992,0.5075
183993,0.4675
183994,0.4375
183995,0.535
183996,0.4225
183997,0.3325
183998,0.5
183999,0.54
184000,0.4925
184001,0.475
184002,0.4775
184003,0.49
184004,0.4575
184005,0.6975
184006,0.625
184007,0.415
184008,0.315
184009,0.535
184010,0.3625
184011,0.4775
184012,0.5925
184013,0.24
184014,0.4025
184015,0.43
184016,0.4625
184017,0.425
184018,0.4375
184019,0.435
184020,0.3525
184021,0.52
184022,0.4675
184023,0.45
184024,0.4
184025,0.545
184026,0.4975
184027,0.49
184028,0.585
184029,0.425
184030,0.405
184031,0.5275
184032,0.5975
184033,0.47
184034,0.52
184035,0.3625
184036,0.425
184037,0.5075
184038,0.6325
184039,0.54
184040,0.455
184041,0.375
184042,0.415
184043,0.575
184044,0.4275
184045,0.4675
184046,0.455
184047,0.6
184048,0.7075
184049,0.45
184050,0.35
184051,0.42
184052,0.485
184053,0.515
184054,0.45
184055,0.3975
184056,0.4725
184057,0.62
184058,0.5125
184059,0.52
184060,0.465
184061,0.4825
184062,0.52
184063,0.4125
184064,0.525
184065,0.48
184066,0.335
184067,0.3525
184068,0.3775
184069,0.3575
184070,0.45
184071,0.545
184072,0.425
184073,0.47
184074,0.655
184075,0.485
184076,0.4375
184077,0.4525
184078,0.5225
184079,0.5075
184080,0.6325
184081,0.545
184082,0.5
184083,0.43
184084,0.3325
184085,0.4275
184086,0.45
184087,0.54
184088,0.5875
184089,0.5375
184090,0.5625
184091,0.5175
184092,0.5025
184093,0.3825
184094,0.7375
184095,0.5575
184096,0.6775
184097,0.42
184098,0.5775
184099,0.5325
184100,0.4325
184101,0.46
184102,0.65
184103,0.595
184104,0.65
184105,0.3825
184106,0.495
184107,0.7775
184108,0.43
184109,0.495
184110,0.41
184111,0.44
184112,0.48
184113,0.4325
184114,0.6375
184115,0.46
184116,0.4325
184117,0.42
184118,0.3625
184119,0.3825
184120,0.4075
184121,0.4575
184122,0.5925
184123,0.5225
184124,0.3675
184125,0.48
184126,0.525
184127,0.7175
184128,0.4175
184129,0.4725
184130,0.6275
184131,0.41
184132,0.5225
184133,0.5675
184134,0.4925
184135,0.565
184136,0.5975
184137,0.375
184138,0.5875
184139,0.4425
184140,0.4825
184141,0.5425
184142,0.4175
184143,0.53
184144,0.38
184145,0.4075
184146,0.5975
184147,0.6125
184148,0.405
184149,0.4475
184150,0.4025
184151,0.71
184152,0.495
184153,0.58
184154,0.3925
184155,0.47
184156,0.6225
184157,0.475
184158,0.635
184159,0.3375
184160,0.46
184161,0.5125
184162,0.47
184163,0.7525
184164,0.4675
184165,0.6475
184166,0.5575
184167,0.5375
184168,0.4025
184169,0.4825
184170,0.4325
184171,0.465
184172,0.4525
184173,0.625
184174,0.6025
184175,0.615
184176,0.5
184177,0.6025
184178,0.7175
184179,0.5425
184180,0.4675
184181,0.4275
184182,0.4875
184183,0.48
184184,0.485
184185,0.4275
184186,0.49
184187,0.4875
184188,0.465
184189,0.4
184190,0.5525
184191,0.48
184192,0.4675
184193,0.4275
184194,0.3725
184195,0.46
184196,0.415
184197,0.47
184198,0.475
184199,0.5275
184200,0.4425
184201,0.425
184202,0.6625
184203,0.4
184204,0.4825
184205,0.4975
184206,0.585
184207,0.5075
184208,0.6275
184209,0.36
184210,0.49
184211,0.355
184212,0.465
184213,0.605
184214,0.415
184215,0.465
184216,0.535
184217,0.4175
184218,0.495
184219,0.4775
184220,0.4625
184221,0.5625
184222,0.46
184223,0.635
184224,0.4425
184225,0.475
184226,0.47
184227,0.345
184228,0.3925
184229,0.5775
184230,0.5575
184231,0.66
184232,0.4975
184233,0.4275
184234,0.4075
184235,0.355
184236,0.4175
184237,0.4225
184238,0.2925
184239,0.5075
184240,0.3975
184241,0.545
184242,0.52
184243,0.49
184244,0.38
184245,0.6725
184246,0.5725
184247,0.3975
184248,0.38
184249,0.4825
184250,0.55
184251,0.355
184252,0.45
184253,0.5175
184254,0.5325
184255,0.4875
184256,0.69
184257,0.385
184258,0.55
184259,0.4425
184260,0.6325
184261,0.64
184262,0.585
184263,0.3025
184264,0.4075
184265,0.4725
184266,0.58
184267,0.5325
184268,0.505
184269,0.32
184270,0.6475
184271,0.455
184272,0.525
184273,0.4725
184274,0.48
184275,0.48
184276,0.6
184277,0.5375
184278,0.635
184279,0.41
184280,0.6025
184281,0.3725
184282,0.4425
184283,0.525
184284,0.6375
184285,0.555
184286,0.5825
184287,0.49
184288,0.4675
184289,0.425
184290,0.6475
184291,0.595
184292,0.395
184293,0.575
184294,0.47
184295,0.48
184296,0.43
184297,0.44
184298,0.535
184299,0.6525
184300,0.4
184301,0.5225
184302,0.3525
184303,0.5425
184304,0.64
184305,0.65
184306,0.425
184307,0.5525
184308,0.5225
184309,0.3925
184310,0.555
184311,0.4425
184312,0.45
184313,0.5175
184314,0.57
184315,0.61
184316,0.47
184317,0.5775
184318,0.425
184319,0.375
184320,0.4025
184321,0.55
184322,0.47
184323,0.5425
184324,0.5
184325,0.51
184326,0.465
184327,0.5675
184328,0.5525
184329,0.525
184330,0.46
184331,0.4425
184332,0.5125
184333,0.4225
184334,0.365
184335,0.5825
184336,0.5675
184337,0.72
184338,0.4825
184339,0.535
184340,0.43
184341,0.56
184342,0.425
184343,0.3875
184344,0.63
184345,0.2975
184346,0.4625
184347,0.4925
184348,0.545
184349,0.395
184350,0.3625
184351,0.4925
184352,0.4975
184353,0.5975
184354,0.435
184355,0.34
184356,0.605
184357,0.4825
184358,0.5575
184359,0.41
184360,0.5825
184361,0.3925
184362,0.5475
184363,0.4825
184364,0.6725
184365,0.5475
184366,0.4375
184367,0.4575
184368,0.6475
184369,0.5425
184370,0.4925
184371,0.4775
184372,0.385
184373,0.49
184374,0.435
184375,0.4425
184376,0.5225
184377,0.4875
184378,0.4625
184379,0.465
184380,0.47
184381,0.595
184382,0.43
184383,0.465
184384,0.4575
184385,0.435
184386,0.5475
184387,0.53
184388,0.51
184389,0.655
184390,0.415
184391,0.575
184392,0.38
184393,0.3325
184394,0.495
184395,0.4225
184396,0.4275
184397,0.3225
184398,0.44
184399,0.485
184400,0.525
184401,0.4875
184402,0.455
184403,0.42
184404,0.46
184405,0.465
184406,0.625
184407,0.69
184408,0.45
184409,0.51
184410,0.48
184411,0.59
184412,0.435
184413,0.475
184414,0.425
184415,0.59
184416,0.51
184417,0.535
184418,0.7025
184419,0.5575
184420,0.4875
184421,0.6
184422,0.4575
184423,0.51
184424,0.665
184425,0.4725
184426,0.605
184427,0.51
184428,0.6075
184429,0.4875
184430,0.435
184431,0.3775
184432,0.46
184433,0.605
184434,0.3775
184435,0.6025
184436,0.4325
184437,0.395
184438,0.5
184439,0.44
184440,0.445
184441,0.5575
184442,0.4475
184443,0.63
184444,0.3725
184445,0.4275
184446,0.56
184447,0.46
184448,0.43
184449,0.515
184450,0.49
184451,0.4925
184452,0.545
184453,0.4925
184454,0.3575
184455,0.4725
184456,0.4725
184457,0.425
184458,0.58
184459,0.5
184460,0.615
184461,0.525
184462,0.43
184463,0.4175
184464,0.4325
184465,0.4875
184466,0.4425
184467,0.5525
184468,0.4325
184469,0.665
184470,0.575
184471,0.53
184472,0.555
184473,0.56
184474,0.4375
184475,0.54
184476,0.455
184477,0.485
184478,0.495
184479,0.675
184480,0.3625
184481,0.61
184482,0.6075
184483,0.4575
184484,0.695
184485,0.4675
184486,0.505
184487,0.4775
184488,0.575
184489,0.5775
184490,0.6125
184491,0.56
184492,0.405
184493,0.445
184494,0.5625
184495,0.48
184496,0.3575
184497,0.48
184498,0.445
184499,0.665
184500,0.5575
184501,0.525
184502,0.3325
184503,0.525
184504,0.5325
184505,0.3575
184506,0.36
184507,0.4775
184508,0.47
184509,0.4675
184510,0.4625
184511,0.425
184512,0.5025
184513,0.4625
184514,0.615
184515,0.64
184516,0.44
184517,0.44
184518,0.4275
184519,0.3625
184520,0.47
184521,0.5575
184522,0.685
184523,0.465
184524,0.54
184525,0.48
184526,0.5
184527,0.465
184528,0.4775
184529,0.5675
184530,0.3775
184531,0.6075
184532,0.535
184533,0.5
184534,0.415
184535,0.515
184536,0.3975
184537,0.525
184538,0.4725
184539,0.4375
184540,0.495
184541,0.6475
184542,0.5275
184543,0.42
184544,0.27
184545,0.5975
184546,0.4225
184547,0.3825
184548,0.63
184549,0.415
184550,0.305
184551,0.735
184552,0.4875
184553,0.515
184554,0.455
184555,0.48
184556,0.61
184557,0.665
184558,0.525
184559,0.4475
184560,0.37
184561,0.475
184562,0.3925
184563,0.5625
184564,0.535
184565,0.5025
184566,0.365
184567,0.385
184568,0.495
184569,0.495
184570,0.4625
184571,0.4675
184572,0.345
184573,0.6275
184574,0.6375
184575,0.44
184576,0.4475
184577,0.405
184578,0.385
184579,0.515
184580,0.445
184581,0.41
184582,0.51
184583,0.625
184584,0.4725
184585,0.58
184586,0.4925
184587,0.5425
184588,0.62
184589,0.5925
184590,0.525
184591,0.445
184592,0.635
184593,0.4675
184594,0.4975
184595,0.455
184596,0.46
184597,0.4575
184598,0.5
184599,0.56
184600,0.5325
184601,0.405
184602,0.4925
184603,0.3925
184604,0.3825
184605,0.375
184606,0.6
184607,0.4725
184608,0.3975
184609,0.6875
184610,0.4925
184611,0.325
184612,0.4675
184613,0.4175
184614,0.4975
184615,0.415
184616,0.585
184617,0.565
184618,0.4475
184619,0.435
184620,0.6625
184621,0.3375
184622,0.43
184623,0.3725
184624,0.6925
184625,0.5625
184626,0.4175
184627,0.555
184628,0.6825
184629,0.54
184630,0.535
184631,0.44
184632,0.49
184633,0.385
184634,0.4825
184635,0.5275
184636,0.555
184637,0.4625
184638,0.4075
184639,0.5075
184640,0.4375
184641,0.4325
184642,0.45
184643,0.675
184644,0.4925
184645,0.4775
184646,0.61
184647,0.4175
184648,0.495
184649,0.6225
184650,0.6
184651,0.53
184652,0.5575
184653,0.4525
184654,0.7125
184655,0.6575
184656,0.6025
184657,0.44
184658,0.5725
184659,0.4225
184660,0.5
184661,0.4425
184662,0.57
184663,0.4875
184664,0.49
184665,0.575
184666,0.5925
184667,0.5025
184668,0.4275
184669,0.5475
184670,0.4625
184671,0.53
184672,0.59
184673,0.3725
184674,0.45
184675,0.55
184676,0.57
184677,0.465
184678,0.5275
184679,0.375
184680,0.6375
184681,0.435
184682,0.49
184683,0.3825
184684,0.6175
184685,0.545
184686,0.42
184687,0.5525
184688,0.52
184689,0.4475
184690,0.48
184691,0.5825
184692,0.5525
184693,0.36
184694,0.485
184695,0.4125
184696,0.5675
184697,0.515
184698,0.39
184699,0.485
184700,0.5025
184701,0.65
184702,0.4575
184703,0.59
184704,0.65
184705,0.6525
184706,0.4925
184707,0.48
184708,0.4125
184709,0.4925
184710,0.485
184711,0.675
184712,0.53
184713,0.4075
184714,0.5475
184715,0.545
184716,0.6625
184717,0.46
184718,0.6125
184719,0.6675
184720,0.4575
184721,0.41
184722,0.4775
184723,0.3775
184724,0.5725
184725,0.3875
184726,0.4125
184727,0.4275
184728,0.58
184729,0.41
184730,0.5275
184731,0.5775
184732,0.485
184733,0.3275
184734,0.4175
184735,0.605
184736,0.425
184737,0.5425
184738,0.625
184739,0.5425
184740,0.6275
184741,0.49
184742,0.4225
184743,0.3925
184744,0.3725
184745,0.65
184746,0.4025
184747,0.395
184748,0.54
184749,0.565
184750,0.54
184751,0.43
184752,0.48
184753,0.4875
184754,0.285
184755,0.49
184756,0.4425
184757,0.4875
184758,0.4325
184759,0.675
184760,0.5975
184761,0.565
184762,0.6975
184763,0.5375
184764,0.555
184765,0.4625
184766,0.43
184767,0.6575
184768,0.35
184769,0.57
184770,0.5825
184771,0.4
184772,0.405
184773,0.5325
184774,0.5875
184775,0.425
184776,0.755
184777,0.6025
184778,0.6325
184779,0.4025
184780,0.5325
184781,0.65
184782,0.51
184783,0.6275
184784,0.4125
184785,0.4575
184786,0.4825
184787,0.54
184788,0.4975
184789,0.4675
184790,0.465
184791,0.43
184792,0.5975
184793,0.5375
184794,0.41
184795,0.6825
184796,0.3675
184797,0.5975
184798,0.68
184799,0.465
184800,0.575
184801,0.5375
184802,0.485
184803,0.6825
184804,0.4425
184805,0.6425
184806,0.4475
184807,0.6025
184808,0.6175
184809,0.465
184810,0.59
184811,0.2875
184812,0.47
184813,0.3425
184814,0.5
184815,0.4
184816,0.6725
184817,0.6
184818,0.505
184819,0.615
184820,0.6875
184821,0.33
184822,0.38
184823,0.5325
184824,0.68
184825,0.62
184826,0.415
184827,0.4425
184828,0.45
184829,0.3625
184830,0.585
184831,0.4125
184832,0.585
184833,0.6225
184834,0.5675
184835,0.4925
184836,0.39
184837,0.435
184838,0.43
184839,0.5725
184840,0.5475
184841,0.4825
184842,0.5525
184843,0.52
184844,0.5375
184845,0.555
184846,0.505
184847,0.45
184848,0.46
184849,0.5125
184850,0.5725
184851,0.365
184852,0.3575
184853,0.5575
184854,0.575
184855,0.475
184856,0.5675
184857,0.43
184858,0.64
184859,0.485
184860,0.7775
184861,0.495
184862,0.4475
184863,0.5125
184864,0.2925
184865,0.405
184866,0.3875
184867,0.3875
184868,0.3725
184869,0.4625
184870,0.51
184871,0.5375
184872,0.525
184873,0.455
184874,0.465
184875,0.36
184876,0.465
184877,0.395
184878,0.645
184879,0.6325
184880,0.5775
184881,0.5075
184882,0.52
184883,0.5175
184884,0.595
184885,0.5925
184886,0.605
184887,0.5225
184888,0.45
184889,0.4325
184890,0.325
184891,0.4975
184892,0.4425
184893,0.4575
184894,0.545
184895,0.6075
184896,0.5
184897,0.345
184898,0.7475
184899,0.495
184900,0.415
184901,0.3825
184902,0.465
184903,0.42
184904,0.46
184905,0.595
184906,0.4225
184907,0.5025
184908,0.4475
184909,0.6675
184910,0.35
184911,0.55
184912,0.3675
184913,0.4775
184914,0.635
184915,0.5825
184916,0.6775
184917,0.425
184918,0.5175
184919,0.6925
184920,0.515
184921,0.465
184922,0.38
184923,0.5625
184924,0.59
184925,0.5725
184926,0.6275
184927,0.5
184928,0.655
184929,0.4875
184930,0.5075
184931,0.5525
184932,0.4825
184933,0.3825
184934,0.4325
184935,0.5825
184936,0.495
184937,0.39
184938,0.41
184939,0.5075
184940,0.4175
184941,0.545
184942,0.5825
184943,0.4325
184944,0.495
184945,0.4725
184946,0.495
184947,0.4025
184948,0.6
184949,0.4575
184950,0.3375
184951,0.5425
184952,0.4475
184953,0.5825
184954,0.51
184955,0.4875
184956,0.645
184957,0.545
184958,0.3875
184959,0.5475
184960,0.47
184961,0.605
184962,0.52
184963,0.51
184964,0.455
184965,0.4875
184966,0.4725
184967,0.52
184968,0.6075
184969,0.4125
184970,0.555
184971,0.575
184972,0.54
184973,0.465
184974,0.5875
184975,0.71
184976,0.5575
184977,0.5725
184978,0.58
184979,0.3625
184980,0.44
184981,0.25
184982,0.525
184983,0.3725
184984,0.575
184985,0.445
184986,0.655
184987,0.525
184988,0.4
184989,0.58
184990,0.355
184991,0.5075
184992,0.5575
184993,0.29
184994,0.395
184995,0.525
184996,0.4925
184997,0.54
184998,0.4175
184999,0.505
185000,0.5375
185001,0.55
185002,0.5
185003,0.43
185004,0.52
185005,0.625
185006,0.5125
185007,0.4875
185008,0.56
185009,0.62
185010,0.6375
185011,0.4925
185012,0.4925
185013,0.5475
185014,0.3975
185015,0.605
185016,0.31
185017,0.3975
185018,0.4775
185019,0.57
185020,0.42
185021,0.405
185022,0.4575
185023,0.3475
185024,0.405
185025,0.4025
185026,0.39
185027,0.4525
185028,0.465
185029,0.4425
185030,0.57
185031,0.49
185032,0.4775
185033,0.485
185034,0.4625
185035,0.4475
185036,0.4475
185037,0.6625
185038,0.53
185039,0.37
185040,0.41
185041,0.465
185042,0.5725
185043,0.4875
185044,0.52
185045,0.425
185046,0.5775
185047,0.5425
185048,0.5825
185049,0.4725
185050,0.4275
185051,0.53
185052,0.57
185053,0.4725
185054,0.3975
185055,0.52
185056,0.6975
185057,0.3575
185058,0.5475
185059,0.465
185060,0.4025
185061,0.445
185062,0.41
185063,0.4
185064,0.5075
185065,0.49
185066,0.555
185067,0.525
185068,0.4725
185069,0.455
185070,0.5125
185071,0.52
185072,0.4775
185073,0.385
185074,0.4525
185075,0.5625
185076,0.5725
185077,0.535
185078,0.4425
185079,0.6575
185080,0.5825
185081,0.335
185082,0.5075
185083,0.7
185084,0.6825
185085,0.505
185086,0.5425
185087,0.3425
185088,0.455
185089,0.42
185090,0.47
185091,0.4775
185092,0.705
185093,0.52
185094,0.4675
185095,0.415
185096,0.4375
185097,0.47
185098,0.61
185099,0.47
185100,0.4625
185101,0.575
185102,0.355
185103,0.4775
185104,0.415
185105,0.48
185106,0.4825
185107,0.46
185108,0.37
185109,0.48
185110,0.4825
185111,0.645
185112,0.6625
185113,0.48
185114,0.535
185115,0.44
185116,0.6875
185117,0.4525
185118,0.4475
185119,0.53
185120,0.75
185121,0.475
185122,0.4525
185123,0.6975
185124,0.4925
185125,0.5025
185126,0.56
185127,0.48
185128,0.5225
185129,0.5125
185130,0.5025
185131,0.5275
185132,0.5625
185133,0.56
185134,0.585
185135,0.51
185136,0.665
185137,0.3475
185138,0.3975
185139,0.31
185140,0.4775
185141,0.4975
185142,0.4275
185143,0.5625
185144,0.465
185145,0.5525
185146,0.4325
185147,0.4525
185148,0.4325
185149,0.6375
185150,0.3725
185151,0.4775
185152,0.5125
185153,0.4725
185154,0.5825
185155,0.4125
185156,0.49
185157,0.4875
185158,0.4625
185159,0.565
185160,0.5125
185161,0.495
185162,0.3575
185163,0.3375
185164,0.5375
185165,0.565
185166,0.415
185167,0.445
185168,0.52
185169,0.635
185170,0.39
185171,0.315
185172,0.4875
185173,0.5
185174,0.4475
185175,0.415
185176,0.43
185177,0.595
185178,0.665
185179,0.505
185180,0.595
185181,0.53
185182,0.8
185183,0.5475
185184,0.52
185185,0.425
185186,0.5425
185187,0.3575
185188,0.5825
185189,0.4225
185190,0.515
185191,0.5725
185192,0.6175
185193,0.4775
185194,0.38
185195,0.4225
185196,0.57
185197,0.545
185198,0.3475
185199,0.455
185200,0.4875
185201,0.6075
185202,0.46
185203,0.545
185204,0.5475
185205,0.49
185206,0.4025
185207,0.5375
185208,0.5425
185209,0.475
185210,0.5275
185211,0.4625
185212,0.7
185213,0.4225
185214,0.4625
185215,0.69
185216,0.4325
185217,0.3975
185218,0.68
185219,0.575
185220,0.565
185221,0.5675
185222,0.5725
185223,0.595
185224,0.455
185225,0.445
185226,0.4075
185227,0.5
185228,0.4775
185229,0.2925
185230,0.4175
185231,0.41
185232,0.43
185233,0.3725
185234,0.41
185235,0.6925
185236,0.4475
185237,0.6425
185238,0.4775
185239,0.575
185240,0.41
185241,0.5125
185242,0.45
185243,0.46
185244,0.3625
185245,0.5
185246,0.335
185247,0.4675
185248,0.4725
185249,0.48
185250,0.495
185251,0.6625
185252,0.395
185253,0.5175
185254,0.5875
185255,0.545
185256,0.4
185257,0.4125
185258,0.57
185259,0.6525
185260,0.3575
185261,0.36
185262,0.54
185263,0.385
185264,0.3475
185265,0.4925
185266,0.675
185267,0.59
185268,0.4025
185269,0.3125
185270,0.4075
185271,0.365
185272,0.315
185273,0.44
185274,0.665
185275,0.5575
185276,0.4725
185277,0.52
185278,0.51
185279,0.45
185280,0.515
185281,0.6275
185282,0.4
185283,0.5325
185284,0.415
185285,0.4825
185286,0.2975
185287,0.52
185288,0.5075
185289,0.385
185290,0.63
185291,0.65
185292,0.45
185293,0.4625
185294,0.33
185295,0.4475
185296,0.5375
185297,0.64
185298,0.4675
185299,0.5125
185300,0.3875
185301,0.48
185302,0.38
185303,0.5275
185304,0.3525
185305,0.4975
185306,0.32
185307,0.5525
185308,0.4675
185309,0.505
185310,0.54
185311,0.64
185312,0.545
185313,0.5775
185314,0.55
185315,0.38
185316,0.4275
185317,0.5425
185318,0.3525
185319,0.67
185320,0.4475
185321,0.495
185322,0.6575
185323,0.4425
185324,0.4075
185325,0.5975
185326,0.585
185327,0.6275
185328,0.6725
185329,0.6175
185330,0.44
185331,0.52
185332,0.475
185333,0.4225
185334,0.48
185335,0.5225
185336,0.3975
185337,0.625
185338,0.56
185339,0.4325
185340,0.4475
185341,0.595
185342,0.4325
185343,0.5625
185344,0.375
185345,0.465
185346,0.5075
185347,0.4
185348,0.4125
185349,0.47
185350,0.4525
185351,0.7625
185352,0.68
185353,0.4325
185354,0.575
185355,0.6175
185356,0.435
185357,0.5375
185358,0.4075
185359,0.495
185360,0.605
185361,0.48
185362,0.57
185363,0.345
185364,0.56
185365,0.605
185366,0.3925
185367,0.595
185368,0.3425
185369,0.5675
185370,0.52
185371,0.6075
185372,0.5525
185373,0.6125
185374,0.445
185375,0.6025
185376,0.4625
185377,0.5125
185378,0.5475
185379,0.585
185380,0.535
185381,0.4075
185382,0.4475
185383,0.46
185384,0.54
185385,0.395
185386,0.5875
185387,0.42
185388,0.4825
185389,0.5125
185390,0.5475
185391,0.475
185392,0.61
185393,0.4225
185394,0.3625
185395,0.545
185396,0.64
185397,0.5875
185398,0.45
185399,0.51
185400,0.3925
185401,0.635
185402,0.485
185403,0.4525
185404,0.4775
185405,0.4775
185406,0.4375
185407,0.4925
185408,0.44
185409,0.285
185410,0.4825
185411,0.465
185412,0.48
185413,0.56
185414,0.6725
185415,0.4925
185416,0.58
185417,0.605
185418,0.5125
185419,0.435
185420,0.4325
185421,0.425
185422,0.475
185423,0.4375
185424,0.4725
185425,0.525
185426,0.5
185427,0.5025
185428,0.58
185429,0.4575
185430,0.595
185431,0.4525
185432,0.5775
185433,0.555
185434,0.5725
185435,0.52
185436,0.44
185437,0.515
185438,0.5825
185439,0.445
185440,0.5325
185441,0.5425
185442,0.6625
185443,0.495
185444,0.5
185445,0.36
185446,0.5075
185447,0.495
185448,0.465
185449,0.6125
185450,0.4975
185451,0.46
185452,0.46
185453,0.5375
185454,0.465
185455,0.5325
185456,0.67
185457,0.41
185458,0.75
185459,0.48
185460,0.4075
185461,0.4675
185462,0.3125
185463,0.4425
185464,0.4575
185465,0.52
185466,0.5425
185467,0.505
185468,0.5075
185469,0.485
185470,0.32
185471,0.335
185472,0.445
185473,0.475
185474,0.455
185475,0.4375
185476,0.475
185477,0.515
185478,0.4125
185479,0.435
185480,0.43
185481,0.5025
185482,0.46
185483,0.4825
185484,0.515
185485,0.4975
185486,0.4175
185487,0.4325
185488,0.5825
185489,0.57
185490,0.6225
185491,0.515
185492,0.795
185493,0.525
185494,0.55
185495,0.475
185496,0.565
185497,0.58
185498,0.48
185499,0.4025
185500,0.52
185501,0.4325
185502,0.3125
185503,0.4175
185504,0.46
185505,0.43
185506,0.5375
185507,0.445
185508,0.6325
185509,0.495
185510,0.43
185511,0.4725
185512,0.6325
185513,0.6425
185514,0.3875
185515,0.5025
185516,0.6675
185517,0.5125
185518,0.6275
185519,0.5125
185520,0.5425
185521,0.4875
185522,0.43
185523,0.39
185524,0.4475
185525,0.545
185526,0.4175
185527,0.4325
185528,0.5475
185529,0.4375
185530,0.505
185531,0.4875
185532,0.4325
185533,0.4425
185534,0.5225
185535,0.35
185536,0.56
185537,0.54
185538,0.4475
185539,0.4725
185540,0.495
185541,0.4625
185542,0.4125
185543,0.5175
185544,0.3775
185545,0.425
185546,0.475
185547,0.445
185548,0.4025
185549,0.645
185550,0.5275
185551,0.495
185552,0.5475
185553,0.4475
185554,0.38
185555,0.5925
185556,0.4725
185557,0.4825
185558,0.445
185559,0.5375
185560,0.475
185561,0.42
185562,0.4425
185563,0.4025
185564,0.4325
185565,0.4075
185566,0.515
185567,0.46
185568,0.5825
185569,0.6
185570,0.51
185571,0.59
185572,0.405
185573,0.5375
185574,0.615
185575,0.62
185576,0.4325
185577,0.4725
185578,0.385
185579,0.625
185580,0.605
185581,0.485
185582,0.4625
185583,0.43
185584,0.535
185585,0.4575
185586,0.435
185587,0.6275
185588,0.425
185589,0.6225
185590,0.4875
185591,0.51
185592,0.405
185593,0.57
185594,0.4625
185595,0.595
185596,0.44
185597,0.545
185598,0.4325
185599,0.6575
185600,0.4325
185601,0.4825
185602,0.425
185603,0.6375
185604,0.445
185605,0.74
185606,0.43
185607,0.5175
185608,0.4375
185609,0.375
185610,0.5425
185611,0.4775
185612,0.415
185613,0.51
185614,0.3825
185615,0.43
185616,0.385
185617,0.3975
185618,0.435
185619,0.4325
185620,0.5225
185621,0.36
185622,0.525
185623,0.4275
185624,0.495
185625,0.4625
185626,0.515
185627,0.6775
185628,0.47
185629,0.4025
185630,0.5475
185631,0.5025
185632,0.4675
185633,0.4325
185634,0.43
185635,0.4725
185636,0.4225
185637,0.48
185638,0.43
185639,0.395
185640,0.6725
185641,0.55
185642,0.35
185643,0.345
185644,0.37
185645,0.43
185646,0.49
185647,0.495
185648,0.5775
185649,0.4375
185650,0.4925
185651,0.505
185652,0.74
185653,0.6075
185654,0.56
185655,0.51
185656,0.4325
185657,0.5725
185658,0.455
185659,0.525
185660,0.655
185661,0.5
185662,0.44
185663,0.485
185664,0.535
185665,0.545
185666,0.55
185667,0.5775
185668,0.425
185669,0.4625
185670,0.425
185671,0.45
185672,0.435
185673,0.4325
185674,0.44
185675,0.505
185676,0.4975
185677,0.495
185678,0.385
185679,0.3325
185680,0.385
185681,0.48
185682,0.4925
185683,0.4025
185684,0.44
185685,0.4475
185686,0.4475
185687,0.425
185688,0.4625
185689,0.4375
185690,0.6625
185691,0.4625
185692,0.4875
185693,0.4025
185694,0.435
185695,0.45
185696,0.43
185697,0.4275
185698,0.375
185699,0.3575
185700,0.435
185701,0.48
185702,0.555
185703,0.435
185704,0.5525
185705,0.48
185706,0.495
185707,0.395
185708,0.395
185709,0.4275
185710,0.385
185711,0.4125
185712,0.6075
185713,0.355
185714,0.3975
185715,0.665
185716,0.3675
185717,0.4975
185718,0.3075
185719,0.4625
185720,0.61
185721,0.48
185722,0.525
185723,0.5975
185724,0.4625
185725,0.5825
185726,0.5175
185727,0.4925
185728,0.525
185729,0.5175
185730,0.4275
185731,0.47
185732,0.53
185733,0.43
185734,0.425
185735,0.52
185736,0.5925
185737,0.55
185738,0.4125
185739,0.3725
185740,0.46
185741,0.4975
185742,0.4475
185743,0.4075
185744,0.4325
185745,0.39
185746,0.6175
185747,0.5
185748,0.61
185749,0.435
185750,0.6125
185751,0.4425
185752,0.345
185753,0.44
185754,0.5275
185755,0.695
185756,0.42
185757,0.5
185758,0.4275
185759,0.4325
185760,0.4175
185761,0.5425
185762,0.4625
185763,0.435
185764,0.445
185765,0.5775
185766,0.455
185767,0.58
185768,0.44
185769,0.4225
185770,0.3925
185771,0.5575
185772,0.39
185773,0.4325
185774,0.4875
185775,0.475
185776,0.6
185777,0.435
185778,0.3275
185779,0.385
185780,0.5275
185781,0.5125
185782,0.4575
185783,0.605
185784,0.435
185785,0.59
185786,0.4675
185787,0.5875
185788,0.3525
185789,0.64
185790,0.5
185791,0.5725
185792,0.455
185793,0.3975
185794,0.3525
185795,0.405
185796,0.43
185797,0.5775
185798,0.6025
185799,0.505
185800,0.475
185801,0.4675
185802,0.5625
185803,0.42
185804,0.45
185805,0.5925
185806,0.5125
185807,0.61
185808,0.68
185809,0.57
185810,0.4475
185811,0.435
185812,0.3725
185813,0.41
185814,0.4425
185815,0.3925
185816,0.4875
185817,0.4425
185818,0.425
185819,0.4225
185820,0.645
185821,0.5725
185822,0.5375
185823,0.445
185824,0.44
185825,0.525
185826,0.4975
185827,0.4275
185828,0.4175
185829,0.4525
185830,0.4625
185831,0.595
185832,0.39
185833,0.36
185834,0.4075
185835,0.585
185836,0.455
185837,0.5525
185838,0.3825
185839,0.385
185840,0.43
185841,0.47
185842,0.4425
185843,0.5425
185844,0.41
185845,0.5375
185846,0.49
185847,0.4675
185848,0.4675
185849,0.43
185850,0.4175
185851,0.3725
185852,0.59
185853,0.4525
185854,0.6975
185855,0.47
185856,0.5275
185857,0.4825
185858,0.4975
185859,0.5725
185860,0.4175
185861,0.47
185862,0.6825
185863,0.4875
185864,0.555
185865,0.4525
185866,0.5575
185867,0.51
185868,0.445
185869,0.715
185870,0.5375
185871,0.4525
185872,0.33
185873,0.4125
185874,0.43
185875,0.555
185876,0.4975
185877,0.27
185878,0.4625
185879,0.4025
185880,0.6125
185881,0.5775
185882,0.49
185883,0.5225
185884,0.47
185885,0.495
185886,0.5525
185887,0.365
185888,0.51
185889,0.7725
185890,0.6475
185891,0.5425
185892,0.5225
185893,0.4225
185894,0.585
185895,0.43
185896,0.485
185897,0.5475
185898,0.6425
185899,0.55
185900,0.57
185901,0.54
185902,0.64
185903,0.4325
185904,0.6075
185905,0.4375
185906,0.535
185907,0.5325
185908,0.59
185909,0.5025
185910,0.4225
185911,0.42
185912,0.4775
185913,0.44
185914,0.51
185915,0.4525
185916,0.5
185917,0.6675
185918,0.525
185919,0.3475
185920,0.4325
185921,0.4525
185922,0.4975
185923,0.6775
185924,0.4575
185925,0.415
185926,0.52
185927,0.49
185928,0.51
185929,0.445
185930,0.57
185931,0.5575
185932,0.4075
185933,0.575
185934,0.4625
185935,0.5225
185936,0.5225
185937,0.665
185938,0.54
185939,0.61
185940,0.6475
185941,0.5425
185942,0.44
185943,0.4825
185944,0.56
185945,0.605
185946,0.365
185947,0.6025
185948,0.47
185949,0.45
185950,0.455
185951,0.41
185952,0.57
185953,0.5375
185954,0.495
185955,0.49
185956,0.3975
185957,0.4875
185958,0.475
185959,0.85
185960,0.59
185961,0.605
185962,0.5275
185963,0.545
185964,0.47
185965,0.42
185966,0.46
185967,0.4725
185968,0.4
185969,0.46
185970,0.61
185971,0.5275
185972,0.525
185973,0.54
185974,0.4875
185975,0.41
185976,0.46
185977,0.48
185978,0.635
185979,0.4625
185980,0.5875
185981,0.67
185982,0.4575
185983,0.4925
185984,0.525
185985,0.665
185986,0.4725
185987,0.48
185988,0.5475
185989,0.5
185990,0.5
185991,0.4425
185992,0.5775
185993,0.545
185994,0.455
185995,0.48
185996,0.5675
185997,0.43
185998,0.4625
185999,0.43
186000,0.43
186001,0.4025
186002,0.395
186003,0.335
186004,0.4225
186005,0.5
186006,0.4425
186007,0.4575
186008,0.525
186009,0.5675
186010,0.4725
186011,0.43
186012,0.535
186013,0.745
186014,0.5075
186015,0.565
186016,0.42
186017,0.4125
186018,0.4475
186019,0.4175
186020,0.5975
186021,0.4
186022,0.3525
186023,0.56
186024,0.42
186025,0.5225
186026,0.4075
186027,0.515
186028,0.36
186029,0.5025
186030,0.565
186031,0.4975
186032,0.4475
186033,0.53
186034,0.5075
186035,0.45
186036,0.405
186037,0.375
186038,0.39
186039,0.49
186040,0.6525
186041,0.43
186042,0.5925
186043,0.4775
186044,0.55
186045,0.5175
186046,0.625
186047,0.3825
186048,0.4925
186049,0.4825
186050,0.425
186051,0.395
186052,0.61
186053,0.46
186054,0.5
186055,0.49
186056,0.5125
186057,0.3725
186058,0.65
186059,0.62
186060,0.435
186061,0.405
186062,0.555
186063,0.4825
186064,0.4375
186065,0.5125
186066,0.59
186067,0.575
186068,0.315
186069,0.625
186070,0.39
186071,0.49
186072,0.515
186073,0.4925
186074,0.575
186075,0.615
186076,0.4425
186077,0.41
186078,0.4
186079,0.4825
186080,0.465
186081,0.44
186082,0.4025
186083,0.425
186084,0.4875
186085,0.5625
186086,0.4325
186087,0.3975
186088,0.47
186089,0.5225
186090,0.54
186091,0.4175
186092,0.725
186093,0.5825
186094,0.505
186095,0.595
186096,0.34
186097,0.635
186098,0.4175
186099,0.59
186100,0.4725
186101,0.7025
186102,0.64
186103,0.4475
186104,0.48
186105,0.5775
186106,0.3475
186107,0.6025
186108,0.49
186109,0.4825
186110,0.4825
186111,0.42
186112,0.365
186113,0.4525
186114,0.6075
186115,0.59
186116,0.405
186117,0.6575
186118,0.435
186119,0.6275
186120,0.6075
186121,0.4775
186122,0.4375
186123,0.4825
186124,0.505
186125,0.6075
186126,0.3875
186127,0.59
186128,0.4675
186129,0.445
186130,0.5625
186131,0.37
186132,0.375
186133,0.5425
186134,0.505
186135,0.4575
186136,0.395
186137,0.5375
186138,0.4675
186139,0.5425
186140,0.545
186141,0.455
186142,0.45
186143,0.5975
186144,0.6075
186145,0.495
186146,0.4025
186147,0.56
186148,0.5175
186149,0.5675
186150,0.6
186151,0.63
186152,0.535
186153,0.5075
186154,0.38
186155,0.58
186156,0.4225
186157,0.5175
186158,0.4375
186159,0.5525
186160,0.5075
186161,0.45
186162,0.47
186163,0.4625
186164,0.46
186165,0.51
186166,0.4775
186167,0.53
186168,0.4975
186169,0.5175
186170,0.5375
186171,0.45
186172,0.435
186173,0.4475
186174,0.595
186175,0.4
186176,0.38
186177,0.475
186178,0.58
186179,0.465
186180,0.4375
186181,0.435
186182,0.505
186183,0.4775
186184,0.4125
186185,0.325
186186,0.5975
186187,0.4825
186188,0.4625
186189,0.5
186190,0.4925
186191,0.3175
186192,0.3825
186193,0.51
186194,0.44
186195,0.4775
186196,0.485
186197,0.4375
186198,0.4275
186199,0.5275
186200,0.4075
186201,0.4875
186202,0.6
186203,0.645
186204,0.4975
186205,0.5775
186206,0.435
186207,0.615
186208,0.33
186209,0.7
186210,0.675
186211,0.4525
186212,0.67
186213,0.565
186214,0.275
186215,0.5975
186216,0.3675
186217,0.465
186218,0.7975
186219,0.4825
186220,0.415
186221,0.505
186222,0.6525
186223,0.535
186224,0.355
186225,0.485
186226,0.595
186227,0.51
186228,0.3775
186229,0.5975
186230,0.5275
186231,0.4675
186232,0.2925
186233,0.4275
186234,0.6325
186235,0.4125
186236,0.535
186237,0.6775
186238,0.4825
186239,0.495
186240,0.4525
186241,0.51
186242,0.53
186243,0.4925
186244,0.6825
186245,0.4275
186246,0.6125
186247,0.4425
186248,0.61
186249,0.495
186250,0.4475
186251,0.4475
186252,0.575
186253,0.4525
186254,0.4425
186255,0.515
186256,0.4875
186257,0.4625
186258,0.3375
186259,0.4225
186260,0.485
186261,0.4275
186262,0.3725
186263,0.55
186264,0.5025
186265,0.49
186266,0.4475
186267,0.505
186268,0.435
186269,0.525
186270,0.545
186271,0.5175
186272,0.67
186273,0.4275
186274,0.355
186275,0.2975
186276,0.345
186277,0.5475
186278,0.4875
186279,0.4025
186280,0.72
186281,0.43
186282,0.445
186283,0.405
186284,0.4575
186285,0.6225
186286,0.3975
186287,0.455
186288,0.575
186289,0.52
186290,0.575
186291,0.4775
186292,0.5925
186293,0.5025
186294,0.6225
186295,0.48
186296,0.5075
186297,0.47
186298,0.495
186299,0.38
186300,0.3975
186301,0.455
186302,0.5525
186303,0.4425
186304,0.43
186305,0.4675
186306,0.42
186307,0.415
186308,0.63
186309,0.4775
186310,0.3475
186311,0.4525
186312,0.5725
186313,0.465
186314,0.4725
186315,0.46
186316,0.475
186317,0.4725
186318,0.5825
186319,0.5525
186320,0.51
186321,0.41
186322,0.5425
186323,0.4
186324,0.395
186325,0.49
186326,0.45
186327,0.55
186328,0.6025
186329,0.5
186330,0.3975
186331,0.6275
186332,0.575
186333,0.5125
186334,0.3475
186335,0.4525
186336,0.445
186337,0.5175
186338,0.3425
186339,0.4775
186340,0.515
186341,0.63
186342,0.6075
186343,0.45
186344,0.47
186345,0.475
186346,0.505
186347,0.455
186348,0.565
186349,0.545
186350,0.545
186351,0.59
186352,0.585
186353,0.47
186354,0.48
186355,0.6025
186356,0.3575
186357,0.5675
186358,0.5925
186359,0.4675
186360,0.4275
186361,0.5525
186362,0.4975
186363,0.47
186364,0.5375
186365,0.4525
186366,0.585
186367,0.4175
186368,0.4025
186369,0.47
186370,0.3775
186371,0.3975
186372,0.445
186373,0.705
186374,0.4975
186375,0.4975
186376,0.4525
186377,0.4975
186378,0.5
186379,0.6625
186380,0.68
186381,0.5775
186382,0.4225
186383,0.3825
186384,0.53
186385,0.4175
186386,0.5075
186387,0.4025
186388,0.4475
186389,0.4875
186390,0.4125
186391,0.4825
186392,0.555
186393,0.5475
186394,0.52
186395,0.4975
186396,0.47
186397,0.4325
186398,0.5275
186399,0.43
186400,0.5125
186401,0.59
186402,0.4
186403,0.6325
186404,0.495
186405,0.39
186406,0.4775
186407,0.655
186408,0.4725
186409,0.4725
186410,0.7075
186411,0.54
186412,0.49
186413,0.4975
186414,0.5575
186415,0.4175
186416,0.525
186417,0.62
186418,0.385
186419,0.4625
186420,0.385
186421,0.4075
186422,0.4925
186423,0.5275
186424,0.5475
186425,0.59
186426,0.435
186427,0.515
186428,0.535
186429,0.54
186430,0.555
186431,0.51
186432,0.4975
186433,0.4025
186434,0.405
186435,0.475
186436,0.5125
186437,0.4775
186438,0.34
186439,0.4525
186440,0.5275
186441,0.4625
186442,0.42
186443,0.4425
186444,0.4725
186445,0.585
186446,0.63
186447,0.4425
186448,0.3775
186449,0.525
186450,0.5725
186451,0.4625
186452,0.5475
186453,0.3925
186454,0.475
186455,0.6175
186456,0.5775
186457,0.52
186458,0.5125
186459,0.5175
186460,0.54
186461,0.455
186462,0.5025
186463,0.4225
186464,0.455
186465,0.39
186466,0.4075
186467,0.57
186468,0.445
186469,0.4075
186470,0.48
186471,0.395
186472,0.5025
186473,0.5925
186474,0.4825
186475,0.4275
186476,0.555
186477,0.375
186478,0.4025
186479,0.5575
186480,0.4375
186481,0.485
186482,0.42
186483,0.5025
186484,0.44
186485,0.68
186486,0.35
186487,0.4975
186488,0.5675
186489,0.47
186490,0.4775
186491,0.5475
186492,0.71
186493,0.4375
186494,0.3375
186495,0.4425
186496,0.565
186497,0.54
186498,0.56
186499,0.3975
186500,0.61
186501,0.46
186502,0.55
186503,0.4925
186504,0.68
186505,0.4525
186506,0.5425
186507,0.4625
186508,0.43
186509,0.5725
186510,0.5175
186511,0.68
186512,0.715
186513,0.565
186514,0.44
186515,0.4575
186516,0.5275
186517,0.4275
186518,0.4425
186519,0.4875
186520,0.5325
186521,0.42
186522,0.4675
186523,0.495
186524,0.5125
186525,0.645
186526,0.5025
186527,0.4125
186528,0.655
186529,0.7225
186530,0.6
186531,0.4325
186532,0.6075
186533,0.46
186534,0.465
186535,0.38
186536,0.5125
186537,0.665
186538,0.62
186539,0.3775
186540,0.4525
186541,0.5775
186542,0.4025
186543,0.4775
186544,0.4075
186545,0.5975
186546,0.635
186547,0.445
186548,0.37
186549,0.5775
186550,0.445
186551,0.5625
186552,0.58
186553,0.47
186554,0.4575
186555,0.3275
186556,0.46
186557,0.4425
186558,0.39
186559,0.4625
186560,0.4925
186561,0.4525
186562,0.6425
186563,0.435
186564,0.3725
186565,0.5175
186566,0.51
186567,0.5425
186568,0.455
186569,0.6175
186570,0.62
186571,0.575
186572,0.5875
186573,0.53
186574,0.5475
186575,0.555
186576,0.4175
186577,0.57
186578,0.495
186579,0.48
186580,0.695
186581,0.555
186582,0.445
186583,0.59
186584,0.47
186585,0.42
186586,0.5425
186587,0.4525
186588,0.555
186589,0.4625
186590,0.6325
186591,0.6225
186592,0.5275
186593,0.6425
186594,0.4725
186595,0.4575
186596,0.32
186597,0.4275
186598,0.475
186599,0.665
186600,0.5675
186601,0.49
186602,0.515
186603,0.415
186604,0.4075
186605,0.4875
186606,0.55
186607,0.4925
186608,0.535
186609,0.4975
186610,0.335
186611,0.53
186612,0.42
186613,0.5975
186614,0.5
186615,0.55
186616,0.44
186617,0.6675
186618,0.555
186619,0.5375
186620,0.5525
186621,0.43
186622,0.445
186623,0.4325
186624,0.445
186625,0.5375
186626,0.55
186627,0.44
186628,0.445
186629,0.5375
186630,0.5075
186631,0.5175
186632,0.6875
186633,0.39
186634,0.375
186635,0.3475
186636,0.57
186637,0.51
186638,0.5325
186639,0.46
186640,0.47
186641,0.455
186642,0.3625
186643,0.51
186644,0.4975
186645,0.505
186646,0.555
186647,0.605
186648,0.4125
186649,0.48
186650,0.29
186651,0.4375
186652,0.3875
186653,0.46
186654,0.46
186655,0.4375
186656,0.43
186657,0.4775
186658,0.41
186659,0.6475
186660,0.51
186661,0.395
186662,0.545
186663,0.6325
186664,0.6775
186665,0.43
186666,0.395
186667,0.62
186668,0.6075
186669,0.46
186670,0.65
186671,0.3975
186672,0.53
186673,0.285
186674,0.3925
186675,0.3525
186676,0.4425
186677,0.4375
186678,0.4525
186679,0.5525
186680,0.51
186681,0.5425
186682,0.56
186683,0.4125
186684,0.41
186685,0.45
186686,0.4125
186687,0.485
186688,0.405
186689,0.4625
186690,0.5975
186691,0.5125
186692,0.5675
186693,0.72
186694,0.485
186695,0.4825
186696,0.4175
186697,0.445
186698,0.4825
186699,0.6225
186700,0.6375
186701,0.4925
186702,0.465
186703,0.4825
186704,0.565
186705,0.4675
186706,0.5475
186707,0.6475
186708,0.38
186709,0.45
186710,0.46
186711,0.52
186712,0.515
186713,0.4675
186714,0.52
186715,0.495
186716,0.42
186717,0.395
186718,0.58
186719,0.3625
186720,0.5875
186721,0.565
186722,0.4925
186723,0.6075
186724,0.5575
186725,0.5775
186726,0.5475
186727,0.4225
186728,0.605
186729,0.39
186730,0.4825
186731,0.5825
186732,0.4675
186733,0.515
186734,0.3975
186735,0.505
186736,0.49
186737,0.6775
186738,0.4725
186739,0.4175
186740,0.6325
186741,0.395
186742,0.425
186743,0.5125
186744,0.515
186745,0.565
186746,0.44
186747,0.42
186748,0.43
186749,0.6875
186750,0.4325
186751,0.6475
186752,0.5075
186753,0.5425
186754,0.3875
186755,0.485
186756,0.405
186757,0.3475
186758,0.4975
186759,0.33
186760,0.5025
186761,0.6825
186762,0.3525
186763,0.44
186764,0.4
186765,0.35
186766,0.435
186767,0.4625
186768,0.4925
186769,0.3375
186770,0.53
186771,0.4075
186772,0.5675
186773,0.46
186774,0.73
186775,0.495
186776,0.5
186777,0.5475
186778,0.3625
186779,0.4025
186780,0.4725
186781,0.395
186782,0.345
186783,0.455
186784,0.38
186785,0.5175
186786,0.5025
186787,0.48
186788,0.52
186789,0.6275
186790,0.6675
186791,0.4975
186792,0.5025
186793,0.53
186794,0.4375
186795,0.6125
186796,0.63
186797,0.41
186798,0.475
186799,0.5275
186800,0.55
186801,0.5525
186802,0.41
186803,0.47
186804,0.5075
186805,0.47
186806,0.4625
186807,0.5025
186808,0.4075
186809,0.6025
186810,0.4475
186811,0.6175
186812,0.335
186813,0.4675
186814,0.375
186815,0.5025
186816,0.525
186817,0.515
186818,0.6075
186819,0.58
186820,0.535
186821,0.48
186822,0.4275
186823,0.6
186824,0.4325
186825,0.5675
186826,0.555
186827,0.72
186828,0.5725
186829,0.5275
186830,0.7275
186831,0.405
186832,0.4875
186833,0.3425
186834,0.57
186835,0.4225
186836,0.6625
186837,0.47
186838,0.53
186839,0.525
186840,0.555
186841,0.5525
186842,0.525
186843,0.515
186844,0.35
186845,0.4475
186846,0.455
186847,0.7075
186848,0.6625
186849,0.3925
186850,0.4875
186851,0.6175
186852,0.49
186853,0.5125
186854,0.4275
186855,0.34
186856,0.5525
186857,0.5
186858,0.525
186859,0.455
186860,0.4075
186861,0.4375
186862,0.36
186863,0.6275
186864,0.6275
186865,0.38
186866,0.385
186867,0.585
186868,0.535
186869,0.585
186870,0.4575
186871,0.405
186872,0.4525
186873,0.51
186874,0.43
186875,0.46
186876,0.3325
186877,0.4425
186878,0.495
186879,0.4175
186880,0.5
186881,0.5575
186882,0.625
186883,0.635
186884,0.46
186885,0.3525
186886,0.3575
186887,0.4575
186888,0.585
186889,0.4825
186890,0.5825
186891,0.4425
186892,0.5575
186893,0.68
186894,0.41
186895,0.52
186896,0.3625
186897,0.5425
186898,0.5425
186899,0.5875
186900,0.6075
186901,0.5775
186902,0.605
186903,0.4
186904,0.595
186905,0.46
186906,0.575
186907,0.3975
186908,0.535
186909,0.4775
186910,0.53
186911,0.49
186912,0.4775
186913,0.6425
186914,0.6125
186915,0.5225
186916,0.6175
186917,0.735
186918,0.54
186919,0.46
186920,0.4475
186921,0.48
186922,0.4425
186923,0.6175
186924,0.49
186925,0.55
186926,0.4375
186927,0.3525
186928,0.4375
186929,0.605
186930,0.455
186931,0.535
186932,0.5225
186933,0.4575
186934,0.4525
186935,0.4575
186936,0.6475
186937,0.3475
186938,0.615
186939,0.4875
186940,0.49
186941,0.475
186942,0.3625
186943,0.605
186944,0.5525
186945,0.4575
186946,0.355
186947,0.5425
186948,0.3675
186949,0.5425
186950,0.4025
186951,0.4025
186952,0.2225
186953,0.6175
186954,0.6625
186955,0.3425
186956,0.4425
186957,0.68
186958,0.525
186959,0.425
186960,0.55
186961,0.4375
186962,0.59
186963,0.4625
186964,0.61
186965,0.48
186966,0.3825
186967,0.4825
186968,0.4225
186969,0.5375
186970,0.6175
186971,0.6525
186972,0.4625
186973,0.4675
186974,0.495
186975,0.445
186976,0.515
186977,0.36
186978,0.4325
186979,0.485
186980,0.4775
186981,0.4975
186982,0.3625
186983,0.63
186984,0.425
186985,0.415
186986,0.385
186987,0.42
186988,0.62
186989,0.5875
186990,0.635
186991,0.5625
186992,0.425
186993,0.575
186994,0.455
186995,0.4825
186996,0.4775
186997,0.5875
186998,0.385
186999,0.5125
187000,0.455
187001,0.57
187002,0.6875
187003,0.3875
187004,0.4275
187005,0.355
187006,0.4675
187007,0.4
187008,0.59
187009,0.4925
187010,0.4225
187011,0.5
187012,0.5625
187013,0.4675
187014,0.3925
187015,0.6275
187016,0.41
187017,0.5325
187018,0.605
187019,0.63
187020,0.575
187021,0.4225
187022,0.4375
187023,0.5025
187024,0.435
187025,0.4825
187026,0.545
187027,0.4975
187028,0.4375
187029,0.39
187030,0.59
187031,0.4925
187032,0.5775
187033,0.525
187034,0.3875
187035,0.4325
187036,0.4475
187037,0.6375
187038,0.4175
187039,0.385
187040,0.3775
187041,0.445
187042,0.555
187043,0.5825
187044,0.39
187045,0.5575
187046,0.465
187047,0.535
187048,0.4625
187049,0.585
187050,0.46
187051,0.4525
187052,0.4525
187053,0.49
187054,0.4725
187055,0.425
187056,0.4775
187057,0.465
187058,0.665
187059,0.54
187060,0.56
187061,0.4975
187062,0.465
187063,0.4525
187064,0.635
187065,0.695
187066,0.445
187067,0.45
187068,0.47
187069,0.4675
187070,0.52
187071,0.3775
187072,0.5625
187073,0.4875
187074,0.5075
187075,0.46
187076,0.62
187077,0.4425
187078,0.4575
187079,0.665
187080,0.4775
187081,0.5225
187082,0.5075
187083,0.46
187084,0.4825
187085,0.385
187086,0.48
187087,0.5
187088,0.6975
187089,0.505
187090,0.46
187091,0.4575
187092,0.4575
187093,0.5
187094,0.4
187095,0.4075
187096,0.595
187097,0.455
187098,0.4725
187099,0.505
187100,0.5025
187101,0.43
187102,0.3975
187103,0.6925
187104,0.6
187105,0.475
187106,0.565
187107,0.615
187108,0.345
187109,0.605
187110,0.425
187111,0.4775
187112,0.3875
187113,0.53
187114,0.51
187115,0.4775
187116,0.52
187117,0.4675
187118,0.5525
187119,0.4825
187120,0.77
187121,0.35
187122,0.5525
187123,0.695
187124,0.45
187125,0.4825
187126,0.6525
187127,0.6025
187128,0.5725
187129,0.5125
187130,0.6325
187131,0.6
187132,0.42
187133,0.4275
187134,0.6325
187135,0.535
187136,0.675
187137,0.5175
187138,0.6325
187139,0.43
187140,0.465
187141,0.5475
187142,0.355
187143,0.765
187144,0.4225
187145,0.4925
187146,0.6
187147,0.5175
187148,0.5
187149,0.5025
187150,0.3975
187151,0.545
187152,0.515
187153,0.5325
187154,0.5375
187155,0.3825
187156,0.65
187157,0.4575
187158,0.4725
187159,0.54
187160,0.4475
187161,0.585
187162,0.44
187163,0.4425
187164,0.5325
187165,0.4525
187166,0.455
187167,0.6075
187168,0.4325
187169,0.405
187170,0.6275
187171,0.425
187172,0.57
187173,0.4
187174,0.485
187175,0.2575
187176,0.555
187177,0.64
187178,0.5475
187179,0.3825
187180,0.3775
187181,0.435
187182,0.715
187183,0.3575
187184,0.3775
187185,0.5675
187186,0.405
187187,0.4625
187188,0.4325
187189,0.4875
187190,0.4775
187191,0.5
187192,0.5275
187193,0.47
187194,0.5175
187195,0.5325
187196,0.605
187197,0.5075
187198,0.6375
187199,0.515
187200,0.5575
187201,0.5525
187202,0.38
187203,0.5925
187204,0.5375
187205,0.4325
187206,0.435
187207,0.4025
187208,0.3925
187209,0.4875
187210,0.61
187211,0.62
187212,0.6275
187213,0.5375
187214,0.45
187215,0.4875
187216,0.51
187217,0.54
187218,0.4875
187219,0.3325
187220,0.4425
187221,0.5325
187222,0.48
187223,0.4875
187224,0.4125
187225,0.4825
187226,0.5175
187227,0.6275
187228,0.56
187229,0.535
187230,0.63
187231,0.37
187232,0.61
187233,0.575
187234,0.46
187235,0.565
187236,0.5375
187237,0.5375
187238,0.475
187239,0.42
187240,0.47
187241,0.545
187242,0.455
187243,0.675
187244,0.49
187245,0.665
187246,0.515
187247,0.59
187248,0.545
187249,0.645
187250,0.4725
187251,0.405
187252,0.535
187253,0.43
187254,0.525
187255,0.6075
187256,0.37
187257,0.46
187258,0.4925
187259,0.475
187260,0.4625
187261,0.4725
187262,0.3775
187263,0.6425
187264,0.505
187265,0.4625
187266,0.4525
187267,0.4475
187268,0.4175
187269,0.445
187270,0.415
187271,0.5175
187272,0.4225
187273,0.465
187274,0.4775
187275,0.31
187276,0.595
187277,0.4
187278,0.495
187279,0.48
187280,0.475
187281,0.5
187282,0.3775
187283,0.495
187284,0.5625
187285,0.3525
187286,0.43
187287,0.55
187288,0.5925
187289,0.5275
187290,0.57
187291,0.5325
187292,0.51
187293,0.5275
187294,0.3875
187295,0.555
187296,0.515
187297,0.41
187298,0.505
187299,0.525
187300,0.5175
187301,0.4225
187302,0.5675
187303,0.6925
187304,0.445
187305,0.475
187306,0.48
187307,0.5075
187308,0.5475
187309,0.39
187310,0.51
187311,0.51
187312,0.525
187313,0.49
187314,0.535
187315,0.5675
187316,0.5675
187317,0.4775
187318,0.4375
187319,0.3075
187320,0.4075
187321,0.4425
187322,0.4825
187323,0.43
187324,0.425
187325,0.3925
187326,0.5975
187327,0.64
187328,0.415
187329,0.5425
187330,0.55
187331,0.5025
187332,0.495
187333,0.4975
187334,0.4375
187335,0.54
187336,0.555
187337,0.4925
187338,0.5
187339,0.6125
187340,0.6375
187341,0.485
187342,0.6125
187343,0.4125
187344,0.33
187345,0.52
187346,0.54
187347,0.6025
187348,0.4375
187349,0.3675
187350,0.5325
187351,0.56
187352,0.6625
187353,0.425
187354,0.61
187355,0.695
187356,0.4475
187357,0.6875
187358,0.4725
187359,0.4525
187360,0.4075
187361,0.675
187362,0.48
187363,0.5425
187364,0.44
187365,0.545
187366,0.4825
187367,0.4375
187368,0.5225
187369,0.39
187370,0.5175
187371,0.435
187372,0.39
187373,0.4825
187374,0.585
187375,0.5225
187376,0.4325
187377,0.6525
187378,0.38
187379,0.415
187380,0.4025
187381,0.4925
187382,0.51
187383,0.465
187384,0.56
187385,0.5225
187386,0.485
187387,0.4775
187388,0.3375
187389,0.455
187390,0.4625
187391,0.6275
187392,0.4525
187393,0.585
187394,0.5775
187395,0.445
187396,0.3875
187397,0.5625
187398,0.445
187399,0.5175
187400,0.6425
187401,0.565
187402,0.4775
187403,0.3925
187404,0.375
187405,0.41
187406,0.5225
187407,0.55
187408,0.455
187409,0.5125
187410,0.47
187411,0.34
187412,0.6125
187413,0.5375
187414,0.645
187415,0.435
187416,0.6375
187417,0.4175
187418,0.42
187419,0.5775
187420,0.4725
187421,0.39
187422,0.4175
187423,0.445
187424,0.3375
187425,0.465
187426,0.4125
187427,0.5675
187428,0.45
187429,0.4825
187430,0.4
187431,0.4525
187432,0.61
187433,0.5075
187434,0.5375
187435,0.6725
187436,0.4625
187437,0.5675
187438,0.4925
187439,0.43
187440,0.5575
187441,0.4825
187442,0.6275
187443,0.4275
187444,0.655
187445,0.57
187446,0.5425
187447,0.5425
187448,0.735
187449,0.45
187450,0.535
187451,0.3725
187452,0.525
187453,0.42
187454,0.5725
187455,0.505
187456,0.7075
187457,0.5175
187458,0.3875
187459,0.615
187460,0.6275
187461,0.495
187462,0.43
187463,0.6675
187464,0.4175
187465,0.6225
187466,0.465
187467,0.3925
187468,0.5625
187469,0.5775
187470,0.455
187471,0.535
187472,0.6025
187473,0.4525
187474,0.575
187475,0.425
187476,0.49
187477,0.3875
187478,0.5575
187479,0.435
187480,0.5275
187481,0.575
187482,0.45
187483,0.5225
187484,0.555
187485,0.66
187486,0.4775
187487,0.5225
187488,0.4975
187489,0.4075
187490,0.4425
187491,0.4475
187492,0.375
187493,0.66
187494,0.6025
187495,0.5075
187496,0.6075
187497,0.585
187498,0.595
187499,0.5425
187500,0.57
187501,0.5
187502,0.4975
187503,0.4275
187504,0.555
187505,0.5375
187506,0.5425
187507,0.51
187508,0.4175
187509,0.515
187510,0.59
187511,0.505
187512,0.545
187513,0.4875
187514,0.4725
187515,0.435
187516,0.635
187517,0.605
187518,0.485
187519,0.5025
187520,0.43
187521,0.43
187522,0.45
187523,0.52
187524,0.57
187525,0.64
187526,0.3525
187527,0.6325
187528,0.4625
187529,0.45
187530,0.53
187531,0.485
187532,0.415
187533,0.4875
187534,0.5075
187535,0.54
187536,0.4475
187537,0.4925
187538,0.48
187539,0.5075
187540,0.455
187541,0.5975
187542,0.46
187543,0.6525
187544,0.545
187545,0.5925
187546,0.38
187547,0.5425
187548,0.65
187549,0.575
187550,0.53
187551,0.515
187552,0.63
187553,0.4625
187554,0.5925
187555,0.585
187556,0.5825
187557,0.45
187558,0.3425
187559,0.4625
187560,0.4075
187561,0.46
187562,0.5525
187563,0.44
187564,0.355
187565,0.575
187566,0.4025
187567,0.7025
187568,0.4725
187569,0.4725
187570,0.4125
187571,0.4875
187572,0.495
187573,0.4875
187574,0.4975
187575,0.5
187576,0.4675
187577,0.6075
187578,0.4575
187579,0.51
187580,0.35
187581,0.43
187582,0.5725
187583,0.4725
187584,0.45
187585,0.5025
187586,0.57
187587,0.41
187588,0.385
187589,0.35
187590,0.48
187591,0.58
187592,0.45
187593,0.5825
187594,0.38
187595,0.57
187596,0.4775
187597,0.475
187598,0.5175
187599,0.4825
187600,0.7275
187601,0.4625
187602,0.545
187603,0.5825
187604,0.4125
187605,0.64
187606,0.51
187607,0.425
187608,0.55
187609,0.645
187610,0.515
187611,0.545
187612,0.6225
187613,0.65
187614,0.56
187615,0.53
187616,0.67
187617,0.5
187618,0.2825
187619,0.42
187620,0.4375
187621,0.4775
187622,0.5925
187623,0.6775
187624,0.5925
187625,0.505
187626,0.415
187627,0.445
187628,0.3175
187629,0.63
187630,0.3925
187631,0.5575
187632,0.425
187633,0.4375
187634,0.4425
187635,0.555
187636,0.62
187637,0.4
187638,0.36
187639,0.44
187640,0.52
187641,0.465
187642,0.3825
187643,0.3625
187644,0.47
187645,0.3925
187646,0.5075
187647,0.4725
187648,0.5125
187649,0.4325
187650,0.525
187651,0.485
187652,0.3675
187653,0.645
187654,0.3775
187655,0.4175
187656,0.3875
187657,0.4275
187658,0.425
187659,0.5
187660,0.4475
187661,0.585
187662,0.52
187663,0.4425
187664,0.61
187665,0.5175
187666,0.5525
187667,0.335
187668,0.4825
187669,0.6475
187670,0.445
187671,0.51
187672,0.4125
187673,0.5225
187674,0.36
187675,0.425
187676,0.42
187677,0.4775
187678,0.49
187679,0.515
187680,0.38
187681,0.555
187682,0.535
187683,0.415
187684,0.43
187685,0.515
187686,0.565
187687,0.56
187688,0.55
187689,0.2975
187690,0.445
187691,0.45
187692,0.495
187693,0.375
187694,0.4875
187695,0.4425
187696,0.535
187697,0.535
187698,0.32
187699,0.5975
187700,0.3525
187701,0.6025
187702,0.505
187703,0.3875
187704,0.3675
187705,0.525
187706,0.6325
187707,0.445
187708,0.5275
187709,0.6475
187710,0.4025
187711,0.6
187712,0.4525
187713,0.4525
187714,0.5425
187715,0.4175
187716,0.355
187717,0.36
187718,0.64
187719,0.525
187720,0.43
187721,0.4475
187722,0.345
187723,0.46
187724,0.38
187725,0.3875
187726,0.485
187727,0.625
187728,0.315
187729,0.3925
187730,0.3575
187731,0.3875
187732,0.445
187733,0.4175
187734,0.4725
187735,0.5375
187736,0.3125
187737,0.57
187738,0.5325
187739,0.595
187740,0.315
187741,0.585
187742,0.375
187743,0.61
187744,0.605
187745,0.4725
187746,0.6375
187747,0.5525
187748,0.48
187749,0.4525
187750,0.6
187751,0.5425
187752,0.4275
187753,0.435
187754,0.5275
187755,0.5975
187756,0.3925
187757,0.4
187758,0.5275
187759,0.4725
187760,0.4375
187761,0.3925
187762,0.615
187763,0.5175
187764,0.38
187765,0.6975
187766,0.545
187767,0.495
187768,0.5575
187769,0.485
187770,0.62
187771,0.705
187772,0.3675
187773,0.5275
187774,0.4625
187775,0.4425
187776,0.4825
187777,0.53
187778,0.395
187779,0.5525
187780,0.55
187781,0.545
187782,0.41
187783,0.4575
187784,0.375
187785,0.63
187786,0.3925
187787,0.6525
187788,0.5
187789,0.525
187790,0.5925
187791,0.69
187792,0.39
187793,0.52
187794,0.49
187795,0.69
187796,0.4675
187797,0.49
187798,0.415
187799,0.445
187800,0.625
187801,0.43
187802,0.37
187803,0.4025
187804,0.415
187805,0.5375
187806,0.51
187807,0.575
187808,0.355
187809,0.6075
187810,0.46
187811,0.635
187812,0.415
187813,0.4175
187814,0.4225
187815,0.6775
187816,0.5225
187817,0.455
187818,0.6525
187819,0.43
187820,0.5725
187821,0.5825
187822,0.5075
187823,0.4275
187824,0.6225
187825,0.3725
187826,0.4525
187827,0.455
187828,0.64
187829,0.4325
187830,0.7275
187831,0.4525
187832,0.4775
187833,0.53
187834,0.48
187835,0.6625
187836,0.4525
187837,0.44
187838,0.515
187839,0.35
187840,0.67
187841,0.5975
187842,0.47
187843,0.435
187844,0.475
187845,0.36
187846,0.4875
187847,0.4875
187848,0.6475
187849,0.5725
187850,0.4675
187851,0.4275
187852,0.545
187853,0.395
187854,0.5325
187855,0.635
187856,0.635
187857,0.58
187858,0.5675
187859,0.525
187860,0.68
187861,0.52
187862,0.6275
187863,0.43
187864,0.375
187865,0.4975
187866,0.46
187867,0.4975
187868,0.5775
187869,0.535
187870,0.5025
187871,0.465
187872,0.5
187873,0.4425
187874,0.5925
187875,0.565
187876,0.555
187877,0.465
187878,0.465
187879,0.295
187880,0.4075
187881,0.34
187882,0.57
187883,0.61
187884,0.555
187885,0.4975
187886,0.45
187887,0.405
187888,0.475
187889,0.62
187890,0.4825
187891,0.465
187892,0.5575
187893,0.555
187894,0.34
187895,0.52
187896,0.38
187897,0.425
187898,0.4625
187899,0.5375
187900,0.435
187901,0.6475
187902,0.505
187903,0.3925
187904,0.31
187905,0.54
187906,0.4275
187907,0.5775
187908,0.6475
187909,0.4375
187910,0.4175
187911,0.4725
187912,0.4925
187913,0.485
187914,0.675
187915,0.35
187916,0.565
187917,0.5
187918,0.4575
187919,0.415
187920,0.545
187921,0.34
187922,0.43
187923,0.5275
187924,0.6375
187925,0.4575
187926,0.4025
187927,0.4475
187928,0.5375
187929,0.45
187930,0.415
187931,0.5
187932,0.5075
187933,0.5525
187934,0.4825
187935,0.5
187936,0.435
187937,0.535
187938,0.5075
187939,0.475
187940,0.45
187941,0.4525
187942,0.3575
187943,0.5125
187944,0.5275
187945,0.59
187946,0.47
187947,0.46
187948,0.6125
187949,0.5825
187950,0.51
187951,0.4475
187952,0.52
187953,0.5025
187954,0.52
187955,0.385
187956,0.455
187957,0.49
187958,0.475
187959,0.45
187960,0.5275
187961,0.3725
187962,0.4625
187963,0.4875
187964,0.45
187965,0.5875
187966,0.575
187967,0.63
187968,0.54
187969,0.485
187970,0.595
187971,0.62
187972,0.555
187973,0.3975
187974,0.475
187975,0.59
187976,0.3875
187977,0.495
187978,0.5625
187979,0.4475
187980,0.555
187981,0.3725
187982,0.635
187983,0.5025
187984,0.41
187985,0.5275
187986,0.4275
187987,0.4825
187988,0.4875
187989,0.555
187990,0.545
187991,0.44
187992,0.43
187993,0.4925
187994,0.3625
187995,0.465
187996,0.4625
187997,0.51
187998,0.5375
187999,0.445
188000,0.475
188001,0.5075
188002,0.45
188003,0.6425
188004,0.6175
188005,0.6
188006,0.4675
188007,0.68
188008,0.5525
188009,0.4425
188010,0.5025
188011,0.335
188012,0.465
188013,0.4
188014,0.465
188015,0.445
188016,0.4925
188017,0.685
188018,0.64
188019,0.6025
188020,0.6525
188021,0.38
188022,0.5175
188023,0.3225
188024,0.375
188025,0.5075
188026,0.4925
188027,0.355
188028,0.4675
188029,0.565
188030,0.52
188031,0.45
188032,0.5225
188033,0.5525
188034,0.48
188035,0.445
188036,0.5325
188037,0.58
188038,0.48
188039,0.4775
188040,0.395
188041,0.56
188042,0.4575
188043,0.4975
188044,0.555
188045,0.5025
188046,0.55
188047,0.475
188048,0.3875
188049,0.435
188050,0.58
188051,0.505
188052,0.56
188053,0.3625
188054,0.4775
188055,0.47
188056,0.57
188057,0.5075
188058,0.5475
188059,0.5175
188060,0.595
188061,0.4475
188062,0.5025
188063,0.57
188064,0.41
188065,0.4425
188066,0.6575
188067,0.415
188068,0.4775
188069,0.745
188070,0.6275
188071,0.4225
188072,0.3425
188073,0.5125
188074,0.565
188075,0.4
188076,0.505
188077,0.66
188078,0.71
188079,0.345
188080,0.6475
188081,0.5375
188082,0.575
188083,0.4275
188084,0.4375
188085,0.635
188086,0.3925
188087,0.3725
188088,0.355
188089,0.485
188090,0.49
188091,0.58
188092,0.415
188093,0.39
188094,0.4225
188095,0.39
188096,0.4575
188097,0.6375
188098,0.535
188099,0.5925
188100,0.3325
188101,0.555
188102,0.5375
188103,0.52
188104,0.4925
188105,0.3925
188106,0.52
188107,0.55
188108,0.45
188109,0.48
188110,0.465
188111,0.5175
188112,0.5725
188113,0.465
188114,0.61
188115,0.37
188116,0.72
188117,0.565
188118,0.33
188119,0.4775
188120,0.3625
188121,0.4225
188122,0.575
188123,0.42
188124,0.4975
188125,0.665
188126,0.49
188127,0.6475
188128,0.44
188129,0.4625
188130,0.4625
188131,0.48
188132,0.5575
188133,0.505
188134,0.5125
188135,0.5925
188136,0.48
188137,0.6125
188138,0.6
188139,0.7275
188140,0.51
188141,0.4975
188142,0.43
188143,0.6225
188144,0.32
188145,0.55
188146,0.5825
188147,0.4175
188148,0.52
188149,0.4425
188150,0.645
188151,0.5175
188152,0.41
188153,0.58
188154,0.3225
188155,0.3775
188156,0.645
188157,0.52
188158,0.305
188159,0.48
188160,0.57
188161,0.3875
188162,0.55
188163,0.435
188164,0.415
188165,0.47
188166,0.6175
188167,0.3675
188168,0.45
188169,0.48
188170,0.485
188171,0.405
188172,0.5075
188173,0.3975
188174,0.4475
188175,0.5025
188176,0.3875
188177,0.4125
188178,0.445
188179,0.5025
188180,0.4225
188181,0.485
188182,0.5425
188183,0.4575
188184,0.4275
188185,0.43
188186,0.515
188187,0.5575
188188,0.3775
188189,0.4
188190,0.49
188191,0.4925
188192,0.4425
188193,0.61
188194,0.4
188195,0.5775
188196,0.52
188197,0.405
188198,0.6325
188199,0.3325
188200,0.66
188201,0.51
188202,0.5375
188203,0.3825
188204,0.5625
188205,0.565
188206,0.52
188207,0.45
188208,0.4525
188209,0.59
188210,0.6175
188211,0.4325
188212,0.46
188213,0.435
188214,0.4975
188215,0.4875
188216,0.435
188217,0.365
188218,0.5225
188219,0.3875
188220,0.455
188221,0.465
188222,0.535
188223,0.515
188224,0.5225
188225,0.515
188226,0.4125
188227,0.5025
188228,0.685
188229,0.5575
188230,0.3825
188231,0.415
188232,0.5025
188233,0.4525
188234,0.6025
188235,0.38
188236,0.54
188237,0.535
188238,0.555
188239,0.6
188240,0.455
188241,0.425
188242,0.5475
188243,0.445
188244,0.44
188245,0.3725
188246,0.5525
188247,0.4525
188248,0.72
188249,0.545
188250,0.595
188251,0.5425
188252,0.395
188253,0.4525
188254,0.435
188255,0.505
188256,0.6825
188257,0.505
188258,0.56
188259,0.48
188260,0.465
188261,0.44
188262,0.535
188263,0.475
188264,0.3625
188265,0.4725
188266,0.6025
188267,0.44
188268,0.5025
188269,0.5425
188270,0.71
188271,0.43
188272,0.695
188273,0.385
188274,0.645
188275,0.67
188276,0.6125
188277,0.51
188278,0.4525
188279,0.4925
188280,0.4375
188281,0.5775
188282,0.6
188283,0.45
188284,0.5225
188285,0.3725
188286,0.3975
188287,0.5125
188288,0.545
188289,0.59
188290,0.46
188291,0.655
188292,0.4075
188293,0.565
188294,0.4275
188295,0.5075
188296,0.3925
188297,0.51
188298,0.3525
188299,0.71
188300,0.7625
188301,0.585
188302,0.55
188303,0.5075
188304,0.4775
188305,0.41
188306,0.5125
188307,0.54
188308,0.405
188309,0.61
188310,0.5225
188311,0.445
188312,0.3625
188313,0.61
188314,0.4775
188315,0.465
188316,0.45
188317,0.495
188318,0.5475
188319,0.56
188320,0.535
188321,0.6525
188322,0.4575
188323,0.44
188324,0.4575
188325,0.6625
188326,0.425
188327,0.6625
188328,0.4125
188329,0.5175
188330,0.58
188331,0.4775
188332,0.445
188333,0.37
188334,0.6075
188335,0.6275
188336,0.45
188337,0.5425
188338,0.535
188339,0.4875
188340,0.42
188341,0.4875
188342,0.6675
188343,0.5625
188344,0.4325
188345,0.4675
188346,0.3975
188347,0.5475
188348,0.4975
188349,0.545
188350,0.685
188351,0.45
188352,0.4575
188353,0.29
188354,0.445
188355,0.4225
188356,0.615
188357,0.3375
188358,0.3875
188359,0.63
188360,0.4525
188361,0.5425
188362,0.5075
188363,0.5325
188364,0.4825
188365,0.6525
188366,0.655
188367,0.42
188368,0.465
188369,0.4925
188370,0.405
188371,0.4475
188372,0.365
188373,0.6425
188374,0.3825
188375,0.3775
188376,0.61
188377,0.4
188378,0.5025
188379,0.5725
188380,0.4125
188381,0.57
188382,0.47
188383,0.415
188384,0.6125
188385,0.435
188386,0.425
188387,0.6925
188388,0.76
188389,0.7125
188390,0.57
188391,0.4275
188392,0.6075
188393,0.45
188394,0.6025
188395,0.63
188396,0.5125
188397,0.375
188398,0.5675
188399,0.485
188400,0.445
188401,0.5475
188402,0.4775
188403,0.6025
188404,0.5025
188405,0.6325
188406,0.42
188407,0.645
188408,0.44
188409,0.5275
188410,0.5325
188411,0.4225
188412,0.43
188413,0.5775
188414,0.58
188415,0.6125
188416,0.5125
188417,0.5175
188418,0.65
188419,0.365
188420,0.555
188421,0.5325
188422,0.37
188423,0.555
188424,0.5225
188425,0.3975
188426,0.505
188427,0.5225
188428,0.4675
188429,0.4575
188430,0.42
188431,0.485
188432,0.6
188433,0.5075
188434,0.6225
188435,0.4425
188436,0.425
188437,0.4775
188438,0.6675
188439,0.32
188440,0.755
188441,0.5025
188442,0.43
188443,0.495
188444,0.505
188445,0.555
188446,0.59
188447,0.71
188448,0.65
188449,0.5575
188450,0.49
188451,0.5325
188452,0.6875
188453,0.73
188454,0.515
188455,0.6225
188456,0.6375
188457,0.4575
188458,0.465
188459,0.4925
188460,0.4375
188461,0.44
188462,0.4875
188463,0.4875
188464,0.465
188465,0.4875
188466,0.69
188467,0.41
188468,0.33
188469,0.4175
188470,0.585
188471,0.525
188472,0.7075
188473,0.4325
188474,0.465
188475,0.44
188476,0.69
188477,0.6375
188478,0.5575
188479,0.465
188480,0.65
188481,0.4825
188482,0.6075
188483,0.555
188484,0.575
188485,0.4425
188486,0.655
188487,0.5225
188488,0.6275
188489,0.4925
188490,0.495
188491,0.525
188492,0.6975
188493,0.3625
188494,0.475
188495,0.46
188496,0.52
188497,0.5075
188498,0.47
188499,0.515
188500,0.465
188501,0.505
188502,0.435
188503,0.395
188504,0.47
188505,0.375
188506,0.56
188507,0.385
188508,0.3775
188509,0.515
188510,0.405
188511,0.475
188512,0.55
188513,0.505
188514,0.5075
188515,0.49
188516,0.675
188517,0.675
188518,0.4775
188519,0.4775
188520,0.3325
188521,0.5425
188522,0.4325
188523,0.6025
188524,0.525
188525,0.6275
188526,0.455
188527,0.535
188528,0.405
188529,0.5225
188530,0.445
188531,0.4325
188532,0.525
188533,0.6
188534,0.455
188535,0.59
188536,0.425
188537,0.4475
188538,0.51
188539,0.525
188540,0.5875
188541,0.47
188542,0.4025
188543,0.54
188544,0.5675
188545,0.495
188546,0.47
188547,0.3975
188548,0.5075
188549,0.4275
188550,0.3575
188551,0.5925
188552,0.4875
188553,0.5075
188554,0.545
188555,0.49
188556,0.735
188557,0.3825
188558,0.46
188559,0.475
188560,0.5125
188561,0.4075
188562,0.4475
188563,0.495
188564,0.5575
188565,0.63
188566,0.4175
188567,0.5175
188568,0.4625
188569,0.6575
188570,0.505
188571,0.615
188572,0.3525
188573,0.5575
188574,0.4175
188575,0.3625
188576,0.475
188577,0.42
188578,0.615
188579,0.47
188580,0.62
188581,0.375
188582,0.6525
188583,0.4925
188584,0.5725
188585,0.525
188586,0.59
188587,0.415
188588,0.535
188589,0.3375
188590,0.405
188591,0.3675
188592,0.47
188593,0.4175
188594,0.515
188595,0.5325
188596,0.435
188597,0.505
188598,0.49
188599,0.5475
188600,0.71
188601,0.49
188602,0.48
188603,0.5525
188604,0.5375
188605,0.46
188606,0.45
188607,0.4525
188608,0.5025
188609,0.3825
188610,0.355
188611,0.3475
188612,0.5775
188613,0.6275
188614,0.55
188615,0.4175
188616,0.485
188617,0.63
188618,0.365
188619,0.43
188620,0.5425
188621,0.35
188622,0.58
188623,0.3725
188624,0.6825
188625,0.545
188626,0.45
188627,0.41
188628,0.405
188629,0.43
188630,0.5025
188631,0.585
188632,0.5975
188633,0.6225
188634,0.5775
188635,0.58
188636,0.4825
188637,0.495
188638,0.4525
188639,0.3775
188640,0.3875
188641,0.4475
188642,0.325
188643,0.5275
188644,0.5575
188645,0.4125
188646,0.5
188647,0.495
188648,0.62
188649,0.68
188650,0.445
188651,0.58
188652,0.5275
188653,0.405
188654,0.4325
188655,0.4675
188656,0.6075
188657,0.38
188658,0.4225
188659,0.34
188660,0.42
188661,0.3975
188662,0.5
188663,0.3975
188664,0.335
188665,0.33
188666,0.605
188667,0.495
188668,0.6175
188669,0.3325
188670,0.4625
188671,0.48
188672,0.39
188673,0.48
188674,0.61
188675,0.5525
188676,0.4725
188677,0.4275
188678,0.3225
188679,0.45
188680,0.555
188681,0.6975
188682,0.5125
188683,0.4775
188684,0.44
188685,0.3675
188686,0.385
188687,0.5875
188688,0.3675
188689,0.4925
188690,0.505
188691,0.5625
188692,0.3325
188693,0.595
188694,0.535
188695,0.3625
188696,0.5725
188697,0.4625
188698,0.5125
188699,0.4375
188700,0.4725
188701,0.4275
188702,0.46
188703,0.3225
188704,0.305
188705,0.4025
188706,0.4375
188707,0.6625
188708,0.385
188709,0.49
188710,0.6275
188711,0.525
188712,0.615
188713,0.615
188714,0.4275
188715,0.4775
188716,0.5825
188717,0.585
188718,0.6525
188719,0.4725
188720,0.4575
188721,0.62
188722,0.3175
188723,0.4525
188724,0.5075
188725,0.3775
188726,0.5175
188727,0.4375
188728,0.62
188729,0.5025
188730,0.49
188731,0.4825
188732,0.405
188733,0.37
188734,0.3475
188735,0.59
188736,0.3825
188737,0.49
188738,0.3975
188739,0.685
188740,0.34
188741,0.52
188742,0.485
188743,0.4125
188744,0.4525
188745,0.51
188746,0.365
188747,0.46
188748,0.49
188749,0.445
188750,0.4425
188751,0.315
188752,0.55
188753,0.48
188754,0.5275
188755,0.5
188756,0.3625
188757,0.32
188758,0.4125
188759,0.4775
188760,0.42
188761,0.5175
188762,0.6325
188763,0.4025
188764,0.685
188765,0.49
188766,0.5375
188767,0.4875
188768,0.35
188769,0.3925
188770,0.2975
188771,0.3675
188772,0.32
188773,0.465
188774,0.5175
188775,0.51
188776,0.655
188777,0.6975
188778,0.5125
188779,0.4075
188780,0.495
188781,0.425
188782,0.48
188783,0.33
188784,0.3925
188785,0.3475
188786,0.665
188787,0.3975
188788,0.42
188789,0.6725
188790,0.46
188791,0.35
188792,0.36
188793,0.295
188794,0.3625
188795,0.6225
188796,0.39
188797,0.385
188798,0.3775
188799,0.795
188800,0.5925
188801,0.51
188802,0.38
188803,0.495
188804,0.405
188805,0.495
188806,0.4075
188807,0.385
188808,0.32
188809,0.4325
188810,0.515
188811,0.26
188812,0.6425
188813,0.3325
188814,0.5775
188815,0.6925
188816,0.51
188817,0.605
188818,0.4225
188819,0.5175
188820,0.6
188821,0.3975
188822,0.4725
188823,0.465
188824,0.63
188825,0.46
188826,0.345
188827,0.4025
188828,0.5225
188829,0.47
188830,0.4975
188831,0.5625
188832,0.495
188833,0.38
188834,0.4275
188835,0.42
188836,0.3425
188837,0.6925
188838,0.395
188839,0.48
188840,0.5725
188841,0.43
188842,0.515
188843,0.4
188844,0.4675
188845,0.585
188846,0.485
188847,0.455
188848,0.435
188849,0.455
188850,0.3625
188851,0.3575
188852,0.495
188853,0.4325
188854,0.45
188855,0.3825
188856,0.305
188857,0.46
188858,0.4325
188859,0.4975
188860,0.5025
188861,0.45
188862,0.485
188863,0.3225
188864,0.4375
188865,0.41
188866,0.46
188867,0.75
188868,0.4625
188869,0.4525
188870,0.5475
188871,0.485
188872,0.365
188873,0.455
188874,0.415
188875,0.4625
188876,0.4275
188877,0.44
188878,0.4525
188879,0.4475
188880,0.52
188881,0.36
188882,0.5075
188883,0.3875
188884,0.7175
188885,0.4125
188886,0.39
188887,0.405
188888,0.525
188889,0.405
188890,0.44
188891,0.4125
188892,0.45
188893,0.6
188894,0.625
188895,0.545
188896,0.4375
188897,0.51
188898,0.4675
188899,0.4675
188900,0.6025
188901,0.4575
188902,0.4575
188903,0.43
188904,0.5825
188905,0.405
188906,0.44
188907,0.445
188908,0.475
188909,0.3375
188910,0.46
188911,0.4825
188912,0.3625
188913,0.3725
188914,0.4275
188915,0.4625
188916,0.51
188917,0.4725
188918,0.68
188919,0.4525
188920,0.57
188921,0.36
188922,0.5225
188923,0.5725
188924,0.42
188925,0.3475
188926,0.4675
188927,0.57
188928,0.375
188929,0.3975
188930,0.5875
188931,0.3625
188932,0.3575
188933,0.575
188934,0.355
188935,0.3825
188936,0.51
188937,0.5375
188938,0.515
188939,0.5425
188940,0.4825
188941,0.5025
188942,0.47
188943,0.4025
188944,0.48
188945,0.57
188946,0.3625
188947,0.555
188948,0.5575
188949,0.545
188950,0.33
188951,0.4875
188952,0.4275
188953,0.4675
188954,0.4275
188955,0.355
188956,0.5475
188957,0.52
188958,0.315
188959,0.4075
188960,0.3825
188961,0.55
188962,0.4925
188963,0.4875
188964,0.425
188965,0.4475
188966,0.41
188967,0.545
188968,0.4
188969,0.3875
188970,0.485
188971,0.4225
188972,0.4125
188973,0.6425
188974,0.5075
188975,0.4775
188976,0.4425
188977,0.46
188978,0.5
188979,0.41
188980,0.5
188981,0.7775
188982,0.7125
188983,0.6225
188984,0.4875
188985,0.465
188986,0.5875
188987,0.4575
188988,0.4075
188989,0.595
188990,0.3925
188991,0.4825
188992,0.5325
188993,0.4275
188994,0.545
188995,0.455
188996,0.51
188997,0.5675
188998,0.345
188999,0.5425
189000,0.475
189001,0.4475
189002,0.4625
189003,0.465
189004,0.45
189005,0.37
189006,0.435
189007,0.5125
189008,0.565
189009,0.3975
189010,0.6725
189011,0.3575
189012,0.585
189013,0.475
189014,0.455
189015,0.39
189016,0.3575
189017,0.45
189018,0.4475
189019,0.485
189020,0.3625
189021,0.46
189022,0.68
189023,0.55
189024,0.53
189025,0.555
189026,0.53
189027,0.55
189028,0.4725
189029,0.4125
189030,0.515
189031,0.4925
189032,0.45
189033,0.3975
189034,0.5425
189035,0.53
189036,0.5475
189037,0.4825
189038,0.505
189039,0.38
189040,0.5275
189041,0.47
189042,0.4575
189043,0.6
189044,0.4725
189045,0.3825
189046,0.4925
189047,0.49
189048,0.5275
189049,0.675
189050,0.53
189051,0.61
189052,0.5
189053,0.53
189054,0.43
189055,0.55
189056,0.6825
189057,0.435
189058,0.385
189059,0.4825
189060,0.4225
189061,0.3725
189062,0.515
189063,0.595
189064,0.475
189065,0.5225
189066,0.35
189067,0.5525
189068,0.615
189069,0.475
189070,0.4725
189071,0.6475
189072,0.5275
189073,0.58
189074,0.4925
189075,0.28
189076,0.4575
189077,0.445
189078,0.4925
189079,0.675
189080,0.4575
189081,0.4
189082,0.52
189083,0.7075
189084,0.2875
189085,0.34
189086,0.5025
189087,0.495
189088,0.5725
189089,0.5925
189090,0.51
189091,0.5375
189092,0.5675
189093,0.43
189094,0.3625
189095,0.39
189096,0.6025
189097,0.455
189098,0.4825
189099,0.5075
189100,0.73
189101,0.4575
189102,0.3875
189103,0.39
189104,0.38
189105,0.495
189106,0.5125
189107,0.51
189108,0.42
189109,0.5975
189110,0.59
189111,0.4525
189112,0.4525
189113,0.5375
189114,0.3825
189115,0.38
189116,0.46
189117,0.485
189118,0.54
189119,0.605
189120,0.46
189121,0.44
189122,0.5125
189123,0.31
189124,0.6225
189125,0.43
189126,0.4075
189127,0.3075
189128,0.64
189129,0.4725
189130,0.4225
189131,0.6025
189132,0.515
189133,0.3825
189134,0.4525
189135,0.51
189136,0.5675
189137,0.675
189138,0.3825
189139,0.4775
189140,0.3525
189141,0.3125
189142,0.5075
189143,0.285
189144,0.485
189145,0.4625
189146,0.515
189147,0.3275
189148,0.56
189149,0.5
189150,0.3575
189151,0.41
189152,0.3475
189153,0.59
189154,0.4225
189155,0.3975
189156,0.6825
189157,0.5925
189158,0.3525
189159,0.27
189160,0.3725
189161,0.7475
189162,0.3675
189163,0.4975
189164,0.4075
189165,0.4625
189166,0.5925
189167,0.675
189168,0.6375
189169,0.4325
189170,0.4475
189171,0.3425
189172,0.445
189173,0.4525
189174,0.4675
189175,0.3275
189176,0.44
189177,0.5325
189178,0.3975
189179,0.2775
189180,0.4175
189181,0.4175
189182,0.3325
189183,0.475
189184,0.3075
189185,0.4075
189186,0.5625
189187,0.385
189188,0.535
189189,0.3225
189190,0.565
189191,0.52
189192,0.505
189193,0.5
189194,0.38
189195,0.3625
189196,0.55
189197,0.48
189198,0.5325
189199,0.4075
189200,0.42
189201,0.545
189202,0.4375
189203,0.38
189204,0.44
189205,0.5525
189206,0.3375
189207,0.4825
189208,0.6825
189209,0.495
189210,0.595
189211,0.3725
189212,0.5025
189213,0.38
189214,0.4425
189215,0.4075
189216,0.395
189217,0.375
189218,0.5425
189219,0.335
189220,0.425
189221,0.3675
189222,0.4925
189223,0.42
189224,0.375
189225,0.5475
189226,0.36
189227,0.3625
189228,0.3
189229,0.48
189230,0.3825
189231,0.4225
189232,0.505
189233,0.3475
189234,0.375
189235,0.37
189236,0.3825
189237,0.7125
189238,0.47
189239,0.44
189240,0.33
189241,0.605
189242,0.565
189243,0.4425
189244,0.555
189245,0.445
189246,0.4875
189247,0.525
189248,0.505
189249,0.44
189250,0.5125
189251,0.5275
189252,0.4
189253,0.42
189254,0.33
189255,0.3575
189256,0.3925
189257,0.4425
189258,0.4575
189259,0.55
189260,0.54
189261,0.4475
189262,0.3775
189263,0.46
189264,0.395
189265,0.42
189266,0.6025
189267,0.58
189268,0.3175
189269,0.465
189270,0.53
189271,0.4825
189272,0.3175
189273,0.38
189274,0.365
189275,0.495
189276,0.4425
189277,0.4675
189278,0.6225
189279,0.45
189280,0.6325
189281,0.4525
189282,0.395
189283,0.3475
189284,0.6775
189285,0.4575
189286,0.3875
189287,0.45
189288,0.3575
189289,0.4825
189290,0.43
189291,0.3375
189292,0.4325
189293,0.3525
189294,0.47
189295,0.4275
189296,0.43
189297,0.3575
189298,0.37
189299,0.3825
189300,0.5725
189301,0.3525
189302,0.4475
189303,0.435
189304,0.525
189305,0.4375
189306,0.4325
189307,0.3775
189308,0.53
189309,0.4325
189310,0.4725
189311,0.585
189312,0.365
189313,0.46
189314,0.7075
189315,0.4925
189316,0.425
189317,0.395
189318,0.3825
189319,0.405
189320,0.4075
189321,0.5025
189322,0.3
189323,0.6675
189324,0.685
189325,0.3225
189326,0.4225
189327,0.59
189328,0.465
189329,0.325
189330,0.455
189331,0.35
189332,0.7325
189333,0.5375
189334,0.3875
189335,0.555
189336,0.535
189337,0.39
189338,0.485
189339,0.3475
189340,0.395
189341,0.3975
189342,0.375
189343,0.34
189344,0.305
189345,0.465
189346,0.415
189347,0.555
189348,0.5025
189349,0.6575
189350,0.52
189351,0.4425
189352,0.485
189353,0.3975
189354,0.43
189355,0.38
189356,0.58
189357,0.4675
189358,0.4725
189359,0.365
189360,0.485
189361,0.485
189362,0.4025
189363,0.37
189364,0.3875
189365,0.405
189366,0.315
189367,0.475
189368,0.51
189369,0.46
189370,0.43
189371,0.525
189372,0.365
189373,0.425
189374,0.4375
189375,0.34
189376,0.4075
189377,0.6125
189378,0.6575
189379,0.6175
189380,0.375
189381,0.65
189382,0.515
189383,0.73
189384,0.48
189385,0.5575
189386,0.64
189387,0.595
189388,0.455
189389,0.5675
189390,0.4275
189391,0.5375
189392,0.5525
189393,0.3775
189394,0.5175
189395,0.485
189396,0.545
189397,0.38
189398,0.5175
189399,0.5325
189400,0.37
189401,0.375
189402,0.3525
189403,0.5675
189404,0.335
189405,0.45
189406,0.595
189407,0.41
189408,0.4875
189409,0.4825
189410,0.47
189411,0.41
189412,0.325
189413,0.37
189414,0.4275
189415,0.5975
189416,0.54
189417,0.3725
189418,0.4625
189419,0.44
189420,0.425
189421,0.515
189422,0.585
189423,0.53
189424,0.4875
189425,0.4575
189426,0.2925
189427,0.42
189428,0.45
189429,0.39
189430,0.3425
189431,0.3775
189432,0.4375
189433,0.465
189434,0.3875
189435,0.495
189436,0.33
189437,0.3675
189438,0.565
189439,0.36
189440,0.5175
189441,0.4325
189442,0.4075
189443,0.5075
189444,0.3275
189445,0.36
189446,0.5625
189447,0.4175
189448,0.5225
189449,0.37
189450,0.42
189451,0.3825
189452,0.465
189453,0.3775
189454,0.585
189455,0.4525
189456,0.5825
189457,0.6
189458,0.3275
189459,0.72
189460,0.3975
189461,0.4525
189462,0.5275
189463,0.5125
189464,0.545
189465,0.4025
189466,0.325
189467,0.4925
189468,0.455
189469,0.485
189470,0.5625
189471,0.465
189472,0.42
189473,0.37
189474,0.64
189475,0.3625
189476,0.3525
189477,0.3675
189478,0.4675
189479,0.505
189480,0.5125
189481,0.3475
189482,0.475
189483,0.425
189484,0.35
189485,0.29
189486,0.415
189487,0.5025
189488,0.7125
189489,0.3175
189490,0.6875
189491,0.565
189492,0.5925
189493,0.5825
189494,0.46
189495,0.415
189496,0.4
189497,0.4625
189498,0.36
189499,0.365
189500,0.5225
189501,0.3375
189502,0.5425
189503,0.4325
189504,0.5275
189505,0.47
189506,0.495
189507,0.6325
189508,0.465
189509,0.5025
189510,0.47
189511,0.4925
189512,0.605
189513,0.4575
189514,0.385
189515,0.5175
189516,0.445
189517,0.5475
189518,0.325
189519,0.4825
189520,0.3925
189521,0.3525
189522,0.39
189523,0.4825
189524,0.4125
189525,0.425
189526,0.455
189527,0.5075
189528,0.385
189529,0.46
189530,0.365
189531,0.4425
189532,0.565
189533,0.535
189534,0.67
189535,0.615
189536,0.5525
189537,0.6225
189538,0.415
189539,0.6475
189540,0.6275
189541,0.4225
189542,0.3375
189543,0.4775
189544,0.43
189545,0.4525
189546,0.375
189547,0.395
189548,0.345
189549,0.5525
189550,0.345
189551,0.46
189552,0.4575
189553,0.41
189554,0.46
189555,0.5925
189556,0.455
189557,0.585
189558,0.48
189559,0.4275
189560,0.505
189561,0.765
189562,0.39
189563,0.4325
189564,0.555
189565,0.4275
189566,0.4275
189567,0.3775
189568,0.5375
189569,0.445
189570,0.54
189571,0.495
189572,0.42
189573,0.435
189574,0.53
189575,0.4
189576,0.6125
189577,0.5
189578,0.4575
189579,0.4925
189580,0.2975
189581,0.505
189582,0.38
189583,0.46
189584,0.45
189585,0.62
189586,0.6375
189587,0.3525
189588,0.4975
189589,0.4375
189590,0.3475
189591,0.4375
189592,0.66
189593,0.465
189594,0.39
189595,0.3375
189596,0.605
189597,0.4675
189598,0.555
189599,0.325
189600,0.405
189601,0.31
189602,0.34
189603,0.48
189604,0.37
189605,0.495
189606,0.5625
189607,0.3925
189608,0.34
189609,0.5975
189610,0.4975
189611,0.6275
189612,0.62
189613,0.6225
189614,0.4625
189615,0.5275
189616,0.415
189617,0.5
189618,0.4075
189619,0.3825
189620,0.435
189621,0.3625
189622,0.4175
189623,0.575
189624,0.435
189625,0.53
189626,0.48
189627,0.62
189628,0.2725
189629,0.3375
189630,0.37
189631,0.3675
189632,0.4925
189633,0.4375
189634,0.3625
189635,0.465
189636,0.5
189637,0.315
189638,0.4025
189639,0.305
189640,0.6125
189641,0.44
189642,0.4125
189643,0.46
189644,0.335
189645,0.465
189646,0.41
189647,0.385
189648,0.46
189649,0.41
189650,0.4825
189651,0.36
189652,0.435
189653,0.3925
189654,0.46
189655,0.44
189656,0.2975
189657,0.635
189658,0.4925
189659,0.49
189660,0.4575
189661,0.5725
189662,0.43
189663,0.3525
189664,0.4575
189665,0.475
189666,0.3025
189667,0.7075
189668,0.435
189669,0.3325
189670,0.3775
189671,0.3675
189672,0.345
189673,0.43
189674,0.42
189675,0.4725
189676,0.415
189677,0.6025
189678,0.3425
189679,0.61
189680,0.3
189681,0.3825
189682,0.65
189683,0.545
189684,0.44
189685,0.555
189686,0.5825
189687,0.415
189688,0.4175
189689,0.4075
189690,0.5975
189691,0.44
189692,0.27
189693,0.5175
189694,0.67
189695,0.4025
189696,0.5125
189697,0.3275
189698,0.5525
189699,0.6
189700,0.5325
189701,0.5425
189702,0.3925
189703,0.315
189704,0.375
189705,0.4525
189706,0.45
189707,0.4875
189708,0.48
189709,0.49
189710,0.5075
189711,0.39
189712,0.45
189713,0.5275
189714,0.46
189715,0.4775
189716,0.3725
189717,0.45
189718,0.585
189719,0.4675
189720,0.35
189721,0.7
189722,0.4575
189723,0.4125
189724,0.5525
189725,0.3975
189726,0.4175
189727,0.585
189728,0.6825
189729,0.4275
189730,0.3825
189731,0.3825
189732,0.42
189733,0.4475
189734,0.36
189735,0.475
189736,0.4525
189737,0.5925
189738,0.5375
189739,0.35
189740,0.5
189741,0.3125
189742,0.4275
189743,0.585
189744,0.545
189745,0.51
189746,0.4625
189747,0.47
189748,0.3475
189749,0.375
189750,0.3675
189751,0.4075
189752,0.4025
189753,0.47
189754,0.545
189755,0.435
189756,0.3175
189757,0.3325
189758,0.4025
189759,0.3375
189760,0.6075
189761,0.4375
189762,0.3575
189763,0.4575
189764,0.4325
189765,0.2975
189766,0.47
189767,0.3375
189768,0.4225
189769,0.4625
189770,0.38
189771,0.555
189772,0.4875
189773,0.55
189774,0.3875
189775,0.575
189776,0.49
189777,0.5875
189778,0.475
189779,0.365
189780,0.4025
189781,0.3125
189782,0.4575
189783,0.615
189784,0.445
189785,0.3275
189786,0.4175
189787,0.7
189788,0.4475
189789,0.5575
189790,0.4225
189791,0.59
189792,0.4575
189793,0.3875
189794,0.5175
189795,0.5275
189796,0.4275
189797,0.685
189798,0.4625
189799,0.365
189800,0.415
189801,0.34
189802,0.3425
189803,0.3675
189804,0.4875
189805,0.4325
189806,0.4575
189807,0.46
189808,0.445
189809,0.385
189810,0.355
189811,0.4675
189812,0.355
189813,0.5425
189814,0.395
189815,0.5325
189816,0.5675
189817,0.46
189818,0.5325
189819,0.47
189820,0.35
189821,0.52
189822,0.325
189823,0.4275
189824,0.535
189825,0.5475
189826,0.4425
189827,0.49
189828,0.3875
189829,0.58
189830,0.52
189831,0.4275
189832,0.48
189833,0.385
189834,0.3775
189835,0.505
189836,0.5875
189837,0.4275
189838,0.4575
189839,0.355
189840,0.3475
189841,0.4
189842,0.3825
189843,0.77
189844,0.5175
189845,0.5
189846,0.5875
189847,0.37
189848,0.4775
189849,0.5625
189850,0.3925
189851,0.545
189852,0.37
189853,0.32
189854,0.5575
189855,0.4475
189856,0.3675
189857,0.365
189858,0.4825
189859,0.665
189860,0.615
189861,0.38
189862,0.63
189863,0.4325
189864,0.4575
189865,0.4425
189866,0.5875
189867,0.4125
189868,0.37
189869,0.585
189870,0.475
189871,0.475
189872,0.4675
189873,0.3175
189874,0.45
189875,0.3375
189876,0.3875
189877,0.5175
189878,0.3675
189879,0.4475
189880,0.4775
189881,0.44
189882,0.5325
189883,0.5625
189884,0.515
189885,0.465
189886,0.4625
189887,0.36
189888,0.415
189889,0.675
189890,0.445
189891,0.5325
189892,0.365
189893,0.385
189894,0.65
189895,0.3725
189896,0.4425
189897,0.4525
189898,0.38
189899,0.635
189900,0.42
189901,0.5825
189902,0.31
189903,0.37
189904,0.3025
189905,0.4825
189906,0.4525
189907,0.3375
189908,0.4625
189909,0.375
189910,0.505
189911,0.405
189912,0.5175
189913,0.41
189914,0.5
189915,0.3225
189916,0.4225
189917,0.435
189918,0.36
189919,0.5825
189920,0.3625
189921,0.585
189922,0.6725
189923,0.515
189924,0.355
189925,0.48
189926,0.6775
189927,0.565
189928,0.6675
189929,0.4775
189930,0.4875
189931,0.38
189932,0.54
189933,0.5125
189934,0.3775
189935,0.4825
189936,0.535
189937,0.4325
189938,0.38
189939,0.515
189940,0.51
189941,0.3725
189942,0.3175
189943,0.455
189944,0.5
189945,0.55
189946,0.7225
189947,0.6125
189948,0.4525
189949,0.3875
189950,0.4725
189951,0.465
189952,0.3725
189953,0.525
189954,0.3675
189955,0.4675
189956,0.5875
189957,0.31
189958,0.33
189959,0.3525
189960,0.54
189961,0.625
189962,0.545
189963,0.4775
189964,0.345
189965,0.345
189966,0.4025
189967,0.57
189968,0.4975
189969,0.5525
189970,0.5025
189971,0.455
189972,0.4575
189973,0.4475
189974,0.335
189975,0.4975
189976,0.51
189977,0.465
189978,0.695
189979,0.5075
189980,0.645
189981,0.4125
189982,0.3875
189983,0.47
189984,0.5075
189985,0.5425
189986,0.3875
189987,0.4325
189988,0.5675
189989,0.5775
189990,0.4275
189991,0.3425
189992,0.5125
189993,0.37
189994,0.6325
189995,0.435
189996,0.4325
189997,0.4475
189998,0.375
189999,0.575
190000,0.4325
190001,0.4075
190002,0.335
190003,0.4375
190004,0.365
190005,0.5825
190006,0.6075
190007,0.495
190008,0.3925
190009,0.56
190010,0.485
190011,0.41
190012,0.4825
190013,0.545
190014,0.5375
190015,0.5625
190016,0.4425
190017,0.4475
190018,0.4875
190019,0.4375
190020,0.4225
190021,0.675
190022,0.4325
190023,0.4475
190024,0.4825
190025,0.4475
190026,0.53
190027,0.5675
190028,0.665
190029,0.42
190030,0.5625
190031,0.5175
190032,0.33
190033,0.55
190034,0.3975
190035,0.3175
190036,0.5375
190037,0.5775
190038,0.43
190039,0.5
190040,0.505
190041,0.35
190042,0.405
190043,0.475
190044,0.64
190045,0.4125
190046,0.48
190047,0.42
190048,0.675
190049,0.6025
190050,0.69
190051,0.53
190052,0.5125
190053,0.525
190054,0.4225
190055,0.4225
190056,0.4775
190057,0.5425
190058,0.465
190059,0.3525
190060,0.36
190061,0.4025
190062,0.5975
190063,0.4
190064,0.455
190065,0.4675
190066,0.49
190067,0.4325
190068,0.5775
190069,0.4075
190070,0.4575
190071,0.395
190072,0.43
190073,0.49
190074,0.5275
190075,0.4225
190076,0.44
190077,0.39
190078,0.44
190079,0.345
190080,0.465
190081,0.5175
190082,0.3025
190083,0.4725
190084,0.465
190085,0.5275
190086,0.475
190087,0.575
190088,0.545
190089,0.4825
190090,0.445
190091,0.5425
190092,0.245
190093,0.645
190094,0.4275
190095,0.595
190096,0.42
190097,0.565
190098,0.365
190099,0.4025
190100,0.345
190101,0.4125
190102,0.5025
190103,0.4125
190104,0.5225
190105,0.425
190106,0.545
190107,0.5625
190108,0.5025
190109,0.485
190110,0.445
190111,0.4475
190112,0.55
190113,0.44
190114,0.425
190115,0.465
190116,0.4725
190117,0.4375
190118,0.605
190119,0.6325
190120,0.415
190121,0.4
190122,0.535
190123,0.4825
190124,0.445
190125,0.4525
190126,0.4125
190127,0.605
190128,0.63
190129,0.48
190130,0.665
190131,0.47
190132,0.47
190133,0.36
190134,0.39
190135,0.4825
190136,0.3875
190137,0.3375
190138,0.46
190139,0.5425
190140,0.675
190141,0.53
190142,0.4425
190143,0.48
190144,0.5
190145,0.5675
190146,0.3825
190147,0.5275
190148,0.525
190149,0.425
190150,0.3825
190151,0.535
190152,0.53
190153,0.5
190154,0.56
190155,0.4775
190156,0.33
190157,0.595
190158,0.5675
190159,0.56
190160,0.7575
190161,0.4525
190162,0.4025
190163,0.6225
190164,0.65
190165,0.445
190166,0.6575
190167,0.7
190168,0.6225
190169,0.43
190170,0.5125
190171,0.5
190172,0.535
190173,0.405
190174,0.4775
190175,0.53
190176,0.67
190177,0.4725
190178,0.485
190179,0.6975
190180,0.535
190181,0.3975
190182,0.72
190183,0.445
190184,0.505
190185,0.475
190186,0.5
190187,0.375
190188,0.4325
190189,0.5875
190190,0.5875
190191,0.4975
190192,0.4225
190193,0.635
190194,0.4275
190195,0.47
190196,0.49
190197,0.53
190198,0.4575
190199,0.535
190200,0.3775
190201,0.4925
190202,0.39
190203,0.4575
190204,0.645
190205,0.5075
190206,0.515
190207,0.395
190208,0.655
190209,0.4075
190210,0.6175
190211,0.47
190212,0.535
190213,0.3775
190214,0.54
190215,0.5225
190216,0.5675
190217,0.3925
190218,0.4825
190219,0.475
190220,0.41
190221,0.47
190222,0.3525
190223,0.44
190224,0.3325
190225,0.44
190226,0.7075
190227,0.5
190228,0.43
190229,0.5425
190230,0.4475
190231,0.5725
190232,0.44
190233,0.675
190234,0.49
190235,0.47
190236,0.61
190237,0.47
190238,0.6525
190239,0.605
190240,0.345
190241,0.32
190242,0.465
190243,0.565
190244,0.595
190245,0.4575
190246,0.4775
190247,0.4675
190248,0.4575
190249,0.4675
190250,0.5725
190251,0.51
190252,0.455
190253,0.575
190254,0.4425
190255,0.49
190256,0.415
190257,0.5475
190258,0.4575
190259,0.56
190260,0.64
190261,0.5175
190262,0.625
190263,0.3875
190264,0.5625
190265,0.5875
190266,0.4275
190267,0.4025
190268,0.4125
190269,0.34
190270,0.685
190271,0.475
190272,0.5925
190273,0.7175
190274,0.8175
190275,0.48
190276,0.4675
190277,0.495
190278,0.5175
190279,0.6225
190280,0.5025
190281,0.6075
190282,0.6125
190283,0.7025
190284,0.485
190285,0.6425
190286,0.4975
190287,0.555
190288,0.505
190289,0.375
190290,0.4125
190291,0.4725
190292,0.5075
190293,0.4575
190294,0.7125
190295,0.4925
190296,0.6625
190297,0.3825
190298,0.54
190299,0.505
190300,0.41
190301,0.4625
190302,0.455
190303,0.385
190304,0.3575
190305,0.4675
190306,0.525
190307,0.6375
190308,0.525
190309,0.4525
190310,0.605
190311,0.5175
190312,0.495
190313,0.435
190314,0.49
190315,0.49
190316,0.49
190317,0.52
190318,0.5225
190319,0.495
190320,0.4525
190321,0.6275
190322,0.645
190323,0.435
190324,0.645
190325,0.36
190326,0.6825
190327,0.5175
190328,0.4725
190329,0.415
190330,0.4075
190331,0.5125
190332,0.5275
190333,0.5
190334,0.555
190335,0.49
190336,0.4475
190337,0.4875
190338,0.4
190339,0.6075
190340,0.6625
190341,0.4925
190342,0.3625
190343,0.4575
190344,0.4175
190345,0.5475
190346,0.36
190347,0.515
190348,0.52
190349,0.5725
190350,0.4025
190351,0.48
190352,0.49
190353,0.4025
190354,0.41
190355,0.3025
190356,0.4025
190357,0.4675
190358,0.575
190359,0.445
190360,0.54
190361,0.48
190362,0.4825
190363,0.3575
190364,0.5225
190365,0.4325
190366,0.5875
190367,0.42
190368,0.48
190369,0.5325
190370,0.4775
190371,0.6725
190372,0.58
190373,0.3975
190374,0.4
190375,0.545
190376,0.425
190377,0.4225
190378,0.57
190379,0.55
190380,0.42
190381,0.5625
190382,0.5375
190383,0.4975
190384,0.5425
190385,0.4025
190386,0.475
190387,0.3825
190388,0.4575
190389,0.4275
190390,0.67
190391,0.45
190392,0.4825
190393,0.4
190394,0.5275
190395,0.4325
190396,0.4575
190397,0.4625
190398,0.49
190399,0.5625
190400,0.5475
190401,0.3875
190402,0.5475
190403,0.4225
190404,0.43
190405,0.43
190406,0.655
190407,0.445
190408,0.6025
190409,0.5525
190410,0.405
190411,0.5
190412,0.5975
190413,0.4125
190414,0.4525
190415,0.49
190416,0.4
190417,0.545
190418,0.435
190419,0.3175
190420,0.38
190421,0.4625
190422,0.3925
190423,0.485
190424,0.6125
190425,0.305
190426,0.46
190427,0.64
190428,0.585
190429,0.6925
190430,0.665
190431,0.555
190432,0.4775
190433,0.46
190434,0.55
190435,0.6625
190436,0.48
190437,0.5275
190438,0.48
190439,0.6375
190440,0.49
190441,0.5875
190442,0.425
190443,0.4475
190444,0.5175
190445,0.6325
190446,0.4475
190447,0.445
190448,0.585
190449,0.6675
190450,0.3525
190451,0.475
190452,0.7025
190453,0.685
190454,0.56
190455,0.5025
190456,0.6
190457,0.64
190458,0.4125
190459,0.57
190460,0.4875
190461,0.315
190462,0.365
190463,0.5475
190464,0.5125
190465,0.5675
190466,0.6475
190467,0.5975
190468,0.56
190469,0.3525
190470,0.715
190471,0.5475
190472,0.605
190473,0.385
190474,0.36
190475,0.545
190476,0.37
190477,0.525
190478,0.5625
190479,0.4925
190480,0.4625
190481,0.4575
190482,0.4375
190483,0.5525
190484,0.7
190485,0.395
190486,0.58
190487,0.6925
190488,0.6125
190489,0.5425
190490,0.5575
190491,0.565
190492,0.6625
190493,0.3975
190494,0.3575
190495,0.4825
190496,0.545
190497,0.4975
190498,0.55
190499,0.4125
190500,0.4825
190501,0.42
190502,0.495
190503,0.4875
190504,0.46
190505,0.405
190506,0.55
190507,0.465
190508,0.46
190509,0.445
190510,0.515
190511,0.45
190512,0.4875
190513,0.435
190514,0.565
190515,0.5325
190516,0.4975
190517,0.4475
190518,0.6975
190519,0.5125
190520,0.475
190521,0.68
190522,0.535
190523,0.4275
190524,0.4275
190525,0.4475
190526,0.4275
190527,0.4725
190528,0.5425
190529,0.4
190530,0.3825
190531,0.4675
190532,0.52
190533,0.62
190534,0.3825
190535,0.5325
190536,0.565
190537,0.385
190538,0.4125
190539,0.565
190540,0.47
190541,0.45
190542,0.61
190543,0.4475
190544,0.495
190545,0.605
190546,0.5875
190547,0.62
190548,0.555
190549,0.5025
190550,0.4475
190551,0.4625
190552,0.5325
190553,0.5125
190554,0.5525
190555,0.555
190556,0.4325
190557,0.59
190558,0.5625
190559,0.5025
190560,0.4625
190561,0.4
190562,0.6075
190563,0.535
190564,0.5075
190565,0.5175
190566,0.355
190567,0.5625
190568,0.49
190569,0.635
190570,0.4375
190571,0.395
190572,0.6525
190573,0.5175
190574,0.505
190575,0.56
190576,0.5075
190577,0.69
190578,0.56
190579,0.5575
190580,0.6225
190581,0.6425
190582,0.2725
190583,0.465
190584,0.5375
190585,0.6875
190586,0.6375
190587,0.3825
190588,0.4675
190589,0.445
190590,0.7025
190591,0.4425
190592,0.5275
190593,0.515
190594,0.64
190595,0.4425
190596,0.39
190597,0.4975
190598,0.485
190599,0.5375
190600,0.5425
190601,0.4175
190602,0.3975
190603,0.445
190604,0.5725
190605,0.605
190606,0.565
190607,0.3825
190608,0.4425
190609,0.4525
190610,0.51
190611,0.3725
190612,0.4875
190613,0.3425
190614,0.465
190615,0.56
190616,0.48
190617,0.4925
190618,0.5575
190619,0.4675
190620,0.4375
190621,0.5175
190622,0.43
190623,0.5925
190624,0.3825
190625,0.645
190626,0.5075
190627,0.5175
190628,0.5525
190629,0.6725
190630,0.5575
190631,0.44
190632,0.535
190633,0.4675
190634,0.5475
190635,0.485
190636,0.35
190637,0.395
190638,0.4725
190639,0.3725
190640,0.6175
190641,0.4275
190642,0.3375
190643,0.2975
190644,0.5875
190645,0.2925
190646,0.72
190647,0.505
190648,0.4475
190649,0.565
190650,0.4575
190651,0.3725
190652,0.3675
190653,0.535
190654,0.6425
190655,0.5075
190656,0.6175
190657,0.4875
190658,0.45
190659,0.395
190660,0.6025
190661,0.48
190662,0.56
190663,0.5
190664,0.6
190665,0.525
190666,0.4725
190667,0.5325
190668,0.635
190669,0.645
190670,0.37
190671,0.4825
190672,0.5875
190673,0.4125
190674,0.5625
190675,0.3425
190676,0.375
190677,0.405
190678,0.405
190679,0.6825
190680,0.54
190681,0.465
190682,0.435
190683,0.375
190684,0.545
190685,0.475
190686,0.69
190687,0.4575
190688,0.735
190689,0.69
190690,0.58
190691,0.4675
190692,0.4225
190693,0.5
190694,0.43
190695,0.46
190696,0.655
190697,0.4375
190698,0.4375
190699,0.4925
190700,0.5025
190701,0.4675
190702,0.3075
190703,0.52
190704,0.43
190705,0.415
190706,0.3925
190707,0.4625
190708,0.585
190709,0.3675
190710,0.4075
190711,0.5825
190712,0.3475
190713,0.3875
190714,0.48
190715,0.4125
190716,0.4475
190717,0.4225
190718,0.415
190719,0.565
190720,0.5575
190721,0.4475
190722,0.4
190723,0.4125
190724,0.415
190725,0.58
190726,0.5025
190727,0.45
190728,0.345
190729,0.46
190730,0.3525
190731,0.5225
190732,0.815
190733,0.43
190734,0.64
190735,0.4675
190736,0.44
190737,0.445
190738,0.505
190739,0.535
190740,0.5425
190741,0.4975
190742,0.615
190743,0.4575
190744,0.5325
190745,0.51
190746,0.4425
190747,0.505
190748,0.505
190749,0.465
190750,0.4625
190751,0.5725
190752,0.425
190753,0.39
190754,0.5725
190755,0.515
190756,0.52
190757,0.5175
190758,0.3325
190759,0.465
190760,0.6275
190761,0.5275
190762,0.5125
190763,0.5975
190764,0.3875
190765,0.4725
190766,0.45
190767,0.47
190768,0.3975
190769,0.6875
190770,0.535
190771,0.6
190772,0.52
190773,0.52
190774,0.545
190775,0.4075
190776,0.3725
190777,0.4975
190778,0.54
190779,0.685
190780,0.475
190781,0.47
190782,0.4125
190783,0.345
190784,0.69
190785,0.49
190786,0.5675
190787,0.44
190788,0.34
190789,0.46
190790,0.54
190791,0.33
190792,0.4475
190793,0.535
190794,0.6525
190795,0.4925
190796,0.525
190797,0.3825
190798,0.4125
190799,0.405
190800,0.4925
190801,0.6025
190802,0.515
190803,0.455
190804,0.48
190805,0.4225
190806,0.39
190807,0.4475
190808,0.4
190809,0.6625
190810,0.475
190811,0.595
190812,0.4925
190813,0.6575
190814,0.6775
190815,0.4475
190816,0.465
190817,0.47
190818,0.515
190819,0.475
190820,0.49
190821,0.44
190822,0.525
190823,0.5
190824,0.66
190825,0.46
190826,0.6725
190827,0.4725
190828,0.675
190829,0.5
190830,0.5625
190831,0.46
190832,0.45
190833,0.575
190834,0.43
190835,0.4625
190836,0.3875
190837,0.5825
190838,0.46
190839,0.45
190840,0.5925
190841,0.4875
190842,0.42
190843,0.405
190844,0.5875
190845,0.5125
190846,0.6675
190847,0.4125
190848,0.3775
190849,0.5275
190850,0.73
190851,0.505
190852,0.4625
190853,0.635
190854,0.495
190855,0.5075
190856,0.34
190857,0.54
190858,0.6775
190859,0.4725
190860,0.4475
190861,0.495
190862,0.46
190863,0.385
190864,0.5975
190865,0.3875
190866,0.51
190867,0.6625
190868,0.45
190869,0.62
190870,0.4575
190871,0.5825
190872,0.43
190873,0.55
190874,0.6375
190875,0.415
190876,0.4675
190877,0.395
190878,0.5075
190879,0.5125
190880,0.4975
190881,0.5725
190882,0.4525
190883,0.525
190884,0.435
190885,0.3825
190886,0.455
190887,0.4
190888,0.6275
190889,0.375
190890,0.675
190891,0.5175
190892,0.53
190893,0.4875
190894,0.4675
190895,0.52
190896,0.4575
190897,0.4475
190898,0.655
190899,0.5975
190900,0.635
190901,0.4075
190902,0.34
190903,0.555
190904,0.46
190905,0.4225
190906,0.4325
190907,0.4825
190908,0.4975
190909,0.525
190910,0.48
190911,0.4275
190912,0.51
190913,0.415
190914,0.4825
190915,0.4
190916,0.38
190917,0.4
190918,0.485
190919,0.4225
190920,0.6625
190921,0.6775
190922,0.48
190923,0.5
190924,0.39
190925,0.46
190926,0.51
190927,0.5125
190928,0.5975
190929,0.455
190930,0.48
190931,0.5325
190932,0.43
190933,0.535
190934,0.3
190935,0.455
190936,0.38
190937,0.4025
190938,0.45
190939,0.53
190940,0.5625
190941,0.4175
190942,0.4325
190943,0.4725
190944,0.48
190945,0.5075
190946,0.495
190947,0.52
190948,0.4525
190949,0.4875
190950,0.335
190951,0.395
190952,0.635
190953,0.58
190954,0.52
190955,0.4675
190956,0.4975
190957,0.42
190958,0.5225
190959,0.4825
190960,0.355
190961,0.4325
190962,0.48
190963,0.5875
190964,0.5175
190965,0.49
190966,0.3075
190967,0.495
190968,0.4925
190969,0.4225
190970,0.6125
190971,0.535
190972,0.585
190973,0.59
190974,0.48
190975,0.445
190976,0.4275
190977,0.4475
190978,0.4125
190979,0.4225
190980,0.495
190981,0.4225
190982,0.5125
190983,0.345
190984,0.42
190985,0.43
190986,0.3975
190987,0.47
190988,0.7
190989,0.595
190990,0.6475
190991,0.6475
190992,0.4375
190993,0.4475
190994,0.5325
190995,0.745
190996,0.505
190997,0.645
190998,0.425
190999,0.41
191000,0.4375
191001,0.58
191002,0.625
191003,0.4725
191004,0.3775
191005,0.375
191006,0.455
191007,0.465
191008,0.4875
191009,0.5575
191010,0.535
191011,0.34
191012,0.5725
191013,0.415
191014,0.5075
191015,0.4875
191016,0.43
191017,0.44
191018,0.435
191019,0.425
191020,0.4325
191021,0.4575
191022,0.4325
191023,0.375
191024,0.4425
191025,0.445
191026,0.405
191027,0.435
191028,0.43
191029,0.5075
191030,0.4425
191031,0.425
191032,0.435
191033,0.4625
191034,0.4325
191035,0.445
191036,0.4425
191037,0.4325
191038,0.4325
191039,0.43
191040,0.425
191041,0.43
191042,0.485
191043,0.43
191044,0.4325
191045,0.4325
191046,0.435
191047,0.405
191048,0.485
191049,0.4475
191050,0.4825
191051,0.43
191052,0.4275
191053,0.435
191054,0.44
191055,0.385
191056,0.4325
191057,0.425
191058,0.42
191059,0.43
191060,0.43
191061,0.4125
191062,0.425
191063,0.74
191064,0.5175
191065,0.395
191066,0.43
191067,0.43
191068,0.435
191069,0.3975
191070,0.4725
191071,0.4675
191072,0.4
191073,0.59
191074,0.38
191075,0.4075
191076,0.44
191077,0.565
191078,0.6125
191079,0.5975
191080,0.45
191081,0.6125
191082,0.63
191083,0.405
191084,0.3425
191085,0.405
191086,0.415
191087,0.51
191088,0.515
191089,0.3575
191090,0.65
191091,0.49
191092,0.53
191093,0.435
191094,0.555
191095,0.3425
191096,0.5275
191097,0.43
191098,0.5325
191099,0.395
191100,0.585
191101,0.6925
191102,0.5225
191103,0.345
191104,0.4575
191105,0.41
191106,0.43
191107,0.41
191108,0.38
191109,0.4225
191110,0.4275
191111,0.685
191112,0.29
191113,0.5525
191114,0.6525
191115,0.4675
191116,0.6775
191117,0.62
191118,0.5125
191119,0.4925
191120,0.535
191121,0.4075
191122,0.4275
191123,0.615
191124,0.64
191125,0.58
191126,0.4675
191127,0.4775
191128,0.6225
191129,0.4525
191130,0.4575
191131,0.4675
191132,0.43
191133,0.4725
191134,0.4825
191135,0.41
191136,0.5675
191137,0.445
191138,0.5725
191139,0.48
191140,0.515
191141,0.4275
191142,0.3875
191143,0.3875
191144,0.415
191145,0.4475
191146,0.5
191147,0.4525
191148,0.69
191149,0.5825
191150,0.4975
191151,0.3225
191152,0.6375
191153,0.61
191154,0.47
191155,0.3425
191156,0.4575
191157,0.4175
191158,0.5075
191159,0.675
191160,0.3925
191161,0.59
191162,0.4525
191163,0.4125
191164,0.3125
191165,0.43
191166,0.425
191167,0.4625
191168,0.42
191169,0.4875
191170,0.62
191171,0.59
191172,0.59
191173,0.4425
191174,0.2625
191175,0.685
191176,0.4775
191177,0.5475
191178,0.4225
191179,0.765
191180,0.3775
191181,0.4475
191182,0.2875
191183,0.4375
191184,0.56
191185,0.64
191186,0.525
191187,0.43
191188,0.43
191189,0.45
191190,0.3425
191191,0.5025
191192,0.625
191193,0.6225
191194,0.5825
191195,0.625
191196,0.415
191197,0.5025
191198,0.5575
191199,0.5375
191200,0.41
191201,0.5525
191202,0.6325
191203,0.4175
191204,0.53
191205,0.495
191206,0.635
191207,0.56
191208,0.44
191209,0.64
191210,0.5575
191211,0.45
191212,0.5975
191213,0.5325
191214,0.545
191215,0.71
191216,0.5575
191217,0.64
191218,0.4925
191219,0.495
191220,0.3625
191221,0.5225
191222,0.4375
191223,0.645
191224,0.48
191225,0.6075
191226,0.4225
191227,0.5725
191228,0.54
191229,0.475
191230,0.6575
191231,0.61
191232,0.375
191233,0.53
191234,0.5675
191235,0.4475
191236,0.72
191237,0.5425
191238,0.5425
191239,0.4075
191240,0.52
191241,0.5875
191242,0.51
191243,0.5625
191244,0.485
191245,0.53
191246,0.77
191247,0.7
191248,0.435
191249,0.45
191250,0.5675
191251,0.62
191252,0.64
191253,0.585
191254,0.5175
191255,0.5975
191256,0.3425
191257,0.5975
191258,0.4025
191259,0.4625
191260,0.39
191261,0.65
191262,0.52
191263,0.5025
191264,0.52
191265,0.5825
191266,0.575
191267,0.46
191268,0.6475
191269,0.4125
191270,0.4725
191271,0.525
191272,0.5025
191273,0.49
191274,0.41
191275,0.525
191276,0.4725
191277,0.57
191278,0.425
191279,0.535
191280,0.42
191281,0.5775
191282,0.3875
191283,0.4925
191284,0.455
191285,0.4425
191286,0.5425
191287,0.3875
191288,0.445
191289,0.6725
191290,0.555
191291,0.47
191292,0.465
191293,0.6275
191294,0.43
191295,0.63
191296,0.3575
191297,0.615
191298,0.5275
191299,0.5525
191300,0.54
191301,0.5675
191302,0.375
191303,0.5275
191304,0.41
191305,0.485
191306,0.585
191307,0.4625
191308,0.41
191309,0.495
191310,0.535
191311,0.565
191312,0.4525
191313,0.38
191314,0.5425
191315,0.6975
191316,0.605
191317,0.4025
191318,0.4475
191319,0.57
191320,0.465
191321,0.445
191322,0.455
191323,0.61
191324,0.32
191325,0.35
191326,0.4
191327,0.505
191328,0.4125
191329,0.59
191330,0.41
191331,0.3625
191332,0.59
191333,0.51
191334,0.3875
191335,0.2975
191336,0.465
191337,0.435
191338,0.6375
191339,0.4625
191340,0.3925
191341,0.4
191342,0.53
191343,0.445
191344,0.4175
191345,0.65
191346,0.5
191347,0.335
191348,0.4675
191349,0.4275
191350,0.6325
191351,0.4925
191352,0.2725
191353,0.4625
191354,0.445
191355,0.49
191356,0.53
191357,0.4725
191358,0.5975
191359,0.715
191360,0.5525
191361,0.5325
191362,0.58
191363,0.49
191364,0.5875
191365,0.62
191366,0.36
191367,0.36
191368,0.41
191369,0.4575
191370,0.5625
191371,0.555
191372,0.4375
191373,0.335
191374,0.4475
191375,0.3825
191376,0.4525
191377,0.565
191378,0.565
191379,0.4675
191380,0.7075
191381,0.51
191382,0.455
191383,0.52
191384,0.3925
191385,0.575
191386,0.4925
191387,0.5725
191388,0.6425
191389,0.7575
191390,0.57
191391,0.5175
191392,0.6475
191393,0.515
191394,0.5425
191395,0.63
191396,0.3975
191397,0.3975
191398,0.45
191399,0.505
191400,0.405
191401,0.405
191402,0.4225
191403,0.4725
191404,0.445
191405,0.495
191406,0.56
191407,0.5275
191408,0.5225
191409,0.4675
191410,0.6275
191411,0.6
191412,0.485
191413,0.42
191414,0.6725
191415,0.5175
191416,0.4425
191417,0.53
191418,0.445
191419,0.4175
191420,0.5725
191421,0.495
191422,0.4525
191423,0.3575
191424,0.5025
191425,0.5125
191426,0.5775
191427,0.48
191428,0.445
191429,0.4375
191430,0.5
191431,0.5275
191432,0.48
191433,0.54
191434,0.5925
191435,0.4475
191436,0.3725
191437,0.4575
191438,0.4275
191439,0.4125
191440,0.555
191441,0.3875
191442,0.5275
191443,0.5525
191444,0.43
191445,0.425
191446,0.4325
191447,0.6175
191448,0.51
191449,0.4875
191450,0.445
191451,0.52
191452,0.61
191453,0.56
191454,0.4175
191455,0.65
191456,0.53
191457,0.4625
191458,0.4075
191459,0.4725
191460,0.4475
191461,0.395
191462,0.395
191463,0.455
191464,0.48
191465,0.3975
191466,0.545
191467,0.335
191468,0.65
191469,0.4925
191470,0.5575
191471,0.4825
191472,0.3825
191473,0.3775
191474,0.6225
191475,0.49
191476,0.575
191477,0.46
191478,0.4075
191479,0.53
191480,0.5925
191481,0.3775
191482,0.4375
191483,0.435
191484,0.49
191485,0.43
191486,0.52
191487,0.4125
191488,0.3825
191489,0.4575
191490,0.5175
191491,0.5025
191492,0.495
191493,0.355
191494,0.65
191495,0.5225
191496,0.7425
191497,0.51
191498,0.565
191499,0.6875
191500,0.355
191501,0.425
191502,0.345
191503,0.335
191504,0.6925
191505,0.415
191506,0.5475
191507,0.53
191508,0.49
191509,0.445
191510,0.6225
191511,0.325
191512,0.47
191513,0.615
191514,0.4375
191515,0.4625
191516,0.4925
191517,0.435
191518,0.7475
191519,0.5825
191520,0.44
191521,0.3575
191522,0.4425
191523,0.52
191524,0.56
191525,0.525
191526,0.38
191527,0.38
191528,0.5225
191529,0.5325
191530,0.515
191531,0.6425
191532,0.51
191533,0.43
191534,0.4625
191535,0.615
191536,0.42
191537,0.4875
191538,0.395
191539,0.54
191540,0.485
191541,0.5175
191542,0.445
191543,0.4625
191544,0.635
191545,0.66
191546,0.5125
191547,0.41
191548,0.415
191549,0.515
191550,0.5975
191551,0.47
191552,0.48
191553,0.415
191554,0.62
191555,0.3925
191556,0.645
191557,0.5275
191558,0.5175
191559,0.6875
191560,0.6825
191561,0.2725
191562,0.4425
191563,0.45
191564,0.465
191565,0.545
191566,0.5775
191567,0.5975
191568,0.49
191569,0.5
191570,0.3925
191571,0.515
191572,0.685
191573,0.5025
191574,0.4825
191575,0.4775
191576,0.71
191577,0.505
191578,0.645
191579,0.46
191580,0.5
191581,0.3475
191582,0.485
191583,0.325
191584,0.4975
191585,0.3075
191586,0.555
191587,0.3725
191588,0.3725
191589,0.6525
191590,0.4525
191591,0.495
191592,0.49
191593,0.615
191594,0.5225
191595,0.605
191596,0.51
191597,0.55
191598,0.4125
191599,0.67
191600,0.445
191601,0.3775
191602,0.5475
191603,0.3925
191604,0.5325
191605,0.5825
191606,0.4825
191607,0.55
191608,0.565
191609,0.65
191610,0.595
191611,0.615
191612,0.52
191613,0.4975
191614,0.4875
191615,0.6175
191616,0.4475
191617,0.4775
191618,0.3025
191619,0.3375
191620,0.6175
191621,0.575
191622,0.485
191623,0.375
191624,0.4825
191625,0.5325
191626,0.565
191627,0.6325
191628,0.625
191629,0.625
191630,0.535
191631,0.59
191632,0.5925
191633,0.505
191634,0.43
191635,0.395
191636,0.39
191637,0.395
191638,0.485
191639,0.3925
191640,0.6925
191641,0.505
191642,0.46
191643,0.4525
191644,0.505
191645,0.59
191646,0.5325
191647,0.58
191648,0.5025
191649,0.435
191650,0.485
191651,0.54
191652,0.395
191653,0.455
191654,0.625
191655,0.5725
191656,0.41
191657,0.44
191658,0.7
191659,0.47
191660,0.4575
191661,0.5075
191662,0.67
191663,0.425
191664,0.375
191665,0.48
191666,0.3425
191667,0.4825
191668,0.475
191669,0.4775
191670,0.48
191671,0.5325
191672,0.4525
191673,0.465
191674,0.5875
191675,0.5775
191676,0.4075
191677,0.4425
191678,0.5475
191679,0.485
191680,0.6375
191681,0.52
191682,0.515
191683,0.405
191684,0.47
191685,0.5925
191686,0.4675
191687,0.54
191688,0.625
191689,0.42
191690,0.425
191691,0.5125
191692,0.455
191693,0.325
191694,0.4825
191695,0.47
191696,0.375
191697,0.36
191698,0.6
191699,0.4475
191700,0.4
191701,0.505
191702,0.555
191703,0.4575
191704,0.3775
191705,0.41
191706,0.6475
191707,0.4675
191708,0.45
191709,0.4825
191710,0.4625
191711,0.6575
191712,0.425
191713,0.4675
191714,0.3675
191715,0.325
191716,0.445
191717,0.6075
191718,0.6025
191719,0.4325
191720,0.4925
191721,0.43
191722,0.485
191723,0.6425
191724,0.445
191725,0.555
191726,0.5325
191727,0.6125
191728,0.48
191729,0.6725
191730,0.5675
191731,0.28
191732,0.42
191733,0.3625
191734,0.6375
191735,0.555
191736,0.5475
191737,0.525
191738,0.405
191739,0.4825
191740,0.6025
191741,0.4175
191742,0.38
191743,0.6625
191744,0.6025
191745,0.5025
191746,0.5175
191747,0.585
191748,0.5575
191749,0.5675
191750,0.53
191751,0.535
191752,0.58
191753,0.435
191754,0.32
191755,0.55
191756,0.7075
191757,0.3825
191758,0.545
191759,0.655
191760,0.3625
191761,0.755
191762,0.3975
191763,0.34
191764,0.565
191765,0.52
191766,0.53
191767,0.44
191768,0.615
191769,0.5075
191770,0.48
191771,0.4875
191772,0.4675
191773,0.6275
191774,0.41
191775,0.4625
191776,0.4075
191777,0.405
191778,0.3825
191779,0.5375
191780,0.595
191781,0.565
191782,0.7
191783,0.4975
191784,0.49
191785,0.3875
191786,0.54
191787,0.47
191788,0.6
191789,0.54
191790,0.335
191791,0.5125
191792,0.4375
191793,0.3925
191794,0.38
191795,0.425
191796,0.475
191797,0.57
191798,0.4725
191799,0.4275
191800,0.4625
191801,0.545
191802,0.385
191803,0.6575
191804,0.5775
191805,0.395
191806,0.5125
191807,0.58
191808,0.425
191809,0.3625
191810,0.36
191811,0.3925
191812,0.385
191813,0.5875
191814,0.5725
191815,0.57
191816,0.535
191817,0.5375
191818,0.6375
191819,0.575
191820,0.365
191821,0.4625
191822,0.4875
191823,0.4775
191824,0.495
191825,0.52
191826,0.605
191827,0.3875
191828,0.3975
191829,0.5925
191830,0.485
191831,0.4275
191832,0.6775
191833,0.515
191834,0.4475
191835,0.53
191836,0.4925
191837,0.625
191838,0.5
191839,0.4125
191840,0.58
191841,0.6825
191842,0.52
191843,0.4025
191844,0.4825
191845,0.6075
191846,0.4075
191847,0.41
191848,0.585
191849,0.505
191850,0.5675
191851,0.3975
191852,0.5725
191853,0.6125
191854,0.56
191855,0.4425
191856,0.41
191857,0.64
191858,0.6525
191859,0.5525
191860,0.615
191861,0.5275
191862,0.52
191863,0.445
191864,0.455
191865,0.5175
191866,0.6725
191867,0.45
191868,0.65
191869,0.65
191870,0.46
191871,0.405
191872,0.4175
191873,0.48
191874,0.5225
191875,0.67
191876,0.605
191877,0.51
191878,0.6425
191879,0.675
191880,0.6725
191881,0.49
191882,0.5925
191883,0.6725
191884,0.49
191885,0.475
191886,0.7075
191887,0.385
191888,0.6175
191889,0.43
191890,0.45
191891,0.4075
191892,0.7125
191893,0.465
191894,0.5475
191895,0.565
191896,0.4675
191897,0.665
191898,0.435
191899,0.3975
191900,0.46
191901,0.5
191902,0.35
191903,0.6425
191904,0.5725
191905,0.425
191906,0.5475
191907,0.4125
191908,0.4125
191909,0.6275
191910,0.4475
191911,0.4075
191912,0.4
191913,0.5825
191914,0.6525
191915,0.505
191916,0.3625
191917,0.48
191918,0.56
191919,0.485
191920,0.505
191921,0.47
191922,0.635
191923,0.6725
191924,0.4675
191925,0.6625
191926,0.595
191927,0.6225
191928,0.42
191929,0.575
191930,0.605
191931,0.5975
191932,0.3325
191933,0.57
191934,0.39
191935,0.635
191936,0.355
191937,0.4875
191938,0.465
191939,0.5775
191940,0.5725
191941,0.46
191942,0.3775
191943,0.6825
191944,0.405
191945,0.4225
191946,0.3175
191947,0.61
191948,0.4525
191949,0.5775
191950,0.495
191951,0.505
191952,0.4975
191953,0.66
191954,0.4625
191955,0.49
191956,0.51
191957,0.6825
191958,0.3425
191959,0.45
191960,0.505
191961,0.74
191962,0.4775
191963,0.72
191964,0.4975
191965,0.535
191966,0.4675
191967,0.575
191968,0.52
191969,0.3925
191970,0.4775
191971,0.43
191972,0.58
191973,0.42
191974,0.515
191975,0.3875
191976,0.535
191977,0.505
191978,0.4575
191979,0.6225
191980,0.465
191981,0.4325
191982,0.4825
191983,0.455
191984,0.4525
191985,0.455
191986,0.4175
191987,0.4675
191988,0.385
191989,0.415
191990,0.4475
191991,0.4775
191992,0.4025
191993,0.47
191994,0.53
191995,0.45
191996,0.5325
191997,0.3675
191998,0.5075
191999,0.4275
192000,0.4225
192001,0.57
192002,0.4225
192003,0.5275
192004,0.455
192005,0.5675
192006,0.4175
192007,0.75
192008,0.415
192009,0.635
192010,0.31
192011,0.6
192012,0.6825
192013,0.4525
192014,0.4
192015,0.445
192016,0.395
192017,0.4675
192018,0.5
192019,0.405
192020,0.41
192021,0.475
192022,0.5925
192023,0.5975
192024,0.62
192025,0.57
192026,0.52
192027,0.585
192028,0.3925
192029,0.5025
192030,0.505
192031,0.48
192032,0.5775
192033,0.455
192034,0.4825
192035,0.5075
192036,0.445
192037,0.435
192038,0.445
192039,0.62
192040,0.535
192041,0.5225
192042,0.3925
192043,0.4325
192044,0.6425
192045,0.5675
192046,0.4425
192047,0.3475
192048,0.5425
192049,0.41
192050,0.5825
192051,0.48
192052,0.3475
192053,0.4375
192054,0.64
192055,0.6025
192056,0.5
192057,0.535
192058,0.445
192059,0.4975
192060,0.5025
192061,0.6125
192062,0.53
192063,0.4725
192064,0.46
192065,0.4925
192066,0.38
192067,0.5275
192068,0.585
192069,0.57
192070,0.3725
192071,0.395
192072,0.5475
192073,0.5425
192074,0.2725
192075,0.4575
192076,0.5025
192077,0.6425
192078,0.555
192079,0.67
192080,0.48
192081,0.5725
192082,0.58
192083,0.5425
192084,0.4675
192085,0.5725
192086,0.67
192087,0.6575
192088,0.465
192089,0.505
192090,0.39
192091,0.515
192092,0.51
192093,0.47
192094,0.455
192095,0.59
192096,0.44
192097,0.605
192098,0.5925
192099,0.5375
192100,0.5725
192101,0.615
192102,0.4025
192103,0.36
192104,0.4525
192105,0.49
192106,0.44
192107,0.5375
192108,0.57
192109,0.3575
192110,0.605
192111,0.3725
192112,0.4325
192113,0.5
192114,0.4275
192115,0.6125
192116,0.5475
192117,0.435
192118,0.5625
192119,0.44
192120,0.7375
192121,0.4525
192122,0.3325
192123,0.51
192124,0.455
192125,0.51
192126,0.5
192127,0.5625
192128,0.44
192129,0.4
192130,0.7225
192131,0.5925
192132,0.545
192133,0.37
192134,0.5375
192135,0.4175
192136,0.425
192137,0.4325
192138,0.6775
192139,0.4375
192140,0.41
192141,0.4525
192142,0.4925
192143,0.555
192144,0.71
192145,0.4175
192146,0.55
192147,0.52
192148,0.4
192149,0.665
192150,0.3625
192151,0.66
192152,0.3825
192153,0.67
192154,0.37
192155,0.4075
192156,0.405
192157,0.4725
192158,0.54
192159,0.695
192160,0.2975
192161,0.365
192162,0.44
192163,0.4775
192164,0.59
192165,0.4275
192166,0.4825
192167,0.525
192168,0.4075
192169,0.425
192170,0.49
192171,0.4975
192172,0.6325
192173,0.4
192174,0.4275
192175,0.6125
192176,0.4375
192177,0.48
192178,0.5775
192179,0.4975
192180,0.4125
192181,0.5425
192182,0.69
192183,0.555
192184,0.435
192185,0.4075
192186,0.4775
192187,0.4625
192188,0.6175
192189,0.4525
192190,0.685
192191,0.53
192192,0.4925
192193,0.44
192194,0.4375
192195,0.535
192196,0.5275
192197,0.53
192198,0.5025
192199,0.455
192200,0.5875
192201,0.5525
192202,0.435
192203,0.6525
192204,0.535
192205,0.405
192206,0.665
192207,0.4675
192208,0.455
192209,0.4825
192210,0.5775
192211,0.475
192212,0.4675
192213,0.4275
192214,0.4925
192215,0.3875
192216,0.65
192217,0.5
192218,0.4275
192219,0.4375
192220,0.4575
192221,0.5
192222,0.305
192223,0.4475
192224,0.3275
192225,0.4725
192226,0.51
192227,0.3925
192228,0.4625
192229,0.455
192230,0.5975
192231,0.52
192232,0.355
192233,0.5525
192234,0.56
192235,0.5
192236,0.48
192237,0.405
192238,0.5175
192239,0.66
192240,0.4375
192241,0.415
192242,0.4775
192243,0.4975
192244,0.66
192245,0.58
192246,0.54
192247,0.385
192248,0.475
192249,0.45
192250,0.6225
192251,0.4725
192252,0.46
192253,0.335
192254,0.465
192255,0.4125
192256,0.5375
192257,0.395
192258,0.595
192259,0.6075
192260,0.4025
192261,0.485
192262,0.545
192263,0.7475
192264,0.65
192265,0.545
192266,0.525
192267,0.5125
192268,0.4925
192269,0.45
192270,0.3725
192271,0.52
192272,0.4
192273,0.6375
192274,0.5125
192275,0.2975
192276,0.39
192277,0.345
192278,0.425
192279,0.4425
192280,0.35
192281,0.4525
192282,0.46
192283,0.59
192284,0.4225
192285,0.5425
192286,0.47
192287,0.4825
192288,0.58
192289,0.62
192290,0.5475
192291,0.5525
192292,0.45
192293,0.5275
192294,0.6025
192295,0.44
192296,0.44
192297,0.4275
192298,0.4825
192299,0.575
192300,0.63
192301,0.32
192302,0.46
192303,0.6175
192304,0.4
192305,0.4375
192306,0.4
192307,0.56
192308,0.485
192309,0.4725
192310,0.435
192311,0.6675
192312,0.3725
192313,0.695
192314,0.505
192315,0.4075
192316,0.575
192317,0.3575
192318,0.6325
192319,0.39
192320,0.6
192321,0.4025
192322,0.4325
192323,0.4625
192324,0.61
192325,0.505
192326,0.58
192327,0.5225
192328,0.5275
192329,0.6025
192330,0.3725
192331,0.31
192332,0.475
192333,0.5225
192334,0.3775
192335,0.44
192336,0.485
192337,0.4925
192338,0.4175
192339,0.5175
192340,0.4875
192341,0.405
192342,0.375
192343,0.365
192344,0.4375
192345,0.4775
192346,0.4875
192347,0.475
192348,0.435
192349,0.4275
192350,0.435
192351,0.525
192352,0.5225
192353,0.5075
192354,0.4675
192355,0.68
192356,0.74
192357,0.5875
192358,0.5875
192359,0.43
192360,0.5275
192361,0.4175
192362,0.4725
192363,0.4575
192364,0.5725
192365,0.355
192366,0.49
192367,0.5875
192368,0.5475
192369,0.4425
192370,0.545
192371,0.4075
192372,0.5
192373,0.44
192374,0.5
192375,0.3
192376,0.505
192377,0.42
192378,0.53
192379,0.325
192380,0.375
192381,0.54
192382,0.6175
192383,0.54
192384,0.495
192385,0.43
192386,0.65
192387,0.505
192388,0.4225
192389,0.4925
192390,0.625
192391,0.405
192392,0.45
192393,0.635
192394,0.515
192395,0.5075
192396,0.405
192397,0.495
192398,0.435
192399,0.45
192400,0.445
192401,0.5
192402,0.4
192403,0.4575
192404,0.495
192405,0.6375
192406,0.34
192407,0.5175
192408,0.605
192409,0.585
192410,0.5075
192411,0.675
192412,0.275
192413,0.4375
192414,0.655
192415,0.745
192416,0.5625
192417,0.5425
192418,0.55
192419,0.5325
192420,0.6775
192421,0.4125
192422,0.5375
192423,0.52
192424,0.5825
192425,0.545
192426,0.5925
192427,0.7025
192428,0.385
192429,0.4675
192430,0.53
192431,0.33
192432,0.4875
192433,0.615
192434,0.6225
192435,0.3525
192436,0.38
192437,0.3925
192438,0.465
192439,0.4375
192440,0.5
192441,0.4225
192442,0.4525
192443,0.3725
192444,0.455
192445,0.385
192446,0.495
192447,0.675
192448,0.3525
192449,0.4475
192450,0.4725
192451,0.435
192452,0.66
192453,0.4275
192454,0.455
192455,0.5325
192456,0.5175
192457,0.6075
192458,0.465
192459,0.4975
192460,0.4875
192461,0.495
192462,0.415
192463,0.56
192464,0.395
192465,0.3975
192466,0.4475
192467,0.5975
192468,0.5075
192469,0.53
192470,0.7175
192471,0.42
192472,0.63
192473,0.42
192474,0.5525
192475,0.3775
192476,0.415
192477,0.4225
192478,0.3675
192479,0.465
192480,0.4225
192481,0.4725
192482,0.5
192483,0.45
192484,0.6075
192485,0.5025
192486,0.5025
192487,0.59
192488,0.515
192489,0.4575
192490,0.455
192491,0.405
192492,0.4325
192493,0.4775
192494,0.5475
192495,0.4325
192496,0.4
192497,0.595
192498,0.5275
192499,0.425
192500,0.5025
192501,0.455
192502,0.5
192503,0.375
192504,0.625
192505,0.4625
192506,0.3
192507,0.4025
192508,0.4325
192509,0.5425
192510,0.3575
192511,0.42
192512,0.4375
192513,0.3625
192514,0.4075
192515,0.405
192516,0.555
192517,0.3825
192518,0.47
192519,0.5775
192520,0.605
192521,0.565
192522,0.445
192523,0.4475
192524,0.4425
192525,0.4475
192526,0.4125
192527,0.48
192528,0.4675
192529,0.5675
192530,0.4625
192531,0.4875
192532,0.49
192533,0.4075
192534,0.575
192535,0.5275
192536,0.545
192537,0.545
192538,0.45
192539,0.4825
192540,0.4675
192541,0.5025
192542,0.5975
192543,0.415
192544,0.405
192545,0.52
192546,0.435
192547,0.3825
192548,0.565
192549,0.475
192550,0.41
192551,0.48
192552,0.6925
192553,0.42
192554,0.4275
192555,0.53
192556,0.495
192557,0.4825
192558,0.61
192559,0.545
192560,0.4975
192561,0.5025
192562,0.4475
192563,0.6225
192564,0.55
192565,0.42
192566,0.4225
192567,0.445
192568,0.49
192569,0.4675
192570,0.425
192571,0.445
192572,0.67
192573,0.465
192574,0.4575
192575,0.5025
192576,0.71
192577,0.5025
192578,0.42
192579,0.39
192580,0.61
192581,0.48
192582,0.685
192583,0.5875
192584,0.465
192585,0.46
192586,0.6225
192587,0.5525
192588,0.4475
192589,0.5025
192590,0.375
192591,0.4475
192592,0.5875
192593,0.3925
192594,0.575
192595,0.495
192596,0.455
192597,0.4025
192598,0.4275
192599,0.495
192600,0.4325
192601,0.5325
192602,0.49
192603,0.4275
192604,0.525
192605,0.3825
192606,0.385
192607,0.4625
192608,0.445
192609,0.44
192610,0.51
192611,0.3775
192612,0.2725
192613,0.5575
192614,0.3325
192615,0.4675
192616,0.37
192617,0.455
192618,0.53
192619,0.41
192620,0.4275
192621,0.41
192622,0.4775
192623,0.4275
192624,0.3975
192625,0.445
192626,0.5525
192627,0.56
192628,0.6125
192629,0.475
192630,0.455
192631,0.5725
192632,0.475
192633,0.4475
192634,0.565
192635,0.3825
192636,0.56
192637,0.43
192638,0.5675
192639,0.45
192640,0.5175
192641,0.4675
192642,0.395
192643,0.5825
192644,0.525
192645,0.385
192646,0.4575
192647,0.615
192648,0.445
192649,0.53
192650,0.525
192651,0.3925
192652,0.63
192653,0.55
192654,0.5
192655,0.33
192656,0.3625
192657,0.365
192658,0.7575
192659,0.445
192660,0.4275
192661,0.4275
192662,0.355
192663,0.645
192664,0.4725
192665,0.36
192666,0.4725
192667,0.4925
192668,0.555
192669,0.4375
192670,0.3975
192671,0.505
192672,0.3875
192673,0.615
192674,0.5325
192675,0.51
192676,0.405
192677,0.345
192678,0.555
192679,0.445
192680,0.4675
192681,0.5675
192682,0.41
192683,0.515
192684,0.49
192685,0.4225
192686,0.565
192687,0.6375
192688,0.555
192689,0.46
192690,0.58
192691,0.4775
192692,0.28
192693,0.4025
192694,0.69
192695,0.535
192696,0.47
192697,0.47
192698,0.41
192699,0.4325
192700,0.4725
192701,0.505
192702,0.4525
192703,0.6
192704,0.4
192705,0.5025
192706,0.68
192707,0.375
192708,0.3925
192709,0.495
192710,0.3775
192711,0.5475
192712,0.3525
192713,0.555
192714,0.4675
192715,0.4925
192716,0.7225
192717,0.545
192718,0.61
192719,0.5325
192720,0.6825
192721,0.505
192722,0.42
192723,0.475
192724,0.605
192725,0.435
192726,0.4875
192727,0.4525
192728,0.45
192729,0.3625
192730,0.4575
192731,0.555
192732,0.4525
192733,0.485
192734,0.39
192735,0.41
192736,0.38
192737,0.62
192738,0.46
192739,0.3625
192740,0.4375
192741,0.58
192742,0.57
192743,0.6275
192744,0.5725
192745,0.4725
192746,0.515
192747,0.655
192748,0.4025
192749,0.4325
192750,0.51
192751,0.47
192752,0.4675
192753,0.3425
192754,0.7
192755,0.565
192756,0.6075
192757,0.395
192758,0.3725
192759,0.4775
192760,0.555
192761,0.37
192762,0.375
192763,0.385
192764,0.4025
192765,0.635
192766,0.57
192767,0.42
192768,0.805
192769,0.525
192770,0.44
192771,0.505
192772,0.4925
192773,0.4425
192774,0.6025
192775,0.4925
192776,0.7075
192777,0.6075
192778,0.4625
192779,0.485
192780,0.35
192781,0.5
192782,0.2975
192783,0.63
192784,0.4575
192785,0.7275
192786,0.455
192787,0.4075
192788,0.6025
192789,0.5825
192790,0.7425
192791,0.4275
192792,0.3825
192793,0.4275
192794,0.425
192795,0.4025
192796,0.48
192797,0.4
192798,0.47
192799,0.3725
192800,0.45
192801,0.6075
192802,0.43
192803,0.4925
192804,0.4275
192805,0.46
192806,0.4025
192807,0.5225
192808,0.49
192809,0.4875
192810,0.6625
192811,0.325
192812,0.3125
192813,0.5
192814,0.4425
192815,0.3175
192816,0.47
192817,0.5825
192818,0.725
192819,0.465
192820,0.5875
192821,0.3125
192822,0.55
192823,0.4225
192824,0.2975
192825,0.355
192826,0.695
192827,0.44
192828,0.52
192829,0.4375
192830,0.51
192831,0.49
192832,0.5825
192833,0.615
192834,0.55
192835,0.4525
192836,0.5275
192837,0.3925
192838,0.42
192839,0.665
192840,0.41
192841,0.4925
192842,0.435
192843,0.445
192844,0.5075
192845,0.4175
192846,0.5725
192847,0.4175
192848,0.5875
192849,0.415
192850,0.41
192851,0.53
192852,0.49
192853,0.6125
192854,0.475
192855,0.5625
192856,0.3225
192857,0.395
192858,0.5275
192859,0.57
192860,0.44
192861,0.44
192862,0.5175
192863,0.48
192864,0.58
192865,0.455
192866,0.4775
192867,0.5125
192868,0.5325
192869,0.48
192870,0.5325
192871,0.6075
192872,0.5125
192873,0.4875
192874,0.685
192875,0.5075
192876,0.495
192877,0.33
192878,0.3625
192879,0.73
192880,0.455
192881,0.4575
192882,0.43
192883,0.4875
192884,0.4575
192885,0.5475
192886,0.48
192887,0.6025
192888,0.64
192889,0.4825
192890,0.4625
192891,0.5325
192892,0.3125
192893,0.695
192894,0.645
192895,0.5425
192896,0.5
192897,0.44
192898,0.545
192899,0.62
192900,0.4975
192901,0.4575
192902,0.5175
192903,0.37
192904,0.49
192905,0.685
192906,0.4225
192907,0.5275
192908,0.355
192909,0.42
192910,0.54
192911,0.5025
192912,0.4725
192913,0.3875
192914,0.4475
192915,0.4825
192916,0.455
192917,0.465
192918,0.4775
192919,0.65
192920,0.485
192921,0.475
192922,0.5775
192923,0.6375
192924,0.5025
192925,0.44
192926,0.3575
192927,0.57
192928,0.3675
192929,0.375
192930,0.335
192931,0.495
192932,0.775
192933,0.415
192934,0.535
192935,0.42
192936,0.495
192937,0.7475
192938,0.525
192939,0.48
192940,0.45
192941,0.4875
192942,0.3675
192943,0.515
192944,0.465
192945,0.4525
192946,0.6275
192947,0.5725
192948,0.4125
192949,0.455
192950,0.425
192951,0.6525
192952,0.2925
192953,0.2825
192954,0.445
192955,0.445
192956,0.585
192957,0.435
192958,0.705
192959,0.49
192960,0.5725
192961,0.5925
192962,0.59
192963,0.49
192964,0.485
192965,0.5575
192966,0.585
192967,0.505
192968,0.4575
192969,0.5475
192970,0.3725
192971,0.6425
192972,0.4725
192973,0.425
192974,0.5475
192975,0.485
192976,0.6325
192977,0.59
192978,0.5225
192979,0.535
192980,0.525
192981,0.5225
192982,0.475
192983,0.53
192984,0.3575
192985,0.5125
192986,0.57
192987,0.5225
192988,0.475
192989,0.485
192990,0.535
192991,0.5925
192992,0.4975
192993,0.47
192994,0.515
192995,0.4375
192996,0.4775
192997,0.49
192998,0.52
192999,0.4125
193000,0.5375
193001,0.4875
193002,0.4025
193003,0.3475
193004,0.5525
193005,0.5275
193006,0.6225
193007,0.4975
193008,0.4325
193009,0.6175
193010,0.56
193011,0.585
193012,0.54
193013,0.7075
193014,0.6425
193015,0.545
193016,0.6775
193017,0.5275
193018,0.3925
193019,0.5775
193020,0.475
193021,0.65
193022,0.7175
193023,0.58
193024,0.3075
193025,0.67
193026,0.6675
193027,0.4725
193028,0.6025
193029,0.5125
193030,0.4375
193031,0.47
193032,0.6275
193033,0.38
193034,0.47
193035,0.48
193036,0.495
193037,0.575
193038,0.55
193039,0.7275
193040,0.45
193041,0.48
193042,0.6425
193043,0.3125
193044,0.555
193045,0.4375
193046,0.64
193047,0.5625
193048,0.4375
193049,0.3175
193050,0.6775
193051,0.65
193052,0.6475
193053,0.51
193054,0.465
193055,0.5225
193056,0.405
193057,0.455
193058,0.47
193059,0.4775
193060,0.415
193061,0.5775
193062,0.5675
193063,0.48
193064,0.47
193065,0.5225
193066,0.42
193067,0.4475
193068,0.5425
193069,0.3925
193070,0.59
193071,0.3925
193072,0.4925
193073,0.4175
193074,0.59
193075,0.5025
193076,0.5225
193077,0.5275
193078,0.57
193079,0.5675
193080,0.505
193081,0.4275
193082,0.3625
193083,0.7075
193084,0.435
193085,0.5625
193086,0.4725
193087,0.455
193088,0.655
193089,0.5475
193090,0.49
193091,0.5625
193092,0.435
193093,0.625
193094,0.42
193095,0.505
193096,0.4525
193097,0.5075
193098,0.425
193099,0.3975
193100,0.4675
193101,0.545
193102,0.6825
193103,0.5225
193104,0.4375
193105,0.625
193106,0.64
193107,0.555
193108,0.545
193109,0.7875
193110,0.4475
193111,0.61
193112,0.525
193113,0.4675
193114,0.5025
193115,0.73
193116,0.435
193117,0.6575
193118,0.5525
193119,0.3875
193120,0.4725
193121,0.4525
193122,0.6
193123,0.41
193124,0.395
193125,0.5825
193126,0.505
193127,0.5375
193128,0.605
193129,0.4275
193130,0.6475
193131,0.4425
193132,0.355
193133,0.49
193134,0.4325
193135,0.645
193136,0.53
193137,0.3925
193138,0.445
193139,0.395
193140,0.5325
193141,0.485
193142,0.7
193143,0.505
193144,0.44
193145,0.3475
193146,0.57
193147,0.5375
193148,0.55
193149,0.42
193150,0.4575
193151,0.62
193152,0.6025
193153,0.505
193154,0.3175
193155,0.57
193156,0.37
193157,0.4275
193158,0.685
193159,0.34
193160,0.545
193161,0.3925
193162,0.4475
193163,0.3475
193164,0.5675
193165,0.6325
193166,0.48
193167,0.695
193168,0.5675
193169,0.4275
193170,0.6575
193171,0.385
193172,0.5325
193173,0.365
193174,0.3975
193175,0.5225
193176,0.6
193177,0.625
193178,0.41
193179,0.585
193180,0.4775
193181,0.5375
193182,0.5575
193183,0.63
193184,0.44
193185,0.56
193186,0.58
193187,0.4725
193188,0.6075
193189,0.5275
193190,0.5375
193191,0.4525
193192,0.52
193193,0.48
193194,0.4775
193195,0.575
193196,0.4725
193197,0.8
193198,0.315
193199,0.5375
193200,0.465
193201,0.46
193202,0.54
193203,0.4825
193204,0.5375
193205,0.4225
193206,0.5125
193207,0.5675
193208,0.4875
193209,0.4375
193210,0.6375
193211,0.53
193212,0.675
193213,0.5075
193214,0.3775
193215,0.425
193216,0.535
193217,0.5675
193218,0.5175
193219,0.445
193220,0.5925
193221,0.41
193222,0.5925
193223,0.5525
193224,0.61
193225,0.575
193226,0.55
193227,0.47
193228,0.4925
193229,0.495
193230,0.47
193231,0.5875
193232,0.4825
193233,0.415
193234,0.4675
193235,0.295
193236,0.4725
193237,0.4075
193238,0.555
193239,0.2225
193240,0.4275
193241,0.4175
193242,0.705
193243,0.495
193244,0.5025
193245,0.5225
193246,0.535
193247,0.555
193248,0.5925
193249,0.4125
193250,0.515
193251,0.58
193252,0.4725
193253,0.49
193254,0.405
193255,0.5825
193256,0.555
193257,0.54
193258,0.465
193259,0.4925
193260,0.5125
193261,0.6025
193262,0.58
193263,0.5025
193264,0.495
193265,0.4875
193266,0.345
193267,0.6075
193268,0.375
193269,0.35
193270,0.4825
193271,0.4525
193272,0.5575
193273,0.29
193274,0.5025
193275,0.5575
193276,0.44
193277,0.45
193278,0.5775
193279,0.67
193280,0.6625
193281,0.5525
193282,0.42
193283,0.3675
193284,0.5175
193285,0.395
193286,0.45
193287,0.3975
193288,0.4625
193289,0.605
193290,0.6825
193291,0.32
193292,0.5775
193293,0.47
193294,0.4675
193295,0.535
193296,0.505
193297,0.5525
193298,0.5
193299,0.5175
193300,0.3975
193301,0.4425
193302,0.7325
193303,0.7225
193304,0.62
193305,0.39
193306,0.4425
193307,0.4925
193308,0.6525
193309,0.3125
193310,0.4925
193311,0.7
193312,0.5175
193313,0.5475
193314,0.495
193315,0.5325
193316,0.39
193317,0.465
193318,0.55
193319,0.535
193320,0.44
193321,0.605
193322,0.4175
193323,0.5775
193324,0.545
193325,0.5775
193326,0.4325
193327,0.54
193328,0.2875
193329,0.495
193330,0.515
193331,0.5125
193332,0.515
193333,0.3625
193334,0.3425
193335,0.5025
193336,0.7075
193337,0.56
193338,0.3225
193339,0.675
193340,0.61
193341,0.625
193342,0.7175
193343,0.3425
193344,0.555
193345,0.35
193346,0.4725
193347,0.4025
193348,0.315
193349,0.575
193350,0.47
193351,0.7575
193352,0.505
193353,0.3425
193354,0.2875
193355,0.43
193356,0.5075
193357,0.4875
193358,0.5975
193359,0.6825
193360,0.5125
193361,0.67
193362,0.4525
193363,0.485
193364,0.5
193365,0.5875
193366,0.69
193367,0.6075
193368,0.54
193369,0.37
193370,0.51
193371,0.46
193372,0.4425
193373,0.5225
193374,0.5575
193375,0.46
193376,0.47
193377,0.65
193378,0.5875
193379,0.4775
193380,0.39
193381,0.4375
193382,0.385
193383,0.4925
193384,0.3325
193385,0.53
193386,0.5875
193387,0.52
193388,0.3
193389,0.285
193390,0.6025
193391,0.545
193392,0.4525
193393,0.4575
193394,0.535
193395,0.5125
193396,0.5075
193397,0.515
193398,0.3325
193399,0.5525
193400,0.5325
193401,0.71
193402,0.475
193403,0.4025
193404,0.555
193405,0.4675
193406,0.47
193407,0.6375
193408,0.5625
193409,0.5975
193410,0.66
193411,0.4825
193412,0.505
193413,0.5175
193414,0.4325
193415,0.54
193416,0.495
193417,0.43
193418,0.4675
193419,0.445
193420,0.39
193421,0.5875
193422,0.5475
193423,0.375
193424,0.5725
193425,0.5625
193426,0.51
193427,0.4225
193428,0.6025
193429,0.505
193430,0.58
193431,0.3625
193432,0.4075
193433,0.52
193434,0.595
193435,0.7075
193436,0.47
193437,0.4675
193438,0.5775
193439,0.4575
193440,0.565
193441,0.4925
193442,0.5
193443,0.445
193444,0.5225
193445,0.395
193446,0.485
193447,0.535
193448,0.3325
193449,0.6225
193450,0.645
193451,0.535
193452,0.5875
193453,0.5375
193454,0.5825
193455,0.7575
193456,0.3475
193457,0.4525
193458,0.5775
193459,0.4425
193460,0.525
193461,0.7075
193462,0.4925
193463,0.4525
193464,0.435
193465,0.485
193466,0.5475
193467,0.43
193468,0.5325
193469,0.625
193470,0.4925
193471,0.7525
193472,0.42
193473,0.5075
193474,0.5225
193475,0.3175
193476,0.55
193477,0.63
193478,0.5625
193479,0.59
193480,0.4925
193481,0.47
193482,0.3525
193483,0.51
193484,0.63
193485,0.53
193486,0.695
193487,0.505
193488,0.4925
193489,0.6
193490,0.4925
193491,0.5075
193492,0.4725
193493,0.415
193494,0.57
193495,0.48
193496,0.555
193497,0.4825
193498,0.63
193499,0.54
193500,0.5225
193501,0.3075
193502,0.4275
193503,0.475
193504,0.5975
193505,0.565
193506,0.295
193507,0.3425
193508,0.54
193509,0.56
193510,0.3425
193511,0.58
193512,0.51
193513,0.4225
193514,0.6025
193515,0.51
193516,0.525
193517,0.54
193518,0.4475
193519,0.44
193520,0.53
193521,0.465
193522,0.42
193523,0.51
193524,0.595
193525,0.5325
193526,0.5475
193527,0.49
193528,0.47
193529,0.5125
193530,0.465
193531,0.4875
193532,0.5475
193533,0.4925
193534,0.3975
193535,0.6675
193536,0.485
193537,0.5075
193538,0.5675
193539,0.6375
193540,0.6075
193541,0.4375
193542,0.35
193543,0.49
193544,0.46
193545,0.505
193546,0.2725
193547,0.4225
193548,0.46
193549,0.6725
193550,0.545
193551,0.4575
193552,0.655
193553,0.5
193554,0.585
193555,0.425
193556,0.42
193557,0.3825
193558,0.57
193559,0.5375
193560,0.5425
193561,0.4025
193562,0.455
193563,0.43
193564,0.45
193565,0.4225
193566,0.595
193567,0.7075
193568,0.5975
193569,0.4225
193570,0.4575
193571,0.425
193572,0.4575
193573,0.575
193574,0.5475
193575,0.6725
193576,0.47
193577,0.7325
193578,0.3025
193579,0.515
193580,0.5175
193581,0.465
193582,0.4475
193583,0.4475
193584,0.515
193585,0.3475
193586,0.5
193587,0.5875
193588,0.6525
193589,0.625
193590,0.5325
193591,0.4375
193592,0.6275
193593,0.52
193594,0.63
193595,0.5125
193596,0.6025
193597,0.4725
193598,0.3525
193599,0.475
193600,0.6775
193601,0.4475
193602,0.2125
193603,0.575
193604,0.52
193605,0.4175
193606,0.515
193607,0.6
193608,0.535
193609,0.6425
193610,0.48
193611,0.515
193612,0.5625
193613,0.7
193614,0.49
193615,0.77
193616,0.4375
193617,0.53
193618,0.52
193619,0.7
193620,0.5025
193621,0.4
193622,0.585
193623,0.2925
193624,0.61
193625,0.3575
193626,0.6125
193627,0.4725
193628,0.37
193629,0.5175
193630,0.4875
193631,0.4175
193632,0.5825
193633,0.4875
193634,0.45
193635,0.5475
193636,0.375
193637,0.5125
193638,0.495
193639,0.5225
193640,0.4675
193641,0.4625
193642,0.3525
193643,0.5175
193644,0.45
193645,0.575
193646,0.265
193647,0.43
193648,0.515
193649,0.5525
193650,0.245
193651,0.5225
193652,0.615
193653,0.4175
193654,0.4975
193655,0.5175
193656,0.675
193657,0.4175
193658,0.635
193659,0.5425
193660,0.3325
193661,0.49
193662,0.595
193663,0.5575
193664,0.4975
193665,0.2925
193666,0.37
193667,0.445
193668,0.3775
193669,0.5225
193670,0.5
193671,0.52
193672,0.665
193673,0.5125
193674,0.605
193675,0.355
193676,0.5775
193677,0.465
193678,0.4475
193679,0.3275
193680,0.51
193681,0.435
193682,0.49
193683,0.4975
193684,0.3925
193685,0.5875
193686,0.64
193687,0.5425
193688,0.4375
193689,0.4825
193690,0.55
193691,0.54
193692,0.47
193693,0.5175
193694,0.5975
193695,0.5125
193696,0.3375
193697,0.5425
193698,0.51
193699,0.47
193700,0.4475
193701,0.39
193702,0.66
193703,0.48
193704,0.4475
193705,0.675
193706,0.485
193707,0.435
193708,0.5425
193709,0.305
193710,0.575
193711,0.5375
193712,0.5475
193713,0.61
193714,0.36
193715,0.5025
193716,0.5575
193717,0.4025
193718,0.3575
193719,0.425
193720,0.5975
193721,0.665
193722,0.545
193723,0.35
193724,0.5075
193725,0.535
193726,0.5
193727,0.4675
193728,0.34
193729,0.42
193730,0.53
193731,0.6125
193732,0.5
193733,0.3225
193734,0.5825
193735,0.48
193736,0.42
193737,0.5825
193738,0.5625
193739,0.4775
193740,0.4725
193741,0.4725
193742,0.5925
193743,0.5075
193744,0.675
193745,0.585
193746,0.4175
193747,0.53
193748,0.55
193749,0.6025
193750,0.4775
193751,0.4725
193752,0.4225
193753,0.6175
193754,0.6275
193755,0.4675
193756,0.6025
193757,0.6625
193758,0.435
193759,0.505
193760,0.375
193761,0.4925
193762,0.6425
193763,0.55
193764,0.615
193765,0.49
193766,0.4175
193767,0.495
193768,0.4375
193769,0.6375
193770,0.5225
193771,0.6425
193772,0.475
193773,0.5975
193774,0.52
193775,0.4825
193776,0.4775
193777,0.5575
193778,0.5825
193779,0.59
193780,0.4375
193781,0.5125
193782,0.485
193783,0.63
193784,0.5225
193785,0.6625
193786,0.5125
193787,0.3675
193788,0.5275
193789,0.285
193790,0.645
193791,0.625
193792,0.5825
193793,0.525
193794,0.45
193795,0.55
193796,0.46
193797,0.51
193798,0.52
193799,0.5
193800,0.555
193801,0.555
193802,0.4375
193803,0.69
193804,0.5675
193805,0.5075
193806,0.455
193807,0.6225
193808,0.5025
193809,0.6525
193810,0.3625
193811,0.2825
193812,0.685
193813,0.5325
193814,0.6475
193815,0.2
193816,0.68
193817,0.7025
193818,0.5175
193819,0.3375
193820,0.43
193821,0.5025
193822,0.5525
193823,0.55
193824,0.5775
193825,0.4875
193826,0.495
193827,0.4975
193828,0.5925
193829,0.6575
193830,0.5475
193831,0.555
193832,0.4625
193833,0.59
193834,0.515
193835,0.4675
193836,0.3525
193837,0.6125
193838,0.3975
193839,0.69
193840,0.49
193841,0.3425
193842,0.515
193843,0.51
193844,0.4675
193845,0.5125
193846,0.5975
193847,0.495
193848,0.4775
193849,0.485
193850,0.6425
193851,0.4825
193852,0.3575
193853,0.52
193854,0.6275
193855,0.3375
193856,0.48
193857,0.5775
193858,0.5375
193859,0.6725
193860,0.3375
193861,0.4825
193862,0.545
193863,0.48
193864,0.505
193865,0.5575
193866,0.345
193867,0.3825
193868,0.5575
193869,0.595
193870,0.31
193871,0.54
193872,0.4975
193873,0.4175
193874,0.48
193875,0.44
193876,0.4625
193877,0.6025
193878,0.4525
193879,0.4425
193880,0.6725
193881,0.325
193882,0.6025
193883,0.4175
193884,0.645
193885,0.41
193886,0.635
193887,0.42
193888,0.65
193889,0.6025
193890,0.5
193891,0.47
193892,0.505
193893,0.34
193894,0.555
193895,0.55
193896,0.435
193897,0.355
193898,0.5075
193899,0.52
193900,0.675
193901,0.3775
193902,0.325
193903,0.505
193904,0.5275
193905,0.495
193906,0.4575
193907,0.64
193908,0.7375
193909,0.385
193910,0.52
193911,0.6775
193912,0.6875
193913,0.5625
193914,0.57
193915,0.62
193916,0.4575
193917,0.45
193918,0.57
193919,0.575
193920,0.5
193921,0.6425
193922,0.535
193923,0.3475
193924,0.4875
193925,0.3925
193926,0.415
193927,0.5575
193928,0.5225
193929,0.4675
193930,0.675
193931,0.5925
193932,0.715
193933,0.4475
193934,0.54
193935,0.5525
193936,0.5325
193937,0.5375
193938,0.4625
193939,0.4675
193940,0.5825
193941,0.5175
193942,0.5125
193943,0.3825
193944,0.6
193945,0.6
193946,0.4925
193947,0.7
193948,0.58
193949,0.5425
193950,0.53
193951,0.485
193952,0.5325
193953,0.4
193954,0.38
193955,0.3825
193956,0.495
193957,0.435
193958,0.655
193959,0.5175
193960,0.5875
193961,0.47
193962,0.5725
193963,0.4425
193964,0.6075
193965,0.525
193966,0.4175
193967,0.515
193968,0.7425
193969,0.4175
193970,0.5875
193971,0.485
193972,0.3325
193973,0.4225
193974,0.605
193975,0.54
193976,0.5625
193977,0.5625
193978,0.455
193979,0.62
193980,0.5875
193981,0.505
193982,0.4075
193983,0.74
193984,0.445
193985,0.395
193986,0.6025
193987,0.7075
193988,0.43
193989,0.5525
193990,0.6425
193991,0.415
193992,0.4
193993,0.445
193994,0.53
193995,0.4925
193996,0.5325
193997,0.52
193998,0.4075
193999,0.36
194000,0.6375
194001,0.4825
194002,0.535
194003,0.5075
194004,0.6
194005,0.555
194006,0.4425
194007,0.4075
194008,0.485
194009,0.465
194010,0.5025
194011,0.5525
194012,0.47
194013,0.275
194014,0.5625
194015,0.495
194016,0.61
194017,0.5775
194018,0.3825
194019,0.58
194020,0.3175
194021,0.4125
194022,0.4875
194023,0.5625
194024,0.5025
194025,0.4025
194026,0.4825
194027,0.515
194028,0.465
194029,0.48
194030,0.445
194031,0.6175
194032,0.345
194033,0.58
194034,0.4025
194035,0.545
194036,0.475
194037,0.5825
194038,0.45
194039,0.5075
194040,0.5275
194041,0.47
194042,0.5325
194043,0.71
194044,0.47
194045,0.3925
194046,0.465
194047,0.4125
194048,0.5475
194049,0.525
194050,0.5675
194051,0.6175
194052,0.5075
194053,0.615
194054,0.53
194055,0.4375
194056,0.64
194057,0.48
194058,0.4625
194059,0.7075
194060,0.5
194061,0.5125
194062,0.5725
194063,0.4675
194064,0.4825
194065,0.375
194066,0.4825
194067,0.4975
194068,0.415
194069,0.4925
194070,0.54
194071,0.52
194072,0.445
194073,0.5225
194074,0.5275
194075,0.4975
194076,0.5525
194077,0.3925
194078,0.6225
194079,0.575
194080,0.58
194081,0.52
194082,0.4625
194083,0.4975
194084,0.345
194085,0.3875
194086,0.2025
194087,0.525
194088,0.5575
194089,0.535
194090,0.56
194091,0.555
194092,0.615
194093,0.3325
194094,0.5725
194095,0.6
194096,0.445
194097,0.34
194098,0.445
194099,0.59
194100,0.3875
194101,0.415
194102,0.5025
194103,0.5825
194104,0.6675
194105,0.5325
194106,0.435
194107,0.485
194108,0.4475
194109,0.56
194110,0.56
194111,0.425
194112,0.4675
194113,0.6075
194114,0.5
194115,0.54
194116,0.6025
194117,0.4875
194118,0.555
194119,0.4325
194120,0.2775
194121,0.665
194122,0.6
194123,0.45
194124,0.4725
194125,0.45
194126,0.6025
194127,0.41
194128,0.3875
194129,0.3525
194130,0.3525
194131,0.485
194132,0.4525
194133,0.475
194134,0.38
194135,0.535
194136,0.5575
194137,0.49
194138,0.625
194139,0.6325
194140,0.495
194141,0.645
194142,0.49
194143,0.445
194144,0.62
194145,0.53
194146,0.61
194147,0.39
194148,0.415
194149,0.4925
194150,0.565
194151,0.3675
194152,0.5425
194153,0.5125
194154,0.585
194155,0.415
194156,0.5775
194157,0.48
194158,0.6225
194159,0.425
194160,0.4275
194161,0.475
194162,0.5775
194163,0.5025
194164,0.46
194165,0.695
194166,0.505
194167,0.4725
194168,0.6775
194169,0.435
194170,0.6875
194171,0.4
194172,0.3925
194173,0.5025
194174,0.69
194175,0.4875
194176,0.545
194177,0.265
194178,0.5675
194179,0.475
194180,0.44
194181,0.5225
194182,0.3875
194183,0.5475
194184,0.47
194185,0.4825
194186,0.405
194187,0.425
194188,0.4125
194189,0.48
194190,0.3475
194191,0.55
194192,0.445
194193,0.6625
194194,0.5325
194195,0.59
194196,0.6225
194197,0.3575
194198,0.49
194199,0.395
194200,0.5925
194201,0.5925
194202,0.3925
194203,0.645
194204,0.5125
194205,0.44
194206,0.6075
194207,0.55
194208,0.5725
194209,0.3225
194210,0.695
194211,0.51
194212,0.6025
194213,0.3875
194214,0.365
194215,0.45
194216,0.535
194217,0.63
194218,0.445
194219,0.3775
194220,0.4025
194221,0.6725
194222,0.5725
194223,0.475
194224,0.4475
194225,0.465
194226,0.5525
194227,0.465
194228,0.75
194229,0.485
194230,0.5925
194231,0.51
194232,0.4975
194233,0.465
194234,0.4025
194235,0.575
194236,0.495
194237,0.5025
194238,0.435
194239,0.5525
194240,0.6225
194241,0.5575
194242,0.375
194243,0.545
194244,0.665
194245,0.525
194246,0.4975
194247,0.58
194248,0.515
194249,0.435
194250,0.475
194251,0.4775
194252,0.5525
194253,0.5975
194254,0.5625
194255,0.47
194256,0.2725
194257,0.5075
194258,0.56
194259,0.425
194260,0.345
194261,0.53
194262,0.445
194263,0.575
194264,0.4625
194265,0.395
194266,0.51
194267,0.545
194268,0.74
194269,0.6375
194270,0.41
194271,0.55
194272,0.42
194273,0.7325
194274,0.4425
194275,0.47
194276,0.5925
194277,0.455
194278,0.46
194279,0.365
194280,0.5
194281,0.5275
194282,0.66
194283,0.4525
194284,0.7175
194285,0.4575
194286,0.5125
194287,0.6175
194288,0.5075
194289,0.44
194290,0.4825
194291,0.5325
194292,0.53
194293,0.61
194294,0.52
194295,0.555
194296,0.5725
194297,0.5175
194298,0.375
194299,0.58
194300,0.36
194301,0.45
194302,0.5025
194303,0.445
194304,0.38
194305,0.48
194306,0.61
194307,0.38
194308,0.6625
194309,0.3275
194310,0.5625
194311,0.57
194312,0.6475
194313,0.595
194314,0.4625
194315,0.57
194316,0.615
194317,0.4825
194318,0.58
194319,0.625
194320,0.37
194321,0.5025
194322,0.5075
194323,0.3175
194324,0.43
194325,0.37
194326,0.445
194327,0.465
194328,0.6525
194329,0.615
194330,0.545
194331,0.5425
194332,0.54
194333,0.425
194334,0.505
194335,0.4325
194336,0.415
194337,0.5475
194338,0.525
194339,0.485
194340,0.6975
194341,0.4
194342,0.3025
194343,0.6825
194344,0.2525
194345,0.5475
194346,0.5875
194347,0.61
194348,0.5125
194349,0.4325
194350,0.46
194351,0.525
194352,0.535
194353,0.4325
194354,0.6675
194355,0.4525
194356,0.5525
194357,0.43
194358,0.7075
194359,0.6525
194360,0.525
194361,0.5025
194362,0.51
194363,0.505
194364,0.33
194365,0.5475
194366,0.4475
194367,0.3925
194368,0.59
194369,0.485
194370,0.4625
194371,0.43
194372,0.565
194373,0.395
194374,0.51
194375,0.5
194376,0.465
194377,0.6175
194378,0.3375
194379,0.44
194380,0.4425
194381,0.4825
194382,0.6175
194383,0.4975
194384,0.5025
194385,0.5975
194386,0.495
194387,0.485
194388,0.4625
194389,0.455
194390,0.515
194391,0.3825
194392,0.5325
194393,0.34
194394,0.4125
194395,0.5825
194396,0.64
194397,0.5775
194398,0.48
194399,0.565
194400,0.655
194401,0.54
194402,0.53
194403,0.445
194404,0.5375
194405,0.415
194406,0.5825
194407,0.485
194408,0.47
194409,0.5725
194410,0.49
194411,0.42
194412,0.615
194413,0.61
194414,0.4375
194415,0.5925
194416,0.46
194417,0.73
194418,0.4825
194419,0.62
194420,0.5725
194421,0.425
194422,0.4
194423,0.61
194424,0.3225
194425,0.475
194426,0.585
194427,0.6775
194428,0.4825
194429,0.5425
194430,0.64
194431,0.4775
194432,0.505
194433,0.4575
194434,0.475
194435,0.44
194436,0.4025
194437,0.5425
194438,0.52
194439,0.495
194440,0.535
194441,0.5675
194442,0.5425
194443,0.5325
194444,0.6375
194445,0.4925
194446,0.6
194447,0.5
194448,0.58
194449,0.4875
194450,0.4675
194451,0.61
194452,0.56
194453,0.4725
194454,0.5225
194455,0.4825
194456,0.4475
194457,0.485
194458,0.3525
194459,0.455
194460,0.3875
194461,0.6025
194462,0.5
194463,0.595
194464,0.5725
194465,0.725
194466,0.47
194467,0.5325
194468,0.4475
194469,0.4225
194470,0.465
194471,0.3875
194472,0.3275
194473,0.6125
194474,0.6
194475,0.4475
194476,0.68
194477,0.6525
194478,0.3575
194479,0.625
194480,0.515
194481,0.43
194482,0.57
194483,0.52
194484,0.4425
194485,0.4475
194486,0.4975
194487,0.5825
194488,0.4775
194489,0.395
194490,0.58
194491,0.5075
194492,0.6175
194493,0.735
194494,0.45
194495,0.375
194496,0.4
194497,0.4775
194498,0.595
194499,0.4825
194500,0.43
194501,0.4575
194502,0.3675
194503,0.615
194504,0.5725
194505,0.44
194506,0.5225
194507,0.67
194508,0.325
194509,0.41
194510,0.4975
194511,0.425
194512,0.4
194513,0.3925
194514,0.63
194515,0.49
194516,0.515
194517,0.4375
194518,0.3725
194519,0.48
194520,0.59
194521,0.4
194522,0.5125
194523,0.4975
194524,0.505
194525,0.4725
194526,0.5225
194527,0.54
194528,0.47
194529,0.665
194530,0.71
194531,0.475
194532,0.4475
194533,0.525
194534,0.5125
194535,0.465
194536,0.4975
194537,0.3225
194538,0.425
194539,0.7925
194540,0.535
194541,0.5125
194542,0.54
194543,0.4825
194544,0.4175
194545,0.63
194546,0.64
194547,0.675
194548,0.61
194549,0.3625
194550,0.64
194551,0.5325
194552,0.66
194553,0.71
194554,0.545
194555,0.35
194556,0.4275
194557,0.5525
194558,0.4225
194559,0.465
194560,0.51
194561,0.435
194562,0.5875
194563,0.6525
194564,0.655
194565,0.575
194566,0.46
194567,0.3925
194568,0.4575
194569,0.6175
194570,0.5575
194571,0.56
194572,0.65
194573,0.33
194574,0.6525
194575,0.4675
194576,0.565
194577,0.505
194578,0.5225
194579,0.405
194580,0.495
194581,0.5025
194582,0.525
194583,0.49
194584,0.3875
194585,0.5725
194586,0.57
194587,0.395
194588,0.2725
194589,0.5525
194590,0.465
194591,0.49
194592,0.455
194593,0.5175
194594,0.6625
194595,0.575
194596,0.4675
194597,0.625
194598,0.5875
194599,0.3725
194600,0.5375
194601,0.4525
194602,0.3675
194603,0.505
194604,0.4275
194605,0.5075
194606,0.6325
194607,0.445
194608,0.3325
194609,0.605
194610,0.575
194611,0.4975
194612,0.6
194613,0.415
194614,0.37
194615,0.51
194616,0.6025
194617,0.61
194618,0.475
194619,0.42
194620,0.48
194621,0.52
194622,0.6325
194623,0.4925
194624,0.455
194625,0.515
194626,0.7025
194627,0.2875
194628,0.5225
194629,0.6025
194630,0.7225
194631,0.575
194632,0.3675
194633,0.3475
194634,0.5275
194635,0.5175
194636,0.5075
194637,0.3475
194638,0.4475
194639,0.4175
194640,0.5675
194641,0.61
194642,0.5225
194643,0.4825
194644,0.59
194645,0.5375
194646,0.4775
194647,0.475
194648,0.415
194649,0.615
194650,0.595
194651,0.4475
194652,0.54
194653,0.5375
194654,0.505
194655,0.54
194656,0.5125
194657,0.485
194658,0.4775
194659,0.445
194660,0.66
194661,0.4175
194662,0.615
194663,0.45
194664,0.47
194665,0.7375
194666,0.4075
194667,0.5125
194668,0.535
194669,0.575
194670,0.6975
194671,0.51
194672,0.5375
194673,0.5675
194674,0.475
194675,0.55
194676,0.4975
194677,0.49
194678,0.4475
194679,0.4375
194680,0.565
194681,0.64
194682,0.355
194683,0.555
194684,0.5575
194685,0.5175
194686,0.3825
194687,0.6375
194688,0.475
194689,0.5725
194690,0.6175
194691,0.6075
194692,0.48
194693,0.6775
194694,0.4
194695,0.445
194696,0.525
194697,0.4875
194698,0.49
194699,0.4025
194700,0.5175
194701,0.5575
194702,0.4025
194703,0.5475
194704,0.6075
194705,0.6825
194706,0.4625
194707,0.4425
194708,0.4825
194709,0.585
194710,0.4425
194711,0.345
194712,0.55
194713,0.5675
194714,0.395
194715,0.605
194716,0.3425
194717,0.6
194718,0.6075
194719,0.495
194720,0.5975
194721,0.505
194722,0.6025
194723,0.33
194724,0.505
194725,0.6875
194726,0.5425
194727,0.4975
194728,0.4
194729,0.735
194730,0.4
194731,0.6575
194732,0.6275
194733,0.59
194734,0.285
194735,0.4925
194736,0.5425
194737,0.3475
194738,0.325
194739,0.6125
194740,0.6175
194741,0.6625
194742,0.36
194743,0.445
194744,0.675
194745,0.5275
194746,0.4925
194747,0.5725
194748,0.6175
194749,0.4825
194750,0.6325
194751,0.505
194752,0.6125
194753,0.5775
194754,0.43
194755,0.445
194756,0.58
194757,0.58
194758,0.41
194759,0.5625
194760,0.565
194761,0.7125
194762,0.325
194763,0.3975
194764,0.385
194765,0.47
194766,0.4325
194767,0.465
194768,0.4775
194769,0.5525
194770,0.4775
194771,0.6225
194772,0.6525
194773,0.565
194774,0.3175
194775,0.465
194776,0.5125
194777,0.61
194778,0.575
194779,0.595
194780,0.435
194781,0.6025
194782,0.5875
194783,0.635
194784,0.595
194785,0.6925
194786,0.5275
194787,0.5875
194788,0.5275
194789,0.32
194790,0.535
194791,0.435
194792,0.5575
194793,0.715
194794,0.5575
194795,0.5125
194796,0.5475
194797,0.4925
194798,0.365
194799,0.65
194800,0.45
194801,0.5125
194802,0.5475
194803,0.585
194804,0.58
194805,0.5725
194806,0.5175
194807,0.49
194808,0.5125
194809,0.6125
194810,0.5075
194811,0.6625
194812,0.5325
194813,0.4175
194814,0.5075
194815,0.465
194816,0.465
194817,0.6175
194818,0.55
194819,0.5725
194820,0.695
194821,0.4575
194822,0.645
194823,0.46
194824,0.4825
194825,0.5225
194826,0.5775
194827,0.55
194828,0.55
194829,0.5925
194830,0.4575
194831,0.69
194832,0.65
194833,0.4975
194834,0.525
194835,0.565
194836,0.4275
194837,0.6375
194838,0.53
194839,0.495
194840,0.7075
194841,0.46
194842,0.585
194843,0.3575
194844,0.3475
194845,0.4525
194846,0.46
194847,0.565
194848,0.56
194849,0.54
194850,0.4775
194851,0.41
194852,0.615
194853,0.5225
194854,0.6775
194855,0.4575
194856,0.375
194857,0.46
194858,0.52
194859,0.5375
194860,0.5725
194861,0.445
194862,0.4225
194863,0.63
194864,0.4025
194865,0.605
194866,0.605
194867,0.4875
194868,0.535
194869,0.605
194870,0.5125
194871,0.6825
194872,0.5
194873,0.4275
194874,0.5275
194875,0.3325
194876,0.4575
194877,0.6775
194878,0.3575
194879,0.49
194880,0.54
194881,0.6475
194882,0.47
194883,0.53
194884,0.475
194885,0.5725
194886,0.6475
194887,0.5175
194888,0.505
194889,0.5675
194890,0.64
194891,0.4625
194892,0.5175
194893,0.3675
194894,0.59
194895,0.415
194896,0.505
194897,0.5425
194898,0.465
194899,0.185
194900,0.51
194901,0.5575
194902,0.535
194903,0.5
194904,0.44
194905,0.435
194906,0.34
194907,0.515
194908,0.52
194909,0.535
194910,0.53
194911,0.525
194912,0.43
194913,0.42
194914,0.5375
194915,0.4575
194916,0.725
194917,0.5525
194918,0.57
194919,0.5525
194920,0.5475
194921,0.5125
194922,0.5475
194923,0.6275
194924,0.605
194925,0.6775
194926,0.6475
194927,0.6175
194928,0.56
194929,0.46
194930,0.4175
194931,0.545
194932,0.485
194933,0.49
194934,0.3675
194935,0.4825
194936,0.5525
194937,0.5125
194938,0.5425
194939,0.485
194940,0.5575
194941,0.355
194942,0.4475
194943,0.5325
194944,0.48
194945,0.3925
194946,0.5025
194947,0.35
194948,0.6025
194949,0.4625
194950,0.47
194951,0.63
194952,0.3375
194953,0.45
194954,0.5375
194955,0.3175
194956,0.455
194957,0.565
194958,0.5275
194959,0.6225
194960,0.4775
194961,0.555
194962,0.62
194963,0.4
194964,0.4625
194965,0.6625
194966,0.515
194967,0.4275
194968,0.3325
194969,0.54
194970,0.405
194971,0.5875
194972,0.645
194973,0.465
194974,0.3925
194975,0.5125
194976,0.69
194977,0.58
194978,0.4575
194979,0.5425
194980,0.5025
194981,0.5425
194982,0.5
194983,0.38
194984,0.7025
194985,0.5375
194986,0.35
194987,0.5075
194988,0.48
194989,0.5625
194990,0.4175
194991,0.6
194992,0.4425
194993,0.5325
194994,0.5875
194995,0.5325
194996,0.3875
194997,0.6375
194998,0.6075
194999,0.545
195000,0.5575
195001,0.435
195002,0.5575
195003,0.51
195004,0.5725
195005,0.6025
195006,0.61
195007,0.4375
195008,0.5575
195009,0.595
195010,0.5175
195011,0.3775
195012,0.5025
195013,0.51
195014,0.4975
195015,0.68
195016,0.635
195017,0.3325
195018,0.63
195019,0.3725
195020,0.7275
195021,0.4025
195022,0.5925
195023,0.3975
195024,0.5625
195025,0.6925
195026,0.535
195027,0.7025
195028,0.5225
195029,0.4825
195030,0.535
195031,0.4525
195032,0.5
195033,0.4275
195034,0.585
195035,0.46
195036,0.4875
195037,0.645
195038,0.385
195039,0.6325
195040,0.57
195041,0.4325
195042,0.6175
195043,0.5175
195044,0.3075
195045,0.4175
195046,0.5425
195047,0.57
195048,0.4275
195049,0.54
195050,0.665
195051,0.6225
195052,0.6275
195053,0.5975
195054,0.7675
195055,0.48
195056,0.335
195057,0.495
195058,0.4075
195059,0.5725
195060,0.445
195061,0.4825
195062,0.475
195063,0.485
195064,0.5
195065,0.525
195066,0.565
195067,0.3475
195068,0.6725
195069,0.48
195070,0.505
195071,0.3775
195072,0.6275
195073,0.605
195074,0.725
195075,0.71
195076,0.455
195077,0.495
195078,0.5425
195079,0.495
195080,0.585
195081,0.515
195082,0.4975
195083,0.695
195084,0.4825
195085,0.5775
195086,0.405
195087,0.4775
195088,0.4225
195089,0.59
195090,0.5125
195091,0.485
195092,0.3575
195093,0.68
195094,0.4475
195095,0.465
195096,0.525
195097,0.445
195098,0.4025
195099,0.5
195100,0.42
195101,0.425
195102,0.4
195103,0.575
195104,0.4975
195105,0.7625
195106,0.4925
195107,0.59
195108,0.6275
195109,0.4375
195110,0.45
195111,0.52
195112,0.545
195113,0.485
195114,0.375
195115,0.53
195116,0.4675
195117,0.48
195118,0.55
195119,0.55
195120,0.4525
195121,0.37
195122,0.4425
195123,0.4325
195124,0.52
195125,0.6325
195126,0.56
195127,0.5225
195128,0.385
195129,0.455
195130,0.535
195131,0.49
195132,0.6875
195133,0.52
195134,0.51
195135,0.515
195136,0.4375
195137,0.5175
195138,0.52
195139,0.5
195140,0.2825
195141,0.4725
195142,0.5275
195143,0.4825
195144,0.445
195145,0.6125
195146,0.3675
195147,0.2725
195148,0.515
195149,0.6675
195150,0.4925
195151,0.3125
195152,0.515
195153,0.545
195154,0.4175
195155,0.605
195156,0.58
195157,0.4475
195158,0.5475
195159,0.46
195160,0.355
195161,0.49
195162,0.5525
195163,0.4175
195164,0.695
195165,0.595
195166,0.465
195167,0.6425
195168,0.635
195169,0.49
195170,0.5925
195171,0.48
195172,0.56
195173,0.61
195174,0.535
195175,0.565
195176,0.47
195177,0.4975
195178,0.495
195179,0.495
195180,0.5075
195181,0.3175
195182,0.5925
195183,0.4825
195184,0.4575
195185,0.4225
195186,0.5625
195187,0.4875
195188,0.6
195189,0.4875
195190,0.485
195191,0.4325
195192,0.5075
195193,0.435
195194,0.5375
195195,0.5675
195196,0.5475
195197,0.4375
195198,0.4925
195199,0.5725
195200,0.55
195201,0.485
195202,0.7025
195203,0.515
195204,0.355
195205,0.555
195206,0.4125
195207,0.5475
195208,0.5575
195209,0.45
195210,0.4825
195211,0.605
195212,0.4725
195213,0.365
195214,0.495
195215,0.545
195216,0.575
195217,0.545
195218,0.5675
195219,0.4425
195220,0.7075
195221,0.6675
195222,0.6725
195223,0.555
195224,0.4125
195225,0.535
195226,0.6
195227,0.615
195228,0.42
195229,0.5625
195230,0.62
195231,0.515
195232,0.475
195233,0.3725
195234,0.4375
195235,0.6425
195236,0.5675
195237,0.655
195238,0.71
195239,0.56
195240,0.6125
195241,0.5025
195242,0.34
195243,0.2775
195244,0.48
195245,0.525
195246,0.38
195247,0.3675
195248,0.3425
195249,0.4625
195250,0.475
195251,0.4
195252,0.56
195253,0.555
195254,0.475
195255,0.535
195256,0.4375
195257,0.47
195258,0.6175
195259,0.465
195260,0.4625
195261,0.3375
195262,0.655
195263,0.5175
195264,0.4
195265,0.2925
195266,0.4775
195267,0.49
195268,0.5175
195269,0.365
195270,0.5
195271,0.4425
195272,0.3525
195273,0.6125
195274,0.475
195275,0.27
195276,0.4225
195277,0.4775
195278,0.56
195279,0.3925
195280,0.45
195281,0.4525
195282,0.45
195283,0.495
195284,0.52
195285,0.4625
195286,0.51
195287,0.5625
195288,0.4725
195289,0.5175
195290,0.4275
195291,0.485
195292,0.4125
195293,0.6025
195294,0.3775
195295,0.3575
195296,0.5925
195297,0.6325
195298,0.575
195299,0.425
195300,0.6525
195301,0.435
195302,0.595
195303,0.5175
195304,0.515
195305,0.6325
195306,0.4275
195307,0.4375
195308,0.525
195309,0.5125
195310,0.5625
195311,0.4825
195312,0.4925
195313,0.5975
195314,0.5925
195315,0.49
195316,0.5425
195317,0.595
195318,0.485
195319,0.31
195320,0.625
195321,0.5375
195322,0.505
195323,0.505
195324,0.4325
195325,0.59
195326,0.4225
195327,0.51
195328,0.4125
195329,0.5175
195330,0.5975
195331,0.56
195332,0.5375
195333,0.53
195334,0.505
195335,0.3975
195336,0.4575
195337,0.6775
195338,0.5425
195339,0.5225
195340,0.5475
195341,0.5725
195342,0.595
195343,0.4275
195344,0.72
195345,0.695
195346,0.62
195347,0.4525
195348,0.5125
195349,0.46
195350,0.5775
195351,0.4875
195352,0.665
195353,0.3775
195354,0.31
195355,0.4075
195356,0.625
195357,0.53
195358,0.19
195359,0.3525
195360,0.535
195361,0.585
195362,0.4975
195363,0.375
195364,0.5625
195365,0.59
195366,0.4425
195367,0.45
195368,0.3775
195369,0.5425
195370,0.5675
195371,0.38
195372,0.665
195373,0.505
195374,0.4725
195375,0.48
195376,0.615
195377,0.3325
195378,0.33
195379,0.715
195380,0.5625
195381,0.34
195382,0.525
195383,0.5
195384,0.3725
195385,0.5775
195386,0.3875
195387,0.53
195388,0.395
195389,0.48
195390,0.475
195391,0.495
195392,0.3625
195393,0.545
195394,0.7
195395,0.5725
195396,0.495
195397,0.6825
195398,0.45
195399,0.555
195400,0.5075
195401,0.5775
195402,0.6975
195403,0.385
195404,0.445
195405,0.56
195406,0.5325
195407,0.5575
195408,0.62
195409,0.3375
195410,0.4975
195411,0.6425
195412,0.5275
195413,0.5575
195414,0.5925
195415,0.5025
195416,0.5875
195417,0.4975
195418,0.41
195419,0.515
195420,0.5375
195421,0.47
195422,0.5075
195423,0.355
195424,0.3425
195425,0.44
195426,0.465
195427,0.4775
195428,0.515
195429,0.5325
195430,0.6025
195431,0.5
195432,0.52
195433,0.62
195434,0.4525
195435,0.3325
195436,0.655
195437,0.535
195438,0.4275
195439,0.4475
195440,0.405
195441,0.465
195442,0.54
195443,0.6075
195444,0.525
195445,0.5375
195446,0.555
195447,0.585
195448,0.33
195449,0.665
195450,0.51
195451,0.4325
195452,0.58
195453,0.5525
195454,0.49
195455,0.4975
195456,0.4925
195457,0.665
195458,0.4075
195459,0.6875
195460,0.45
195461,0.49
195462,0.62
195463,0.5625
195464,0.4075
195465,0.4525
195466,0.6025
195467,0.48
195468,0.505
195469,0.6325
195470,0.3875
195471,0.3725
195472,0.5725
195473,0.5375
195474,0.525
195475,0.485
195476,0.505
195477,0.6225
195478,0.55
195479,0.5225
195480,0.535
195481,0.455
195482,0.665
195483,0.535
195484,0.5925
195485,0.4875
195486,0.6075
195487,0.4875
195488,0.4725
195489,0.49
195490,0.5775
195491,0.4775
195492,0.4675
195493,0.39
195494,0.53
195495,0.48
195496,0.6925
195497,0.45
195498,0.38
195499,0.67
195500,0.5775
195501,0.515
195502,0.3575
195503,0.3675
195504,0.385
195505,0.4575
195506,0.5875
195507,0.4075
195508,0.58
195509,0.52
195510,0.4
195511,0.4625
195512,0.5275
195513,0.4375
195514,0.4125
195515,0.51
195516,0.5275
195517,0.4425
195518,0.455
195519,0.41
195520,0.445
195521,0.475
195522,0.5525
195523,0.6425
195524,0.5175
195525,0.57
195526,0.525
195527,0.435
195528,0.5075
195529,0.63
195530,0.42
195531,0.6225
195532,0.6825
195533,0.52
195534,0.6925
195535,0.5525
195536,0.545
195537,0.72
195538,0.3175
195539,0.43
195540,0.63
195541,0.7275
195542,0.5325
195543,0.47
195544,0.4875
195545,0.6275
195546,0.4725
195547,0.47
195548,0.5275
195549,0.4825
195550,0.48
195551,0.55
195552,0.71
195553,0.4925
195554,0.4
195555,0.53
195556,0.4925
195557,0.4625
195558,0.4375
195559,0.6775
195560,0.4125
195561,0.415
195562,0.5925
195563,0.605
195564,0.45
195565,0.6625
195566,0.535
195567,0.59
195568,0.44
195569,0.545
195570,0.37
195571,0.4475
195572,0.52
195573,0.425
195574,0.6375
195575,0.26
195576,0.385
195577,0.5825
195578,0.5325
195579,0.355
195580,0.465
195581,0.575
195582,0.5575
195583,0.6025
195584,0.625
195585,0.4125
195586,0.6
195587,0.5175
195588,0.57
195589,0.4175
195590,0.46
195591,0.3275
195592,0.4
195593,0.485
195594,0.46
195595,0.525
195596,0.4925
195597,0.5625
195598,0.42
195599,0.645
195600,0.5175
195601,0.3975
195602,0.395
195603,0.63
195604,0.3975
195605,0.5125
195606,0.37
195607,0.5
195608,0.4075
195609,0.5225
195610,0.395
195611,0.5075
195612,0.575
195613,0.4075
195614,0.46
195615,0.595
195616,0.445
195617,0.5275
195618,0.4925
195619,0.475
195620,0.4975
195621,0.495
195622,0.605
195623,0.48
195624,0.52
195625,0.4725
195626,0.5875
195627,0.655
195628,0.5775
195629,0.58
195630,0.555
195631,0.365
195632,0.45
195633,0.4675
195634,0.51
195635,0.4575
195636,0.7225
195637,0.51
195638,0.51
195639,0.5375
195640,0.675
195641,0.47
195642,0.57
195643,0.4575
195644,0.3425
195645,0.46
195646,0.56
195647,0.53
195648,0.355
195649,0.4675
195650,0.36
195651,0.4725
195652,0.5075
195653,0.39
195654,0.385
195655,0.4225
195656,0.52
195657,0.5525
195658,0.3725
195659,0.5625
195660,0.5175
195661,0.67
195662,0.5125
195663,0.3425
195664,0.6775
195665,0.4125
195666,0.5875
195667,0.5525
195668,0.6125
195669,0.44
195670,0.6175
195671,0.595
195672,0.61
195673,0.4875
195674,0.595
195675,0.6725
195676,0.6475
195677,0.53
195678,0.46
195679,0.4875
195680,0.6275
195681,0.6225
195682,0.6425
195683,0.5525
195684,0.5175
195685,0.5425
195686,0.4075
195687,0.4275
195688,0.4675
195689,0.445
195690,0.4525
195691,0.34
195692,0.3875
195693,0.35
195694,0.455
195695,0.5
195696,0.4325
195697,0.495
195698,0.47
195699,0.455
195700,0.5175
195701,0.4975
195702,0.5
195703,0.4975
195704,0.4775
195705,0.4925
195706,0.2325
195707,0.3825
195708,0.4425
195709,0.315
195710,0.51
195711,0.4825
195712,0.51
195713,0.51
195714,0.4925
195715,0.55
195716,0.3175
195717,0.3725
195718,0.4325
195719,0.4
195720,0.32
195721,0.4425
195722,0.5425
195723,0.5
195724,0.4675
195725,0.4125
195726,0.555
195727,0.36
195728,0.5325
195729,0.335
195730,0.5025
195731,0.405
195732,0.4825
195733,0.4975
195734,0.555
195735,0.4175
195736,0.48
195737,0.55
195738,0.4975
195739,0.4175
195740,0.355
195741,0.5425
195742,0.4725
195743,0.4875
195744,0.335
195745,0.47
195746,0.36
195747,0.4925
195748,0.505
195749,0.305
195750,0.4875
195751,0.54
195752,0.5025
195753,0.4325
195754,0.4675
195755,0.46
195756,0.495
195757,0.515
195758,0.465
195759,0.56
195760,0.4075
195761,0.4975
195762,0.3325
195763,0.4775
195764,0.5325
195765,0.52
195766,0.4625
195767,0.3875
195768,0.475
195769,0.4375
195770,0.4925
195771,0.5475
195772,0.405
195773,0.495
195774,0.5825
195775,0.4875
195776,0.4825
195777,0.4275
195778,0.4725
195779,0.5025
195780,0.465
195781,0.4175
195782,0.5075
195783,0.4975
195784,0.5025
195785,0.46
195786,0.4425
195787,0.5025
195788,0.5075
195789,0.44
195790,0.355
195791,0.49
195792,0.515
195793,0.4
195794,0.4975
195795,0.45
195796,0.4725
195797,0.495
195798,0.33
195799,0.4475
195800,0.4425
195801,0.6625
195802,0.3875
195803,0.57
195804,0.4875
195805,0.455
195806,0.5425
195807,0.4525
195808,0.4425
195809,0.49
195810,0.5625
195811,0.41
195812,0.45
195813,0.385
195814,0.495
195815,0.3875
195816,0.4475
195817,0.46
195818,0.4825
195819,0.57
195820,0.4075
195821,0.5175
195822,0.415
195823,0.5375
195824,0.4575
195825,0.55
195826,0.52
195827,0.4675
195828,0.5175
195829,0.6025
195830,0.435
195831,0.3925
195832,0.415
195833,0.5625
195834,0.5025
195835,0.435
195836,0.4875
195837,0.4125
195838,0.4425
195839,0.4275
195840,0.455
195841,0.5025
195842,0.4025
195843,0.3575
195844,0.57
195845,0.6
195846,0.3475
195847,0.3875
195848,0.465
195849,0.5625
195850,0.5825
195851,0.54
195852,0.5375
195853,0.5825
195854,0.4725
195855,0.315
195856,0.5475
195857,0.4925
195858,0.315
195859,0.3875
195860,0.4875
195861,0.5175
195862,0.495
195863,0.4975
195864,0.425
195865,0.5175
195866,0.5475
195867,0.4775
195868,0.4975
195869,0.4775
195870,0.3975
195871,0.5375
195872,0.5025
195873,0.4275
195874,0.5025
195875,0.6175
195876,0.475
195877,0.56
195878,0.57
195879,0.615
195880,0.495
195881,0.47
195882,0.5225
195883,0.5
195884,0.5
195885,0.465
195886,0.525
195887,0.6475
195888,0.4425
195889,0.485
195890,0.4825
195891,0.5325
195892,0.565
195893,0.4475
195894,0.515
195895,0.495
195896,0.53
195897,0.48
195898,0.4925
195899,0.4025
195900,0.48
195901,0.55
195902,0.4575
195903,0.4725
195904,0.4775
195905,0.54
195906,0.5075
195907,0.48
195908,0.5
195909,0.3975
195910,0.4925
195911,0.3675
195912,0.4025
195913,0.5225
195914,0.5125
195915,0.465
195916,0.4975
195917,0.4575
195918,0.5075
195919,0.55
195920,0.48
195921,0.375
195922,0.4125
195923,0.475
195924,0.3275
195925,0.4575
195926,0.47
195927,0.4075
195928,0.5525
195929,0.315
195930,0.555
195931,0.495
195932,0.3325
195933,0.5475
195934,0.4375
195935,0.3225
195936,0.4275
195937,0.5025
195938,0.465
195939,0.3875
195940,0.325
195941,0.4325
195942,0.595
195943,0.52
195944,0.5425
195945,0.4825
195946,0.4025
195947,0.3725
195948,0.4975
195949,0.35
195950,0.5025
195951,0.5075
195952,0.505
195953,0.5625
195954,0.5475
195955,0.5925
195956,0.5375
195957,0.5125
195958,0.37
195959,0.515
195960,0.425
195961,0.545
195962,0.4375
195963,0.52
195964,0.4375
195965,0.4825
195966,0.5175
195967,0.415
195968,0.5225
195969,0.5325
195970,0.4975
195971,0.54
195972,0.415
195973,0.4525
195974,0.475
195975,0.45
195976,0.4975
195977,0.4075
195978,0.4
195979,0.325
195980,0.4775
195981,0.3275
195982,0.3775
195983,0.485
195984,0.6075
195985,0.3475
195986,0.4675
195987,0.4975
195988,0.3675
195989,0.5475
195990,0.55
195991,0.37
195992,0.4625
195993,0.5075
195994,0.4825
195995,0.5125
195996,0.4175
195997,0.465
195998,0.4825
195999,0.4525
196000,0.5275
196001,0.53
196002,0.5575
196003,0.385
196004,0.5175
196005,0.4825
196006,0.405
196007,0.5375
196008,0.555
196009,0.3475
196010,0.565
196011,0.425
196012,0.53
196013,0.4375
196014,0.4825
196015,0.3425
196016,0.405
196017,0.42
196018,0.55
196019,0.3375
196020,0.535
196021,0.495
196022,0.3575
196023,0.5025
196024,0.42
196025,0.4775
196026,0.5225
196027,0.41
196028,0.52
196029,0.505
196030,0.575
196031,0.5925
196032,0.5875
196033,0.505
196034,0.4475
196035,0.5225
196036,0.5
196037,0.4
196038,0.5425
196039,0.545
196040,0.6225
196041,0.375
196042,0.3275
196043,0.495
196044,0.515
196045,0.5
196046,0.6225
196047,0.4825
196048,0.3425
196049,0.5625
196050,0.46
196051,0.5425
196052,0.3775
196053,0.56
196054,0.3225
196055,0.5375
196056,0.455
196057,0.49
196058,0.5125
196059,0.4425
196060,0.5
196061,0.51
196062,0.5125
196063,0.45
196064,0.4175
196065,0.525
196066,0.535
196067,0.55
196068,0.48
196069,0.515
196070,0.5025
196071,0.365
196072,0.4425
196073,0.385
196074,0.52
196075,0.5725
196076,0.5375
196077,0.5225
196078,0.335
196079,0.4325
196080,0.4775
196081,0.4925
196082,0.4625
196083,0.4875
196084,0.5625
196085,0.4175
196086,0.5025
196087,0.4325
196088,0.3825
196089,0.4725
196090,0.5025
196091,0.53
196092,0.5625
196093,0.455
196094,0.3175
196095,0.5725
196096,0.535
196097,0.475
196098,0.4375
196099,0.3875
196100,0.41
196101,0.5375
196102,0.52
196103,0.505
196104,0.4
196105,0.4775
196106,0.51
196107,0.485
196108,0.435
196109,0.475
196110,0.4775
196111,0.4825
196112,0.4625
196113,0.4775
196114,0.625
196115,0.3725
196116,0.41
196117,0.505
196118,0.57
196119,0.4775
196120,0.4425
196121,0.5475
196122,0.4625
196123,0.5275
196124,0.62
196125,0.47
196126,0.3875
196127,0.5875
196128,0.37
196129,0.515
196130,0.4575
196131,0.51
196132,0.48
196133,0.4075
196134,0.5
196135,0.37
196136,0.5325
196137,0.5075
196138,0.505
196139,0.5575
196140,0.6225
196141,0.5125
196142,0.6075
196143,0.4275
196144,0.4425
196145,0.42
196146,0.3875
196147,0.5825
196148,0.545
196149,0.37
196150,0.3825
196151,0.4875
196152,0.43
196153,0.49
196154,0.4975
196155,0.3525
196156,0.545
196157,0.4475
196158,0.5475
196159,0.515
196160,0.505
196161,0.44
196162,0.5175
196163,0.53
196164,0.5
196165,0.495
196166,0.475
196167,0.5125
196168,0.56
196169,0.38
196170,0.425
196171,0.46
196172,0.5925
196173,0.515
196174,0.6075
196175,0.525
196176,0.5975
196177,0.5425
196178,0.4825
196179,0.5075
196180,0.4775
196181,0.5525
196182,0.565
196183,0.3525
196184,0.46
196185,0.4825
196186,0.56
196187,0.5125
196188,0.5225
196189,0.58
196190,0.375
196191,0.41
196192,0.4075
196193,0.385
196194,0.4875
196195,0.4875
196196,0.57
196197,0.495
196198,0.465
196199,0.505
196200,0.665
196201,0.465
196202,0.4975
196203,0.55
196204,0.5975
196205,0.5125
196206,0.49
196207,0.5
196208,0.365
196209,0.445
196210,0.6525
196211,0.4225
196212,0.48
196213,0.495
196214,0.4675
196215,0.4875
196216,0.46
196217,0.5325
196218,0.44
196219,0.5125
196220,0.48
196221,0.49
196222,0.3525
196223,0.51
196224,0.555
196225,0.505
196226,0.5275
196227,0.525
196228,0.51
196229,0.4725
196230,0.5225
196231,0.3275
196232,0.4525
196233,0.3875
196234,0.5375
196235,0.6325
196236,0.4375
196237,0.5575
196238,0.385
196239,0.5725
196240,0.2975
196241,0.495
196242,0.4075
196243,0.525
196244,0.4475
196245,0.5225
196246,0.5325
196247,0.565
196248,0.48
196249,0.43
196250,0.55
196251,0.405
196252,0.51
196253,0.4325
196254,0.2825
196255,0.5525
196256,0.3525
196257,0.5275
196258,0.49
196259,0.44
196260,0.33
196261,0.4525
196262,0.4225
196263,0.485
196264,0.4775
196265,0.555
196266,0.3825
196267,0.5625
196268,0.515
196269,0.3825
196270,0.3375
196271,0.38
196272,0.435
196273,0.465
196274,0.4825
196275,0.5675
196276,0.3825
196277,0.4925
196278,0.475
196279,0.3625
196280,0.4275
196281,0.5525
196282,0.5375
196283,0.5275
196284,0.5175
196285,0.4225
196286,0.51
196287,0.3275
196288,0.4825
196289,0.46
196290,0.35
196291,0.58
196292,0.475
196293,0.6275
196294,0.495
196295,0.5075
196296,0.46
196297,0.4525
196298,0.5625
196299,0.5575
196300,0.475
196301,0.5575
196302,0.495
196303,0.4775
196304,0.485
196305,0.545
196306,0.485
196307,0.3325
196308,0.375
196309,0.5175
196310,0.455
196311,0.495
196312,0.5125
196313,0.4375
196314,0.4725
196315,0.52
196316,0.61
196317,0.47
196318,0.5325
196319,0.3875
196320,0.535
196321,0.5425
196322,0.5175
196323,0.445
196324,0.485
196325,0.575
196326,0.45
196327,0.54
196328,0.5025
196329,0.4675
196330,0.405
196331,0.3975
196332,0.53
196333,0.4825
196334,0.445
196335,0.5125
196336,0.645
196337,0.4225
196338,0.57
196339,0.3775
196340,0.4125
196341,0.445
196342,0.425
196343,0.435
196344,0.6225
196345,0.5625
196346,0.5125
196347,0.5175
196348,0.5125
196349,0.5425
196350,0.445
196351,0.35
196352,0.61
196353,0.46
196354,0.5875
196355,0.4875
196356,0.585
196357,0.5525
196358,0.46
196359,0.6025
196360,0.3775
196361,0.53
196362,0.5725
196363,0.515
196364,0.5075
196365,0.535
196366,0.4125
196367,0.475
196368,0.5
196369,0.475
196370,0.57
196371,0.5
196372,0.675
196373,0.4675
196374,0.4825
196375,0.4575
196376,0.47
196377,0.6125
196378,0.405
196379,0.505
196380,0.49
196381,0.5375
196382,0.47
196383,0.4975
196384,0.61
196385,0.5075
196386,0.495
196387,0.3675
196388,0.465
196389,0.4875
196390,0.58
196391,0.5025
196392,0.4275
196393,0.545
196394,0.5275
196395,0.5
196396,0.37
196397,0.6575
196398,0.385
196399,0.6
196400,0.4425
196401,0.565
196402,0.5575
196403,0.505
196404,0.4825
196405,0.635
196406,0.4
196407,0.525
196408,0.5375
196409,0.485
196410,0.4825
196411,0.4675
196412,0.545
196413,0.41
196414,0.45
196415,0.4525
196416,0.4975
196417,0.3925
196418,0.5575
196419,0.6
196420,0.45
196421,0.405
196422,0.5375
196423,0.34
196424,0.4975
196425,0.3775
196426,0.34
196427,0.54
196428,0.4975
196429,0.445
196430,0.52
196431,0.3975
196432,0.585
196433,0.435
196434,0.4925
196435,0.495
196436,0.51
196437,0.4875
196438,0.4775
196439,0.3525
196440,0.445
196441,0.4675
196442,0.575
196443,0.415
196444,0.4825
196445,0.3875
196446,0.475
196447,0.435
196448,0.505
196449,0.465
196450,0.425
196451,0.54
196452,0.32
196453,0.455
196454,0.47
196455,0.475
196456,0.385
196457,0.54
196458,0.535
196459,0.48
196460,0.4925
196461,0.62
196462,0.61
196463,0.5175
196464,0.4925
196465,0.5575
196466,0.4325
196467,0.4225
196468,0.525
196469,0.4925
196470,0.505
196471,0.415
196472,0.44
196473,0.5425
196474,0.4
196475,0.42
196476,0.58
196477,0.43
196478,0.6025
196479,0.5
196480,0.47
196481,0.5
196482,0.3025
196483,0.4925
196484,0.4575
196485,0.3975
196486,0.5
196487,0.5425
196488,0.45
196489,0.5175
196490,0.4825
196491,0.415
196492,0.47
196493,0.4925
196494,0.5075
196495,0.5275
196496,0.5225
196497,0.4575
196498,0.3775
196499,0.4975
196500,0.5625
196501,0.475
196502,0.5175
196503,0.43
196504,0.425
196505,0.4875
196506,0.475
196507,0.5275
196508,0.43
196509,0.365
196510,0.4975
196511,0.44
196512,0.325
196513,0.5775
196514,0.4975
196515,0.48
196516,0.46
196517,0.5125
196518,0.465
196519,0.57
196520,0.5425
196521,0.46
196522,0.4875
196523,0.445
196524,0.535
196525,0.4275
196526,0.515
196527,0.3575
196528,0.36
196529,0.5825
196530,0.5325
196531,0.34
196532,0.71
196533,0.42
196534,0.42
196535,0.3925
196536,0.415
196537,0.5225
196538,0.5625
196539,0.4025
196540,0.45
196541,0.4925
196542,0.4
196543,0.59
196544,0.495
196545,0.6
196546,0.5525
196547,0.5075
196548,0.4975
196549,0.4525
196550,0.5275
196551,0.4925
196552,0.3275
196553,0.54
196554,0.54
196555,0.39
196556,0.5325
196557,0.4425
196558,0.3525
196559,0.54
196560,0.4975
196561,0.5
196562,0.525
196563,0.635
196564,0.33
196565,0.38
196566,0.435
196567,0.44
196568,0.4225
196569,0.47
196570,0.51
196571,0.4775
196572,0.7275
196573,0.4925
196574,0.5625
196575,0.37
196576,0.4075
196577,0.62
196578,0.5675
196579,0.525
196580,0.475
196581,0.5975
196582,0.56
196583,0.5525
196584,0.435
196585,0.6025
196586,0.495
196587,0.415
196588,0.4025
196589,0.4
196590,0.5925
196591,0.585
196592,0.5225
196593,0.4575
196594,0.4275
196595,0.4725
196596,0.5075
196597,0.4225
196598,0.6
196599,0.3875
196600,0.4025
196601,0.475
196602,0.5025
196603,0.36
196604,0.4275
196605,0.5625
196606,0.4375
196607,0.64
196608,0.5
196609,0.5275
196610,0.4475
196611,0.4925
196612,0.525
196613,0.51
196614,0.525
196615,0.475
196616,0.6025
196617,0.4725
196618,0.5475
196619,0.455
196620,0.455
196621,0.63
196622,0.535
196623,0.545
196624,0.4825
196625,0.5475
196626,0.545
196627,0.54
196628,0.535
196629,0.4
196630,0.48
196631,0.505
196632,0.4975
196633,0.465
196634,0.3125
196635,0.54
196636,0.4975
196637,0.5825
196638,0.445
196639,0.3075
196640,0.4425
196641,0.46
196642,0.5375
196643,0.515
196644,0.5325
196645,0.5275
196646,0.4975
196647,0.565
196648,0.4225
196649,0.34
196650,0.46
196651,0.6125
196652,0.485
196653,0.4975
196654,0.4875
196655,0.5475
196656,0.505
196657,0.4975
196658,0.585
196659,0.525
196660,0.365
196661,0.325
196662,0.4175
196663,0.5175
196664,0.4525
196665,0.495
196666,0.6325
196667,0.4525
196668,0.395
196669,0.515
196670,0.475
196671,0.3775
196672,0.585
196673,0.5625
196674,0.38
196675,0.565
196676,0.35
196677,0.505
196678,0.575
196679,0.3875
196680,0.535
196681,0.44
196682,0.5025
196683,0.4575
196684,0.505
196685,0.4925
196686,0.405
196687,0.71
196688,0.4825
196689,0.4375
196690,0.53
196691,0.445
196692,0.4375
196693,0.5075
196694,0.5325
196695,0.515
196696,0.4075
196697,0.6025
196698,0.5225
196699,0.3825
196700,0.565
196701,0.4775
196702,0.37
196703,0.4975
196704,0.385
196705,0.5
196706,0.5
196707,0.2625
196708,0.4875
196709,0.4525
196710,0.5375
196711,0.51
196712,0.5525
196713,0.525
196714,0.455
196715,0.345
196716,0.49
196717,0.525
196718,0.395
196719,0.6075
196720,0.4425
196721,0.5
196722,0.395
196723,0.5375
196724,0.5075
196725,0.445
196726,0.38
196727,0.7125
196728,0.565
196729,0.575
196730,0.5525
196731,0.545
196732,0.68
196733,0.31
196734,0.5125
196735,0.56
196736,0.4925
196737,0.49
196738,0.56
196739,0.4975
196740,0.565
196741,0.2775
196742,0.5375
196743,0.5025
196744,0.4125
196745,0.3925
196746,0.4725
196747,0.535
196748,0.5275
196749,0.3275
196750,0.4225
196751,0.46
196752,0.455
196753,0.4425
196754,0.6175
196755,0.485
196756,0.5275
196757,0.5275
196758,0.4275
196759,0.5425
196760,0.4625
196761,0.51
196762,0.4625
196763,0.4025
196764,0.53
196765,0.4625
196766,0.465
196767,0.4075
196768,0.4875
196769,0.525
196770,0.4575
196771,0.615
196772,0.3725
196773,0.515
196774,0.3675
196775,0.4725
196776,0.545
196777,0.485
196778,0.4975
196779,0.6175
196780,0.5425
196781,0.45
196782,0.4975
196783,0.435
196784,0.46
196785,0.5125
196786,0.685
196787,0.43
196788,0.5625
196789,0.6475
196790,0.4825
196791,0.3975
196792,0.4725
196793,0.5125
196794,0.3625
196795,0.455
196796,0.4975
196797,0.4025
196798,0.4875
196799,0.5575
196800,0.5475
196801,0.3075
196802,0.27
196803,0.44
196804,0.3675
196805,0.5125
196806,0.49
196807,0.52
196808,0.565
196809,0.6025
196810,0.5725
196811,0.4625
196812,0.6275
196813,0.395
196814,0.3725
196815,0.5625
196816,0.4775
196817,0.545
196818,0.4925
196819,0.5375
196820,0.5975
196821,0.525
196822,0.4975
196823,0.5425
196824,0.6225
196825,0.55
196826,0.365
196827,0.51
196828,0.5
196829,0.555
196830,0.465
196831,0.5125
196832,0.5025
196833,0.5375
196834,0.515
196835,0.4075
196836,0.5025
196837,0.4875
196838,0.55
196839,0.3875
196840,0.4225
196841,0.4625
196842,0.68
196843,0.515
196844,0.4225
196845,0.5
196846,0.4525
196847,0.5475
196848,0.4075
196849,0.4475
196850,0.3825
196851,0.52
196852,0.4425
196853,0.465
196854,0.64
196855,0.53
196856,0.57
196857,0.4625
196858,0.42
196859,0.49
196860,0.3975
196861,0.415
196862,0.5425
196863,0.3975
196864,0.5425
196865,0.555
196866,0.63
196867,0.46
196868,0.52
196869,0.435
196870,0.4825
196871,0.5325
196872,0.495
196873,0.5725
196874,0.6675
196875,0.4875
196876,0.46
196877,0.715
196878,0.5675
196879,0.4675
196880,0.5025
196881,0.4975
196882,0.5175
196883,0.64
196884,0.505
196885,0.4325
196886,0.485
196887,0.4875
196888,0.525
196889,0.4425
196890,0.4625
196891,0.5725
196892,0.41
196893,0.38
196894,0.5
196895,0.5475
196896,0.59
196897,0.4775
196898,0.5175
196899,0.4775
196900,0.555
196901,0.4375
196902,0.505
196903,0.48
196904,0.5
196905,0.49
196906,0.5175
196907,0.4825
196908,0.335
196909,0.4975
196910,0.46
196911,0.39
196912,0.5325
196913,0.6175
196914,0.6275
196915,0.5275
196916,0.465
196917,0.535
196918,0.5075
196919,0.4275
196920,0.685
196921,0.435
196922,0.28
196923,0.49
196924,0.5325
196925,0.4825
196926,0.415
196927,0.49
196928,0.5325
196929,0.5225
196930,0.6
196931,0.51
196932,0.3675
196933,0.5475
196934,0.5575
196935,0.5025
196936,0.5825
196937,0.55
196938,0.55
196939,0.5725
196940,0.4775
196941,0.605
196942,0.5225
196943,0.485
196944,0.3575
196945,0.5
196946,0.33
196947,0.5075
196948,0.5225
196949,0.5075
196950,0.4575
196951,0.405
196952,0.51
196953,0.4725
196954,0.4875
196955,0.345
196956,0.62
196957,0.3725
196958,0.4975
196959,0.4775
196960,0.3125
196961,0.4325
196962,0.58
196963,0.535
196964,0.4625
196965,0.59
196966,0.4675
196967,0.455
196968,0.3025
196969,0.4725
196970,0.52
196971,0.4875
196972,0.3375
196973,0.5
196974,0.5325
196975,0.4225
196976,0.42
196977,0.5725
196978,0.42
196979,0.485
196980,0.565
196981,0.4275
196982,0.4475
196983,0.415
196984,0.3625
196985,0.4825
196986,0.495
196987,0.405
196988,0.48
196989,0.5225
196990,0.55
196991,0.4325
196992,0.4025
196993,0.57
196994,0.55
196995,0.4725
196996,0.5
196997,0.51
196998,0.4975
196999,0.56
197000,0.55
197001,0.4575
197002,0.415
197003,0.565
197004,0.4675
197005,0.5075
197006,0.465
197007,0.58
197008,0.36
197009,0.48
197010,0.485
197011,0.43
197012,0.4125
197013,0.5675
197014,0.31
197015,0.435
197016,0.365
197017,0.5
197018,0.4425
197019,0.4375
197020,0.54
197021,0.385
197022,0.4175
197023,0.39
197024,0.59
197025,0.4875
197026,0.525
197027,0.4875
197028,0.535
197029,0.385
197030,0.46
197031,0.36
197032,0.4625
197033,0.33
197034,0.4675
197035,0.3925
197036,0.6775
197037,0.4425
197038,0.27
197039,0.445
197040,0.4475
197041,0.5075
197042,0.6175
197043,0.51
197044,0.55
197045,0.5175
197046,0.475
197047,0.525
197048,0.7125
197049,0.5225
197050,0.3475
197051,0.475
197052,0.385
197053,0.5925
197054,0.505
197055,0.4725
197056,0.4575
197057,0.455
197058,0.5525
197059,0.5075
197060,0.5775
197061,0.505
197062,0.385
197063,0.5125
197064,0.465
197065,0.575
197066,0.525
197067,0.3775
197068,0.4225
197069,0.6525
197070,0.4775
197071,0.535
197072,0.49
197073,0.3975
197074,0.545
197075,0.5575
197076,0.5375
197077,0.445
197078,0.57
197079,0.5525
197080,0.46
197081,0.5875
197082,0.49
197083,0.4775
197084,0.325
197085,0.4375
197086,0.435
197087,0.5225
197088,0.55
197089,0.5
197090,0.42
197091,0.415
197092,0.46
197093,0.3825
197094,0.535
197095,0.52
197096,0.54
197097,0.495
197098,0.4125
197099,0.5225
197100,0.59
197101,0.48
197102,0.6175
197103,0.52
197104,0.4025
197105,0.5725
197106,0.4225
197107,0.48
197108,0.505
197109,0.525
197110,0.3675
197111,0.5275
197112,0.51
197113,0.54
197114,0.515
197115,0.5875
197116,0.5475
197117,0.585
197118,0.4075
197119,0.495
197120,0.485
197121,0.53
197122,0.4325
197123,0.5325
197124,0.4325
197125,0.5
197126,0.45
197127,0.4225
197128,0.55
197129,0.5775
197130,0.5125
197131,0.4175
197132,0.3975
197133,0.485
197134,0.45
197135,0.4775
197136,0.4475
197137,0.4875
197138,0.52
197139,0.59
197140,0.4275
197141,0.5025
197142,0.5175
197143,0.5325
197144,0.4475
197145,0.505
197146,0.43
197147,0.415
197148,0.37
197149,0.5175
197150,0.425
197151,0.4225
197152,0.365
197153,0.485
197154,0.465
197155,0.36
197156,0.535
197157,0.6225
197158,0.505
197159,0.46
197160,0.34
197161,0.54
197162,0.4725
197163,0.5175
197164,0.4275
197165,0.4775
197166,0.565
197167,0.385
197168,0.5075
197169,0.465
197170,0.6025
197171,0.425
197172,0.505
197173,0.415
197174,0.52
197175,0.545
197176,0.495
197177,0.49
197178,0.56
197179,0.5425
197180,0.4775
197181,0.51
197182,0.37
197183,0.5025
197184,0.5375
197185,0.615
197186,0.4725
197187,0.55
197188,0.5
197189,0.4175
197190,0.575
197191,0.505
197192,0.5275
197193,0.4975
197194,0.5375
197195,0.4425
197196,0.5125
197197,0.5575
197198,0.45
197199,0.55
197200,0.5125
197201,0.5625
197202,0.5
197203,0.3925
197204,0.4775
197205,0.5425
197206,0.43
197207,0.4575
197208,0.495
197209,0.565
197210,0.3725
197211,0.53
197212,0.535
197213,0.495
197214,0.3
197215,0.5475
197216,0.525
197217,0.5275
197218,0.3925
197219,0.5225
197220,0.5225
197221,0.5375
197222,0.3425
197223,0.5425
197224,0.6475
197225,0.52
197226,0.4725
197227,0.41
197228,0.4875
197229,0.445
197230,0.42
197231,0.445
197232,0.3575
197233,0.475
197234,0.545
197235,0.42
197236,0.3575
197237,0.37
197238,0.545
197239,0.3825
197240,0.625
197241,0.6
197242,0.505
197243,0.505
197244,0.4075
197245,0.5925
197246,0.415
197247,0.4925
197248,0.6075
197249,0.5075
197250,0.5175
197251,0.39
197252,0.515
197253,0.4975
197254,0.4825
197255,0.305
197256,0.52
197257,0.495
197258,0.465
197259,0.615
197260,0.4925
197261,0.5275
197262,0.405
197263,0.4525
197264,0.4875
197265,0.53
197266,0.495
197267,0.425
197268,0.4575
197269,0.3675
197270,0.475
197271,0.4225
197272,0.5075
197273,0.5025
197274,0.4425
197275,0.5
197276,0.5925
197277,0.56
197278,0.515
197279,0.4875
197280,0.5425
197281,0.55
197282,0.4825
197283,0.545
197284,0.385
197285,0.44
197286,0.455
197287,0.4975
197288,0.4775
197289,0.45
197290,0.4575
197291,0.5225
197292,0.5025
197293,0.42
197294,0.43
197295,0.455
197296,0.3375
197297,0.5025
197298,0.545
197299,0.525
197300,0.4775
197301,0.61
197302,0.285
197303,0.5375
197304,0.635
197305,0.605
197306,0.525
197307,0.41
197308,0.505
197309,0.6175
197310,0.4825
197311,0.5375
197312,0.5525
197313,0.305
197314,0.4925
197315,0.51
197316,0.45
197317,0.54
197318,0.5875
197319,0.405
197320,0.4825
197321,0.5425
197322,0.5175
197323,0.4325
197324,0.425
197325,0.5575
197326,0.6325
197327,0.4475
197328,0.5325
197329,0.525
197330,0.5025
197331,0.4975
197332,0.4625
197333,0.6825
197334,0.575
197335,0.485
197336,0.4425
197337,0.415
197338,0.575
197339,0.415
197340,0.4625
197341,0.3675
197342,0.45
197343,0.415
197344,0.4125
197345,0.525
197346,0.4325
197347,0.5325
197348,0.465
197349,0.51
197350,0.45
197351,0.4425
197352,0.665
197353,0.5775
197354,0.325
197355,0.415
197356,0.4925
197357,0.4575
197358,0.4925
197359,0.495
197360,0.435
197361,0.525
197362,0.5025
197363,0.4525
197364,0.4375
197365,0.4
197366,0.3075
197367,0.56
197368,0.5075
197369,0.4175
197370,0.41
197371,0.505
197372,0.465
197373,0.5025
197374,0.49
197375,0.52
197376,0.4625
197377,0.375
197378,0.47
197379,0.53
197380,0.5025
197381,0.565
197382,0.7575
197383,0.47
197384,0.5025
197385,0.43
197386,0.35
197387,0.4475
197388,0.4075
197389,0.4625
197390,0.65
197391,0.5825
197392,0.3825
197393,0.4675
197394,0.575
197395,0.455
197396,0.6075
197397,0.5275
197398,0.5375
197399,0.5
197400,0.565
197401,0.495
197402,0.555
197403,0.4675
197404,0.315
197405,0.48
197406,0.3825
197407,0.5825
197408,0.45
197409,0.5325
197410,0.435
197411,0.5175
197412,0.625
197413,0.5275
197414,0.3125
197415,0.56
197416,0.4075
197417,0.39
197418,0.57
197419,0.545
197420,0.3925
197421,0.425
197422,0.4
197423,0.505
197424,0.525
197425,0.47
197426,0.4125
197427,0.5175
197428,0.4875
197429,0.43
197430,0.4625
197431,0.5425
197432,0.4725
197433,0.545
197434,0.4475
197435,0.5175
197436,0.425
197437,0.58
197438,0.5175
197439,0.535
197440,0.4925
197441,0.2825
197442,0.435
197443,0.5275
197444,0.59
197445,0.535
197446,0.6475
197447,0.435
197448,0.4925
197449,0.4675
197450,0.32
197451,0.4825
197452,0.475
197453,0.385
197454,0.5375
197455,0.4475
197456,0.46
197457,0.5025
197458,0.465
197459,0.3675
197460,0.4875
197461,0.54
197462,0.4825
197463,0.3875
197464,0.6325
197465,0.4975
197466,0.5125
197467,0.5475
197468,0.4525
197469,0.5125
197470,0.55
197471,0.5675
197472,0.59
197473,0.5275
197474,0.4425
197475,0.6525
197476,0.5975
197477,0.5425
197478,0.5175
197479,0.51
197480,0.505
197481,0.4875
197482,0.5125
197483,0.52
197484,0.505
197485,0.5625
197486,0.5425
197487,0.3925
197488,0.3325
197489,0.53
197490,0.51
197491,0.4975
197492,0.6175
197493,0.5725
197494,0.5625
197495,0.465
197496,0.51
197497,0.5125
197498,0.6075
197499,0.56
197500,0.3575
197501,0.4125
197502,0.47
197503,0.51
197504,0.47
197505,0.395
197506,0.36
197507,0.47
197508,0.4075
197509,0.54
197510,0.38
197511,0.475
197512,0.56
197513,0.5925
197514,0.4825
197515,0.51
197516,0.5775
197517,0.46
197518,0.5575
197519,0.4975
197520,0.7
197521,0.48
197522,0.52
197523,0.5225
197524,0.575
197525,0.36
197526,0.3375
197527,0.5225
197528,0.4925
197529,0.64
197530,0.5175
197531,0.535
197532,0.455
197533,0.5075
197534,0.3525
197535,0.5625
197536,0.3725
197537,0.46
197538,0.535
197539,0.48
197540,0.43
197541,0.4525
197542,0.495
197543,0.455
197544,0.4025
197545,0.505
197546,0.485
197547,0.41
197548,0.4775
197549,0.405
197550,0.4825
197551,0.5575
197552,0.3775
197553,0.475
197554,0.56
197555,0.555
197556,0.5075
197557,0.465
197558,0.5075
197559,0.37
197560,0.48
197561,0.495
197562,0.465
197563,0.3975
197564,0.46
197565,0.4725
197566,0.52
197567,0.4875
197568,0.4625
197569,0.345
197570,0.37
197571,0.5625
197572,0.555
197573,0.4825
197574,0.3375
197575,0.5075
197576,0.4875
197577,0.52
197578,0.495
197579,0.535
197580,0.495
197581,0.45
197582,0.5875
197583,0.435
197584,0.4275
197585,0.5825
197586,0.5675
197587,0.455
197588,0.57
197589,0.4575
197590,0.525
197591,0.7275
197592,0.4725
197593,0.525
197594,0.51
197595,0.585
197596,0.49
197597,0.4975
197598,0.5075
197599,0.485
197600,0.495
197601,0.6925
197602,0.4425
197603,0.6075
197604,0.8025
197605,0.49
197606,0.585
197607,0.545
197608,0.455
197609,0.5125
197610,0.525
197611,0.3925
197612,0.5725
197613,0.5375
197614,0.5075
197615,0.505
197616,0.46
197617,0.335
197618,0.55
197619,0.465
197620,0.51
197621,0.565
197622,0.5425
197623,0.38
197624,0.5925
197625,0.5725
197626,0.555
197627,0.445
197628,0.4275
197629,0.575
197630,0.6
197631,0.53
197632,0.515
197633,0.525
197634,0.5175
197635,0.4225
197636,0.5525
197637,0.3675
197638,0.5475
197639,0.3225
197640,0.575
197641,0.485
197642,0.4475
197643,0.4225
197644,0.5825
197645,0.3975
197646,0.565
197647,0.48
197648,0.54
197649,0.505
197650,0.585
197651,0.4825
197652,0.5175
197653,0.5025
197654,0.465
197655,0.365
197656,0.5075
197657,0.4475
197658,0.445
197659,0.34
197660,0.64
197661,0.53
197662,0.5375
197663,0.505
197664,0.4475
197665,0.49
197666,0.66
197667,0.515
197668,0.4575
197669,0.55
197670,0.3775
197671,0.515
197672,0.62
197673,0.4175
197674,0.54
197675,0.5225
197676,0.5975
197677,0.535
197678,0.595
197679,0.41
197680,0.43
197681,0.6325
197682,0.495
197683,0.465
197684,0.4625
197685,0.5675
197686,0.4075
197687,0.4825
197688,0.5725
197689,0.55
197690,0.555
197691,0.4825
197692,0.5775
197693,0.59
197694,0.5
197695,0.55
197696,0.4525
197697,0.4425
197698,0.5125
197699,0.605
197700,0.56
197701,0.4875
197702,0.495
197703,0.4825
197704,0.465
197705,0.49
197706,0.4125
197707,0.45
197708,0.6
197709,0.405
197710,0.4475
197711,0.52
197712,0.4575
197713,0.595
197714,0.7
197715,0.56
197716,0.64
197717,0.435
197718,0.5275
197719,0.4875
197720,0.585
197721,0.6825
197722,0.61
197723,0.47
197724,0.3825
197725,0.525
197726,0.43
197727,0.535
197728,0.455
197729,0.43
197730,0.48
197731,0.43
197732,0.5425
197733,0.5625
197734,0.41
197735,0.505
197736,0.4675
197737,0.505
197738,0.59
197739,0.5275
197740,0.46
197741,0.5375
197742,0.4125
197743,0.355
197744,0.5075
197745,0.515
197746,0.5725
197747,0.615
197748,0.4875
197749,0.3775
197750,0.5475
197751,0.585
197752,0.49
197753,0.4125
197754,0.345
197755,0.475
197756,0.48
197757,0.505
197758,0.48
197759,0.585
197760,0.665
197761,0.475
197762,0.32
197763,0.4625
197764,0.4425
197765,0.4625
197766,0.3975
197767,0.57
197768,0.4625
197769,0.3475
197770,0.5525
197771,0.505
197772,0.6075
197773,0.53
197774,0.4825
197775,0.6
197776,0.5275
197777,0.5525
197778,0.5875
197779,0.3975
197780,0.5175
197781,0.5275
197782,0.6225
197783,0.435
197784,0.5225
197785,0.5475
197786,0.4775
197787,0.3375
197788,0.6225
197789,0.5225
197790,0.495
197791,0.6025
197792,0.435
197793,0.44
197794,0.575
197795,0.645
197796,0.6525
197797,0.515
197798,0.4725
197799,0.5
197800,0.41
197801,0.4475
197802,0.5225
197803,0.5725
197804,0.4775
197805,0.4825
197806,0.5275
197807,0.4875
197808,0.4875
197809,0.5425
197810,0.4825
197811,0.43
197812,0.4525
197813,0.495
197814,0.5725
197815,0.4275
197816,0.615
197817,0.4975
197818,0.5325
197819,0.435
197820,0.6425
197821,0.495
197822,0.55
197823,0.3875
197824,0.5725
197825,0.3875
197826,0.5675
197827,0.5325
197828,0.4775
197829,0.365
197830,0.4075
197831,0.4975
197832,0.4325
197833,0.5325
197834,0.4975
197835,0.6825
197836,0.55
197837,0.53
197838,0.4975
197839,0.515
197840,0.485
197841,0.52
197842,0.53
197843,0.5275
197844,0.465
197845,0.54
197846,0.505
197847,0.53
197848,0.4175
197849,0.4825
197850,0.4525
197851,0.365
197852,0.4525
197853,0.5275
197854,0.435
197855,0.595
197856,0.4875
197857,0.4975
197858,0.625
197859,0.5925
197860,0.51
197861,0.525
197862,0.5
197863,0.37
197864,0.43
197865,0.475
197866,0.5375
197867,0.5625
197868,0.325
197869,0.3925
197870,0.4475
197871,0.6175
197872,0.5075
197873,0.6075
197874,0.51
197875,0.4625
197876,0.4675
197877,0.4825
197878,0.49
197879,0.3925
197880,0.45
197881,0.51
197882,0.4
197883,0.6775
197884,0.58
197885,0.6025
197886,0.4675
197887,0.445
197888,0.58
197889,0.5225
197890,0.3825
197891,0.4925
197892,0.6375
197893,0.495
197894,0.5275
197895,0.4725
197896,0.51
197897,0.5575
197898,0.5425
197899,0.4975
197900,0.525
197901,0.3825
197902,0.51
197903,0.81
197904,0.4575
197905,0.3575
197906,0.5975
197907,0.5675
197908,0.4275
197909,0.5475
197910,0.51
197911,0.5125
197912,0.485
197913,0.3675
197914,0.39
197915,0.6275
197916,0.56
197917,0.48
197918,0.61
197919,0.4875
197920,0.4175
197921,0.4675
197922,0.4775
197923,0.525
197924,0.48
197925,0.4275
197926,0.5725
197927,0.4175
197928,0.555
197929,0.425
197930,0.54
197931,0.51
197932,0.4075
197933,0.5325
197934,0.46
197935,0.5675
197936,0.395
197937,0.515
197938,0.6025
197939,0.5075
197940,0.4825
197941,0.4075
197942,0.465
197943,0.51
197944,0.43
197945,0.555
197946,0.545
197947,0.4975
197948,0.4925
197949,0.4675
197950,0.5575
197951,0.515
197952,0.5575
197953,0.495
197954,0.4525
197955,0.585
197956,0.6675
197957,0.4775
197958,0.505
197959,0.55
197960,0.4025
197961,0.4775
197962,0.52
197963,0.3075
197964,0.4525
197965,0.5975
197966,0.475
197967,0.5525
197968,0.5025
197969,0.6125
197970,0.4625
197971,0.5175
197972,0.5375
197973,0.46
197974,0.5725
197975,0.5125
197976,0.47
197977,0.5225
197978,0.505
197979,0.4
197980,0.615
197981,0.5025
197982,0.5025
197983,0.475
197984,0.6575
197985,0.6225
197986,0.4325
197987,0.545
197988,0.4975
197989,0.5175
197990,0.48
197991,0.5575
197992,0.5525
197993,0.5225
197994,0.3175
197995,0.4975
197996,0.705
197997,0.53
197998,0.505
197999,0.355
198000,0.475
198001,0.6025
198002,0.5075
198003,0.4825
198004,0.53
198005,0.65
198006,0.505
198007,0.5525
198008,0.3775
198009,0.5225
198010,0.615
198011,0.4825
198012,0.555
198013,0.4625
198014,0.4875
198015,0.52
198016,0.6275
198017,0.5425
198018,0.48
198019,0.465
198020,0.5
198021,0.5275
198022,0.4475
198023,0.495
198024,0.4175
198025,0.6225
198026,0.5725
198027,0.5125
198028,0.665
198029,0.49
198030,0.33
198031,0.5425
198032,0.625
198033,0.475
198034,0.5225
198035,0.6125
198036,0.5425
198037,0.5225
198038,0.545
198039,0.5425
198040,0.48
198041,0.5275
198042,0.44
198043,0.5
198044,0.4225
198045,0.4975
198046,0.37
198047,0.555
198048,0.4625
198049,0.56
198050,0.4775
198051,0.45
198052,0.4875
198053,0.515
198054,0.56
198055,0.5425
198056,0.61
198057,0.49
198058,0.4875
198059,0.655
198060,0.5075
198061,0.5075
198062,0.405
198063,0.495
198064,0.5
198065,0.575
198066,0.4875
198067,0.5025
198068,0.5325
198069,0.56
198070,0.3425
198071,0.44
198072,0.3675
198073,0.345
198074,0.59
198075,0.56
198076,0.5625
198077,0.5125
198078,0.3725
198079,0.5375
198080,0.4925
198081,0.5125
198082,0.5175
198083,0.535
198084,0.3275
198085,0.4325
198086,0.37
198087,0.53
198088,0.5525
198089,0.5025
198090,0.505
198091,0.4925
198092,0.4075
198093,0.5125
198094,0.5075
198095,0.5125
198096,0.435
198097,0.575
198098,0.4275
198099,0.475
198100,0.5525
198101,0.4875
198102,0.4925
198103,0.355
198104,0.4325
198105,0.5375
198106,0.4675
198107,0.3775
198108,0.39
198109,0.36
198110,0.3775
198111,0.41
198112,0.4775
198113,0.5
198114,0.525
198115,0.57
198116,0.5075
198117,0.415
198118,0.5475
198119,0.4625
198120,0.475
198121,0.5525
198122,0.4575
198123,0.5425
198124,0.305
198125,0.385
198126,0.475
198127,0.5575
198128,0.5975
198129,0.4375
198130,0.535
198131,0.43
198132,0.6
198133,0.505
198134,0.41
198135,0.5725
198136,0.4075
198137,0.41
198138,0.495
198139,0.4925
198140,0.4975
198141,0.57
198142,0.525
198143,0.535
198144,0.5025
198145,0.42
198146,0.3125
198147,0.3225
198148,0.49
198149,0.405
198150,0.6725
198151,0.3425
198152,0.5275
198153,0.5375
198154,0.4175
198155,0.465
198156,0.3975
198157,0.4525
198158,0.4675
198159,0.5625
198160,0.545
198161,0.545
198162,0.4825
198163,0.375
198164,0.4825
198165,0.5775
198166,0.53
198167,0.5175
198168,0.49
198169,0.5875
198170,0.5025
198171,0.57
198172,0.57
198173,0.525
198174,0.3875
198175,0.3525
198176,0.54
198177,0.29
198178,0.4725
198179,0.4925
198180,0.4975
198181,0.51
198182,0.305
198183,0.5325
198184,0.545
198185,0.4975
198186,0.455
198187,0.5625
198188,0.4525
198189,0.58
198190,0.535
198191,0.4775
198192,0.405
198193,0.4975
198194,0.5625
198195,0.5475
198196,0.5725
198197,0.5775
198198,0.38
198199,0.4775
198200,0.55
198201,0.33
198202,0.5125
198203,0.47
198204,0.33
198205,0.5225
198206,0.6525
198207,0.505
198208,0.3975
198209,0.5375
198210,0.575
198211,0.45
198212,0.525
198213,0.5725
198214,0.5425
198215,0.425
198216,0.4125
198217,0.535
198218,0.475
198219,0.4725
198220,0.49
198221,0.54
198222,0.49
198223,0.37
198224,0.4025
198225,0.54
198226,0.3975
198227,0.505
198228,0.415
198229,0.3575
198230,0.6275
198231,0.5125
198232,0.5025
198233,0.33
198234,0.5525
198235,0.5675
198236,0.4675
198237,0.3975
198238,0.45
198239,0.69
198240,0.4125
198241,0.5825
198242,0.3525
198243,0.405
198244,0.4275
198245,0.3925
198246,0.4675
198247,0.5225
198248,0.5275
198249,0.4675
198250,0.5325
198251,0.6625
198252,0.6025
198253,0.5625
198254,0.62
198255,0.535
198256,0.27
198257,0.3425
198258,0.295
198259,0.3875
198260,0.4725
198261,0.4975
198262,0.385
198263,0.46
198264,0.5175
198265,0.54
198266,0.5
198267,0.5375
198268,0.5175
198269,0.46
198270,0.5525
198271,0.56
198272,0.47
198273,0.455
198274,0.525
198275,0.5225
198276,0.5375
198277,0.6275
198278,0.5225
198279,0.5
198280,0.53
198281,0.5025
198282,0.42
198283,0.575
198284,0.475
198285,0.5375
198286,0.48
198287,0.52
198288,0.5225
198289,0.5925
198290,0.4975
198291,0.33
198292,0.51
198293,0.595
198294,0.5575
198295,0.5075
198296,0.475
198297,0.535
198298,0.4525
198299,0.5375
198300,0.54
198301,0.51
198302,0.4825
198303,0.4775
198304,0.535
198305,0.4725
198306,0.4025
198307,0.5125
198308,0.57
198309,0.5175
198310,0.49
198311,0.455
198312,0.6125
198313,0.44
198314,0.585
198315,0.4225
198316,0.53
198317,0.5725
198318,0.51
198319,0.3975
198320,0.385
198321,0.5075
198322,0.56
198323,0.49
198324,0.5975
198325,0.485
198326,0.3675
198327,0.29
198328,0.61
198329,0.3925
198330,0.5625
198331,0.405
198332,0.405
198333,0.55
198334,0.43
198335,0.375
198336,0.655
198337,0.4825
198338,0.575
198339,0.6025
198340,0.5425
198341,0.2825
198342,0.49
198343,0.4375
198344,0.405
198345,0.3525
198346,0.3425
198347,0.4725
198348,0.4675
198349,0.5275
198350,0.4225
198351,0.54
198352,0.465
198353,0.5175
198354,0.6275
198355,0.4225
198356,0.43
198357,0.405
198358,0.4125
198359,0.495
198360,0.3825
198361,0.41
198362,0.4875
198363,0.505
198364,0.3475
198365,0.475
198366,0.565
198367,0.385
198368,0.5575
198369,0.595
198370,0.4575
198371,0.51
198372,0.57
198373,0.4525
198374,0.6375
198375,0.39
198376,0.3125
198377,0.425
198378,0.535
198379,0.47
198380,0.49
198381,0.51
198382,0.56
198383,0.54
198384,0.4675
198385,0.4675
198386,0.54
198387,0.5175
198388,0.4925
198389,0.55
198390,0.3775
198391,0.44
198392,0.51
198393,0.5525
198394,0.4975
198395,0.5325
198396,0.6325
198397,0.4775
198398,0.495
198399,0.645
198400,0.29
198401,0.485
198402,0.4925
198403,0.49
198404,0.4875
198405,0.425
198406,0.41
198407,0.4775
198408,0.4275
198409,0.5125
198410,0.5175
198411,0.4825
198412,0.49
198413,0.555
198414,0.4925
198415,0.555
198416,0.5475
198417,0.465
198418,0.61
198419,0.5925
198420,0.5775
198421,0.51
198422,0.5125
198423,0.6725
198424,0.45
198425,0.54
198426,0.49
198427,0.53
198428,0.4575
198429,0.34
198430,0.5175
198431,0.65
198432,0.5125
198433,0.46
198434,0.4325
198435,0.405
198436,0.4425
198437,0.4175
198438,0.5125
198439,0.415
198440,0.4
198441,0.5775
198442,0.5875
198443,0.5125
198444,0.61
198445,0.55
198446,0.4775
198447,0.5175
198448,0.6225
198449,0.54
198450,0.425
198451,0.3675
198452,0.555
198453,0.5125
198454,0.5325
198455,0.51
198456,0.68
198457,0.4975
198458,0.535
198459,0.4675
198460,0.475
198461,0.4175
198462,0.5275
198463,0.7
198464,0.515
198465,0.6375
198466,0.4675
198467,0.485
198468,0.3675
198469,0.565
198470,0.47
198471,0.5725
198472,0.4475
198473,0.465
198474,0.4125
198475,0.4925
198476,0.45
198477,0.6125
198478,0.41
198479,0.4825
198480,0.6225
198481,0.545
198482,0.5325
198483,0.6
198484,0.3775
198485,0.3525
198486,0.355
198487,0.4525
198488,0.5275
198489,0.49
198490,0.4925
198491,0.38
198492,0.4775
198493,0.3725
198494,0.4625
198495,0.53
198496,0.465
198497,0.415
198498,0.615
198499,0.435
198500,0.4675
198501,0.5275
198502,0.525
198503,0.3875
198504,0.6075
198505,0.43
198506,0.5775
198507,0.465
198508,0.4425
198509,0.3925
198510,0.4325
198511,0.5375
198512,0.6025
198513,0.5525
198514,0.5775
198515,0.6125
198516,0.445
198517,0.5125
198518,0.435
198519,0.5025
198520,0.515
198521,0.4525
198522,0.5
198523,0.3875
198524,0.495
198525,0.565
198526,0.59
198527,0.535
198528,0.5625
198529,0.3825
198530,0.4475
198531,0.565
198532,0.5875
198533,0.525
198534,0.425
198535,0.555
198536,0.47
198537,0.5075
198538,0.4525
198539,0.435
198540,0.5475
198541,0.4475
198542,0.41
198543,0.525
198544,0.485
198545,0.65
198546,0.4575
198547,0.5025
198548,0.49
198549,0.41
198550,0.4575
198551,0.4075
198552,0.4775
198553,0.4975
198554,0.4475
198555,0.415
198556,0.56
198557,0.5
198558,0.6575
198559,0.4725
198560,0.615
198561,0.6275
198562,0.4975
198563,0.3725
198564,0.3975
198565,0.515
198566,0.5
198567,0.61
198568,0.505
198569,0.43
198570,0.595
198571,0.505
198572,0.4875
198573,0.39
198574,0.495
198575,0.58
198576,0.43
198577,0.5025
198578,0.6975
198579,0.44
198580,0.5
198581,0.3725
198582,0.615
198583,0.575
198584,0.5425
198585,0.6075
198586,0.6025
198587,0.46
198588,0.495
198589,0.515
198590,0.48
198591,0.4325
198592,0.5425
198593,0.45
198594,0.4125
198595,0.5375
198596,0.3425
198597,0.5875
198598,0.4875
198599,0.59
198600,0.5
198601,0.4125
198602,0.4225
198603,0.665
198604,0.61
198605,0.5925
198606,0.5475
198607,0.48
198608,0.5375
198609,0.615
198610,0.4825
198611,0.485
198612,0.4825
198613,0.56
198614,0.415
198615,0.43
198616,0.58
198617,0.4325
198618,0.675
198619,0.5225
198620,0.465
198621,0.4825
198622,0.6225
198623,0.52
198624,0.4525
198625,0.525
198626,0.5775
198627,0.5075
198628,0.4875
198629,0.48
198630,0.5625
198631,0.3875
198632,0.66
198633,0.4225
198634,0.33
198635,0.4375
198636,0.46
198637,0.3275
198638,0.48
198639,0.4775
198640,0.54
198641,0.6925
198642,0.63
198643,0.28
198644,0.79
198645,0.39
198646,0.4725
198647,0.565
198648,0.4675
198649,0.535
198650,0.3975
198651,0.4725
198652,0.495
198653,0.5225
198654,0.6325
198655,0.5425
198656,0.61
198657,0.3175
198658,0.525
198659,0.5125
198660,0.4325
198661,0.5575
198662,0.48
198663,0.5275
198664,0.4825
198665,0.3275
198666,0.49
198667,0.465
198668,0.7925
198669,0.5175
198670,0.5275
198671,0.49
198672,0.57
198673,0.3825
198674,0.3325
198675,0.6025
198676,0.525
198677,0.52
198678,0.5175
198679,0.5675
198680,0.4425
198681,0.5275
198682,0.7175
198683,0.5425
198684,0.4925
198685,0.2375
198686,0.55
198687,0.61
198688,0.465
198689,0.4925
198690,0.7025
198691,0.4475
198692,0.5
198693,0.48
198694,0.595
198695,0.3275
198696,0.495
198697,0.6125
198698,0.5225
198699,0.35
198700,0.5625
198701,0.535
198702,0.42
198703,0.565
198704,0.5275
198705,0.6775
198706,0.475
198707,0.53
198708,0.555
198709,0.51
198710,0.5075
198711,0.4075
198712,0.5425
198713,0.5325
198714,0.5025
198715,0.485
198716,0.625
198717,0.545
198718,0.5075
198719,0.5575
198720,0.4825
198721,0.54
198722,0.4725
198723,0.4275
198724,0.505
198725,0.4875
198726,0.4675
198727,0.5125
198728,0.5925
198729,0.3975
198730,0.34
198731,0.5525
198732,0.335
198733,0.51
198734,0.48
198735,0.565
198736,0.4825
198737,0.6375
198738,0.4825
198739,0.5875
198740,0.495
198741,0.39
198742,0.5375
198743,0.5925
198744,0.5525
198745,0.405
198746,0.44
198747,0.4475
198748,0.375
198749,0.495
198750,0.545
198751,0.4075
198752,0.56
198753,0.5425
198754,0.495
198755,0.535
198756,0.51
198757,0.3375
198758,0.4225
198759,0.49
198760,0.4575
198761,0.36
198762,0.5175
198763,0.3275
198764,0.645
198765,0.5075
198766,0.5825
198767,0.6725
198768,0.5225
198769,0.5225
198770,0.535
198771,0.475
198772,0.6825
198773,0.5775
198774,0.3675
198775,0.4
198776,0.515
198777,0.525
198778,0.5875
198779,0.47
198780,0.69
198781,0.63
198782,0.39
198783,0.395
198784,0.5025
198785,0.385
198786,0.49
198787,0.4825
198788,0.3375
198789,0.555
198790,0.4625
198791,0.5375
198792,0.5275
198793,0.48
198794,0.455
198795,0.385
198796,0.455
198797,0.535
198798,0.4675
198799,0.505
198800,0.6
198801,0.475
198802,0.5325
198803,0.4875
198804,0.5425
198805,0.5225
198806,0.5975
198807,0.53
198808,0.515
198809,0.4675
198810,0.32
198811,0.4525
198812,0.6275
198813,0.4625
198814,0.4975
198815,0.505
198816,0.57
198817,0.545
198818,0.56
198819,0.4225
198820,0.405
198821,0.4375
198822,0.4925
198823,0.49
198824,0.515
198825,0.46
198826,0.5625
198827,0.5175
198828,0.54
198829,0.5525
198830,0.515
198831,0.52
198832,0.5175
198833,0.5075
198834,0.42
198835,0.4675
198836,0.5325
198837,0.5025
198838,0.4925
198839,0.5175
198840,0.49
198841,0.6375
198842,0.485
198843,0.5175
198844,0.4675
198845,0.41
198846,0.4575
198847,0.57
198848,0.5625
198849,0.5575
198850,0.4475
198851,0.5625
198852,0.42
198853,0.5225
198854,0.4125
198855,0.495
198856,0.5275
198857,0.5575
198858,0.71
198859,0.5225
198860,0.4725
198861,0.535
198862,0.505
198863,0.5075
198864,0.43
198865,0.495
198866,0.4125
198867,0.4275
198868,0.23
198869,0.455
198870,0.555
198871,0.505
198872,0.6025
198873,0.5875
198874,0.4
198875,0.51
198876,0.5875
198877,0.4075
198878,0.4525
198879,0.4875
198880,0.49
198881,0.525
198882,0.5
198883,0.4825
198884,0.5375
198885,0.5125
198886,0.46
198887,0.5725
198888,0.4825
198889,0.4275
198890,0.3525
198891,0.4625
198892,0.61
198893,0.525
198894,0.595
198895,0.535
198896,0.53
198897,0.535
198898,0.4875
198899,0.4825
198900,0.52
198901,0.4525
198902,0.485
198903,0.425
198904,0.5475
198905,0.4625
198906,0.5
198907,0.5775
198908,0.455
198909,0.5025
198910,0.5925
198911,0.5225
198912,0.515
198913,0.5575
198914,0.4675
198915,0.37
198916,0.43
198917,0.3975
198918,0.4575
198919,0.5675
198920,0.38
198921,0.5225
198922,0.5675
198923,0.5775
198924,0.445
198925,0.4375
198926,0.32
198927,0.4375
198928,0.3675
198929,0.5075
198930,0.425
198931,0.54
198932,0.4175
198933,0.45
198934,0.47
198935,0.54
198936,0.43
198937,0.4725
198938,0.5275
198939,0.5025
198940,0.4825
198941,0.3675
198942,0.4725
198943,0.44
198944,0.4375
198945,0.5125
198946,0.3975
198947,0.4675
198948,0.4875
198949,0.5625
198950,0.4875
198951,0.5025
198952,0.4825
198953,0.3775
198954,0.4675
198955,0.49
198956,0.55
198957,0.4475
198958,0.5275
198959,0.4925
198960,0.615
198961,0.5225
198962,0.515
198963,0.4475
198964,0.55
198965,0.52
198966,0.515
198967,0.52
198968,0.445
198969,0.4825
198970,0.5175
198971,0.4675
198972,0.4975
198973,0.41
198974,0.6275
198975,0.6275
198976,0.3225
198977,0.51
198978,0.47
198979,0.5125
198980,0.5275
198981,0.505
198982,0.4975
198983,0.5
198984,0.5675
198985,0.5125
198986,0.48
198987,0.495
198988,0.4625
198989,0.435
198990,0.5025
198991,0.585
198992,0.5
198993,0.4625
198994,0.48
198995,0.4775
198996,0.5525
198997,0.4475
198998,0.61
198999,0.4825
199000,0.3825
199001,0.4875
199002,0.4075
199003,0.4525
199004,0.48
199005,0.4975
199006,0.4225
199007,0.4475
199008,0.5625
199009,0.445
199010,0.5025
199011,0.5725
199012,0.5525
199013,0.66
199014,0.5125
199015,0.5
199016,0.33
199017,0.4975
199018,0.435
199019,0.505
199020,0.48
199021,0.5
199022,0.4825
199023,0.475
199024,0.475
199025,0.4675
199026,0.5525
199027,0.52
199028,0.4325
199029,0.475
199030,0.4475
199031,0.47
199032,0.475
199033,0.525
199034,0.4575
199035,0.565
199036,0.505
199037,0.5
199038,0.4475
199039,0.35
199040,0.675
199041,0.49
199042,0.495
199043,0.5075
199044,0.52
199045,0.535
199046,0.59
199047,0.4975
199048,0.51
199049,0.455
199050,0.6
199051,0.5
199052,0.435
199053,0.3825
199054,0.5175
199055,0.3425
199056,0.3975
199057,0.465
199058,0.3475
199059,0.565
199060,0.4725
199061,0.485
199062,0.5125
199063,0.285
199064,0.4825
199065,0.6025
199066,0.495
199067,0.4975
199068,0.47
199069,0.6025
199070,0.565
199071,0.4825
199072,0.6325
199073,0.465
199074,0.3775
199075,0.64
199076,0.48
199077,0.665
199078,0.3575
199079,0.3675
199080,0.415
199081,0.585
199082,0.5875
199083,0.5025
199084,0.455
199085,0.4475
199086,0.535
199087,0.4825
199088,0.5275
199089,0.525
199090,0.6525
199091,0.5475
199092,0.4375
199093,0.445
199094,0.4475
199095,0.6
199096,0.4675
199097,0.4875
199098,0.635
199099,0.58
199100,0.57
199101,0.5875
199102,0.5875
199103,0.5225
199104,0.4175
199105,0.5075
199106,0.4425
199107,0.475
199108,0.4275
199109,0.49
199110,0.5225
199111,0.53
199112,0.5975
199113,0.4625
199114,0.3575
199115,0.6
199116,0.4725
199117,0.5525
199118,0.4725
199119,0.42
199120,0.5975
199121,0.5275
199122,0.4625
199123,0.5275
199124,0.545
199125,0.6325
199126,0.5275
199127,0.555
199128,0.5525
199129,0.4425
199130,0.4775
199131,0.4925
199132,0.5525
199133,0.445
199134,0.535
199135,0.5475
199136,0.435
199137,0.5075
199138,0.4975
199139,0.395
199140,0.5075
199141,0.5525
199142,0.4625
199143,0.5275
199144,0.5125
199145,0.4175
199146,0.425
199147,0.46
199148,0.365
199149,0.4325
199150,0.445
199151,0.5925
199152,0.6325
199153,0.6125
199154,0.4825
199155,0.525
199156,0.565
199157,0.495
199158,0.5075
199159,0.515
199160,0.45
199161,0.585
199162,0.5625
199163,0.515
199164,0.33
199165,0.48
199166,0.54
199167,0.59
199168,0.5075
199169,0.33
199170,0.655
199171,0.37
199172,0.4725
199173,0.45
199174,0.465
199175,0.3725
199176,0.54
199177,0.4425
199178,0.505
199179,0.4925
199180,0.57
199181,0.555
199182,0.5775
199183,0.5125
199184,0.4975
199185,0.4875
199186,0.535
199187,0.4425
199188,0.46
199189,0.525
199190,0.5725
199191,0.445
199192,0.495
199193,0.5275
199194,0.365
199195,0.485
199196,0.4825
199197,0.4425
199198,0.4825
199199,0.575
199200,0.4525
199201,0.5225
199202,0.4125
199203,0.4
199204,0.46
199205,0.4825
199206,0.7475
199207,0.3825
199208,0.335
199209,0.34
199210,0.44
199211,0.5525
199212,0.465
199213,0.485
199214,0.495
199215,0.5475
199216,0.505
199217,0.3325
199218,0.4875
199219,0.52
199220,0.405
199221,0.61
199222,0.3125
199223,0.3925
199224,0.4525
199225,0.4975
199226,0.59
199227,0.49
199228,0.51
199229,0.5
199230,0.5625
199231,0.54
199232,0.5625
199233,0.285
199234,0.4575
199235,0.535
199236,0.5075
199237,0.385
199238,0.42
199239,0.575
199240,0.46
199241,0.385
199242,0.5675
199243,0.4275
199244,0.53
199245,0.335
199246,0.42
199247,0.5425
199248,0.5075
199249,0.495
199250,0.485
199251,0.5175
199252,0.5675
199253,0.465
199254,0.5225
199255,0.395
199256,0.505
199257,0.4925
199258,0.6725
199259,0.495
199260,0.61
199261,0.6075
199262,0.45
199263,0.5025
199264,0.385
199265,0.54
199266,0.57
199267,0.61
199268,0.52
199269,0.5525
199270,0.525
199271,0.485
199272,0.51
199273,0.5425
199274,0.5625
199275,0.4975
199276,0.44
199277,0.5575
199278,0.3725
199279,0.7425
199280,0.495
199281,0.4725
199282,0.5475
199283,0.5325
199284,0.5525
199285,0.52
199286,0.5325
199287,0.58
199288,0.365
199289,0.4875
199290,0.5575
199291,0.5475
199292,0.445
199293,0.52
199294,0.3375
199295,0.565
199296,0.475
199297,0.49
199298,0.4625
199299,0.5525
199300,0.4525
199301,0.4725
199302,0.2775
199303,0.6075
199304,0.555
199305,0.38
199306,0.4375
199307,0.4625
199308,0.505
199309,0.475
199310,0.4225
199311,0.5775
199312,0.56
199313,0.4775
199314,0.6
199315,0.48
199316,0.4975
199317,0.49
199318,0.545
199319,0.545
199320,0.515
199321,0.525
199322,0.47
199323,0.5325
199324,0.4825
199325,0.395
199326,0.52
199327,0.5725
199328,0.5775
199329,0.3425
199330,0.55
199331,0.365
199332,0.375
199333,0.49
199334,0.4825
199335,0.4825
199336,0.4725
199337,0.655
199338,0.665
199339,0.4725
199340,0.4025
199341,0.615
199342,0.535
199343,0.5775
199344,0.5425
199345,0.5825
199346,0.535
199347,0.54
199348,0.41
199349,0.4175
199350,0.42
199351,0.4925
199352,0.455
199353,0.5525
199354,0.5275
199355,0.43
199356,0.405
199357,0.395
199358,0.5175
199359,0.4625
199360,0.5325
199361,0.4925
199362,0.4975
199363,0.6075
199364,0.38
199365,0.575
199366,0.6225
199367,0.5525
199368,0.6125
199369,0.5175
199370,0.5275
199371,0.5475
199372,0.3575
199373,0.5375
199374,0.4975
199375,0.585
199376,0.385
199377,0.3625
199378,0.6175
199379,0.5575
199380,0.4675
199381,0.5875
199382,0.575
199383,0.5075
199384,0.4575
199385,0.525
199386,0.52
199387,0.65
199388,0.605
199389,0.5425
199390,0.5475
199391,0.6325
199392,0.5175
199393,0.49
199394,0.5125
199395,0.5475
199396,0.64
199397,0.495
199398,0.5525
199399,0.3925
199400,0.425
199401,0.5225
199402,0.425
199403,0.5975
199404,0.5525
199405,0.535
199406,0.4475
199407,0.4325
199408,0.635
199409,0.53
199410,0.4825
199411,0.4625
199412,0.49
199413,0.61
199414,0.475
199415,0.4625
199416,0.3825
199417,0.61
199418,0.47
199419,0.4875
199420,0.6275
199421,0.46
199422,0.53
199423,0.4675
199424,0.4625
199425,0.57
199426,0.6025
199427,0.4675
199428,0.475
199429,0.4475
199430,0.44
199431,0.415
199432,0.495
199433,0.4775
199434,0.51
199435,0.65
199436,0.5
199437,0.59
199438,0.57
199439,0.39
199440,0.4725
199441,0.4575
199442,0.545
199443,0.455
199444,0.55
199445,0.4675
199446,0.375
199447,0.4025
199448,0.4
199449,0.4875
199450,0.52
199451,0.5725
199452,0.5
199453,0.5
199454,0.4225
199455,0.53
199456,0.52
199457,0.485
199458,0.465
199459,0.39
199460,0.5575
199461,0.46
199462,0.475
199463,0.445
199464,0.5275
199465,0.4875
199466,0.5525
199467,0.55
199468,0.43
199469,0.54
199470,0.485
199471,0.4875
199472,0.4825
199473,0.2475
199474,0.6875
199475,0.6125
199476,0.6875
199477,0.545
199478,0.6175
199479,0.2325
199480,0.5
199481,0.57
199482,0.51
199483,0.5425
199484,0.465
199485,0.5675
199486,0.36
199487,0.4825
199488,0.5775
199489,0.7575
199490,0.435
199491,0.585
199492,0.6275
199493,0.5625
199494,0.475
199495,0.675
199496,0.49
199497,0.4525
199498,0.5225
199499,0.465
199500,0.625
199501,0.56
199502,0.51
199503,0.6525
199504,0.49
199505,0.38
199506,0.4625
199507,0.4975
199508,0.44
199509,0.6925
199510,0.52
199511,0.4975
199512,0.5725
199513,0.485
199514,0.325
199515,0.5275
199516,0.5075
199517,0.355
199518,0.435
199519,0.4625
199520,0.54
199521,0.6125
199522,0.4825
199523,0.415
199524,0.5075
199525,0.445
199526,0.4225
199527,0.44
199528,0.685
199529,0.4025
199530,0.455
199531,0.4825
199532,0.53
199533,0.475
199534,0.2725
199535,0.5
199536,0.44
199537,0.4825
199538,0.5125
199539,0.475
199540,0.5775
199541,0.5925
199542,0.49
199543,0.5975
199544,0.48
199545,0.4125
199546,0.575
199547,0.5125
199548,0.405
199549,0.5275
199550,0.49
199551,0.4325
199552,0.37
199553,0.5275
199554,0.48
199555,0.45
199556,0.4825
199557,0.48
199558,0.42
199559,0.415
199560,0.465
199561,0.4725
199562,0.54
199563,0.405
199564,0.595
199565,0.53
199566,0.5025
199567,0.48
199568,0.45
199569,0.52
199570,0.5175
199571,0.6175
199572,0.34
199573,0.48
199574,0.625
199575,0.37
199576,0.5925
199577,0.48
199578,0.485
199579,0.5525
199580,0.49
199581,0.4175
199582,0.4825
199583,0.475
199584,0.5125
199585,0.4725
199586,0.4575
199587,0.5525
199588,0.4575
199589,0.5275
199590,0.55
199591,0.635
199592,0.5075
199593,0.58
199594,0.5025
199595,0.495
199596,0.33
199597,0.445
199598,0.43
199599,0.445
199600,0.51
199601,0.4225
199602,0.4875
199603,0.54
199604,0.45
199605,0.45
199606,0.345
199607,0.57
199608,0.645
199609,0.375
199610,0.465
199611,0.57
199612,0.52
199613,0.4675
199614,0.6675
199615,0.6575
199616,0.735
199617,0.52
199618,0.44
199619,0.62
199620,0.465
199621,0.5875
199622,0.4925
199623,0.5025
199624,0.5125
199625,0.5575
199626,0.4625
199627,0.6325
199628,0.5125
199629,0.605
199630,0.46
199631,0.485
199632,0.55
199633,0.515
199634,0.4525
199635,0.66
199636,0.465
199637,0.4525
199638,0.6175
199639,0.6225
199640,0.4475
199641,0.515
199642,0.56
199643,0.5
199644,0.66
199645,0.51
199646,0.4875
199647,0.6525
199648,0.535
199649,0.5125
199650,0.53
199651,0.5025
199652,0.5575
199653,0.51
199654,0.485
199655,0.52
199656,0.4025
199657,0.54
199658,0.5025
199659,0.485
199660,0.4825
199661,0.3725
199662,0.3675
199663,0.345
199664,0.4825
199665,0.58
199666,0.4525
199667,0.59
199668,0.43
199669,0.62
199670,0.5275
199671,0.5025
199672,0.4625
199673,0.485
199674,0.445
199675,0.4875
199676,0.5625
199677,0.5175
199678,0.465
199679,0.495
199680,0.365
199681,0.5575
199682,0.435
199683,0.355
199684,0.4
199685,0.5325
199686,0.5675
199687,0.475
199688,0.3575
199689,0.5225
199690,0.455
199691,0.495
199692,0.4
199693,0.4675
199694,0.43
199695,0.4975
199696,0.49
199697,0.405
199698,0.51
199699,0.4825
199700,0.4075
199701,0.535
199702,0.685
199703,0.5625
199704,0.6075
199705,0.51
199706,0.45
199707,0.4825
199708,0.48
199709,0.465
199710,0.485
199711,0.62
199712,0.4725
199713,0.6625
199714,0.4425
199715,0.7725
199716,0.475
199717,0.45
199718,0.505
199719,0.5325
199720,0.48
199721,0.5
199722,0.6975
199723,0.5075
199724,0.5
199725,0.5075
199726,0.495
199727,0.56
199728,0.38
199729,0.5275
199730,0.505
199731,0.48
199732,0.4875
199733,0.455
199734,0.5475
199735,0.5075
199736,0.4425
199737,0.39
199738,0.5325
199739,0.5025
199740,0.46
199741,0.33
199742,0.505
199743,0.505
199744,0.41
199745,0.37
199746,0.4725
199747,0.5925
199748,0.525
199749,0.35
199750,0.4925
199751,0.7075
199752,0.48
199753,0.4525
199754,0.475
199755,0.4975
199756,0.4675
199757,0.435
199758,0.4875
199759,0.49
199760,0.495
199761,0.3325
199762,0.5825
199763,0.4775
199764,0.32
199765,0.4575
199766,0.48
199767,0.4075
199768,0.51
199769,0.465
199770,0.54
199771,0.4575
199772,0.5425
199773,0.4825
199774,0.46
199775,0.5
199776,0.5925
199777,0.4875
199778,0.5775
199779,0.4925
199780,0.4925
199781,0.38
199782,0.46
199783,0.4325
199784,0.4975
199785,0.405
199786,0.585
199787,0.6275
199788,0.5
199789,0.465
199790,0.4675
199791,0.4675
199792,0.365
199793,0.435
199794,0.595
199795,0.5025
199796,0.565
199797,0.47
199798,0.505
199799,0.4775
199800,0.455
199801,0.4175
199802,0.5275
199803,0.46
199804,0.5325
199805,0.465
199806,0.4825
199807,0.635
199808,0.58
199809,0.525
199810,0.3925
199811,0.39
199812,0.4525
199813,0.3025
199814,0.475
199815,0.32
199816,0.515
199817,0.4925
199818,0.5575
199819,0.4525
199820,0.485
199821,0.5325
199822,0.55
199823,0.4625
199824,0.475
199825,0.515
199826,0.5775
199827,0.4925
199828,0.5075
199829,0.5275
199830,0.4025
199831,0.52
199832,0.455
199833,0.515
199834,0.6025
199835,0.58
199836,0.6125
199837,0.5275
199838,0.4575
199839,0.6425
199840,0.5575
199841,0.43
199842,0.5
199843,0.4675
199844,0.545
199845,0.45
199846,0.4375
199847,0.46
199848,0.4525
199849,0.46
199850,0.5
199851,0.5225
199852,0.4625
199853,0.545
199854,0.5125
199855,0.5425
199856,0.3575
199857,0.5125
199858,0.5
199859,0.495
199860,0.4875
199861,0.565
199862,0.6
199863,0.5
199864,0.445
199865,0.5125
199866,0.6425
199867,0.5775
199868,0.475
199869,0.525
199870,0.4975
199871,0.52
199872,0.59
199873,0.4725
199874,0.7125
199875,0.4475
199876,0.42
199877,0.48
199878,0.4925
199879,0.51
199880,0.5675
199881,0.46
199882,0.365
199883,0.4475
199884,0.4875
199885,0.49
199886,0.4525
199887,0.5025
199888,0.565
199889,0.6125
199890,0.4425
199891,0.38
199892,0.3525
199893,0.5775
199894,0.48
199895,0.5175
199896,0.545
199897,0.405
199898,0.48
199899,0.5
199900,0.49
199901,0.4825
199902,0.58
199903,0.63
199904,0.6
199905,0.59
199906,0.5675
199907,0.515
199908,0.44
199909,0.5
199910,0.4875
199911,0.4325
199912,0.475
199913,0.4175
199914,0.415
199915,0.5025
199916,0.43
199917,0.5025
199918,0.4775
199919,0.42
199920,0.525
199921,0.4825
199922,0.4975
199923,0.3975
199924,0.48
199925,0.54
199926,0.51
199927,0.6
199928,0.5325
199929,0.4725
199930,0.3375
199931,0.515
199932,0.5625
199933,0.505
199934,0.515
199935,0.36
199936,0.425
199937,0.5175
199938,0.36
199939,0.48
199940,0.545
199941,0.5575
199942,0.345
199943,0.4325
199944,0.4225
199945,0.3875
199946,0.5275
199947,0.5075
199948,0.585
199949,0.4825
199950,0.5175
199951,0.565
199952,0.53
199953,0.5525
199954,0.45
199955,0.5325
199956,0.5525
199957,0.4875
199958,0.4925
199959,0.565
199960,0.6425
199961,0.4575
199962,0.5525
199963,0.325
199964,0.54
199965,0.37
199966,0.6075
199967,0.3825
199968,0.445
199969,0.545
199970,0.5125
199971,0.54
199972,0.4875
199973,0.6225
199974,0.4075
199975,0.525
199976,0.525
199977,0.52
199978,0.4475
199979,0.475
199980,0.43
199981,0.475
199982,0.365
199983,0.3825
199984,0.51
199985,0.485
199986,0.5425
199987,0.49
199988,0.6975
199989,0.625
199990,0.4025
199991,0.3975
199992,0.5425
199993,0.3825
199994,0.4925
199995,0.54
199996,0.4775
199997,0.4875
199998,0.6575
199999,0.4375
200000,0.48
200001,0.355
200002,0.3675
200003,0.505
200004,0.6375
200005,0.535
200006,0.51
200007,0.4025
200008,0.3325
200009,0.505
200010,0.54
200011,0.465
200012,0.4825
200013,0.6175
200014,0.54
200015,0.4475
200016,0.505
200017,0.5575
200018,0.5475
200019,0.505
200020,0.42
200021,0.4375
200022,0.505
200023,0.5175
200024,0.5025
200025,0.56
200026,0.435
200027,0.545
200028,0.5675
200029,0.425
200030,0.435
200031,0.485
200032,0.5325
200033,0.5175
200034,0.4775
200035,0.48
200036,0.5075
200037,0.51
200038,0.4525
200039,0.5275
200040,0.515
200041,0.38
200042,0.45
200043,0.3425
200044,0.4125
200045,0.4925
200046,0.405
200047,0.58
200048,0.4775
200049,0.54
200050,0.5625
200051,0.4875
200052,0.555
200053,0.4375
200054,0.4825
200055,0.6025
200056,0.3975
200057,0.5
200058,0.4925
200059,0.4775
200060,0.495
200061,0.55
200062,0.475
200063,0.3575
200064,0.51
200065,0.3525
200066,0.515
200067,0.465
200068,0.54
200069,0.6675
200070,0.505
200071,0.43
200072,0.5375
200073,0.5375
200074,0.415
200075,0.54
200076,0.57
200077,0.53
200078,0.515
200079,0.4575
200080,0.48
200081,0.495
200082,0.4975
200083,0.4975
200084,0.5325
200085,0.51
200086,0.4925
200087,0.6
200088,0.5625
200089,0.41
200090,0.5375
200091,0.405
200092,0.4425
200093,0.4675
200094,0.565
200095,0.5075
200096,0.495
200097,0.6
200098,0.5175
200099,0.6025
200100,0.4525
200101,0.495
200102,0.5375
200103,0.6525
200104,0.495
200105,0.445
200106,0.4
200107,0.5825
200108,0.45
200109,0.2525
200110,0.49
200111,0.46
200112,0.5025
200113,0.495
200114,0.5325
200115,0.595
200116,0.5
200117,0.5475
200118,0.455
200119,0.495
200120,0.4925
200121,0.515
200122,0.475
200123,0.4425
200124,0.54
200125,0.55
200126,0.4625
200127,0.5
200128,0.45
200129,0.4825
200130,0.365
200131,0.4075
200132,0.5125
200133,0.515
200134,0.4675
200135,0.4175
200136,0.41
200137,0.455
200138,0.5
200139,0.5675
200140,0.6225
200141,0.45
200142,0.555
200143,0.38
200144,0.5725
200145,0.5475
200146,0.4625
200147,0.6425
200148,0.505
200149,0.6225
200150,0.375
200151,0.4175
200152,0.5375
200153,0.4725
200154,0.59
200155,0.4575
200156,0.4775
200157,0.4025
200158,0.405
200159,0.535
200160,0.4675
200161,0.58
200162,0.59
200163,0.455
200164,0.5125
200165,0.575
200166,0.5225
200167,0.4925
200168,0.3125
200169,0.505
200170,0.45
200171,0.33
200172,0.4675
200173,0.3725
200174,0.575
200175,0.3425
200176,0.67
200177,0.4975
200178,0.3425
200179,0.5575
200180,0.5
200181,0.545
200182,0.4925
200183,0.505
200184,0.4
200185,0.4175
200186,0.52
200187,0.5625
200188,0.585
200189,0.395
200190,0.4675
200191,0.52
200192,0.68
200193,0.33
200194,0.4475
200195,0.4825
200196,0.475
200197,0.5875
200198,0.3725
200199,0.4525
200200,0.4575
200201,0.3275
200202,0.485
200203,0.38
200204,0.4475
200205,0.5075
200206,0.555
200207,0.39
200208,0.4675
200209,0.4825
200210,0.5
200211,0.5625
200212,0.2725
200213,0.4175
200214,0.52
200215,0.395
200216,0.465
200217,0.4525
200218,0.5225
200219,0.4975
200220,0.455
200221,0.5
200222,0.4675
200223,0.4975
200224,0.445
200225,0.615
200226,0.395
200227,0.5225
200228,0.5475
200229,0.5675
200230,0.595
200231,0.4875
200232,0.4575
200233,0.395
200234,0.46
200235,0.53
200236,0.3925
200237,0.5175
200238,0.485
200239,0.6125
200240,0.4425
200241,0.4925
200242,0.5
200243,0.46
200244,0.455
200245,0.455
200246,0.5225
200247,0.5225
200248,0.455
200249,0.535
200250,0.5375
200251,0.4425
200252,0.53
200253,0.3275
200254,0.605
200255,0.5175
200256,0.525
200257,0.535
200258,0.4675
200259,0.5475
200260,0.4175
200261,0.535
200262,0.4925
200263,0.52
200264,0.485
200265,0.4625
200266,0.455
200267,0.4975
200268,0.37
200269,0.39
200270,0.5525
200271,0.565
200272,0.4575
200273,0.56
200274,0.495
200275,0.405
200276,0.53
200277,0.47
200278,0.4275
200279,0.4575
200280,0.5775
200281,0.5375
200282,0.5675
200283,0.5
200284,0.5125
200285,0.46
200286,0.5025
200287,0.4425
200288,0.54
200289,0.5225
200290,0.47
200291,0.51
200292,0.4975
200293,0.5825
200294,0.53
200295,0.5075
200296,0.5475
200297,0.465
200298,0.48
200299,0.42
200300,0.4825
200301,0.545
200302,0.47
200303,0.435
200304,0.4175
200305,0.5525
200306,0.4975
200307,0.525
200308,0.53
200309,0.555
200310,0.51
200311,0.5375
200312,0.47
200313,0.3125
200314,0.515
200315,0.48
200316,0.4775
200317,0.475
200318,0.5275
200319,0.5175
200320,0.4125
200321,0.6225
200322,0.42
200323,0.4725
200324,0.3925
200325,0.5525
200326,0.5675
200327,0.4925
200328,0.5425
200329,0.5875
200330,0.525
200331,0.5325
200332,0.435
200333,0.5725
200334,0.5725
200335,0.5775
200336,0.47
200337,0.51
200338,0.4275
200339,0.365
200340,0.4
200341,0.5475
200342,0.44
200343,0.4975
200344,0.4275
200345,0.45
200346,0.405
200347,0.47
200348,0.49
200349,0.4375
200350,0.4925
200351,0.45
200352,0.5375
200353,0.47
200354,0.4925
200355,0.4725
200356,0.475
200357,0.5125
200358,0.525
200359,0.4775
200360,0.605
200361,0.4825
200362,0.585
200363,0.49
200364,0.6
200365,0.5775
200366,0.5275
200367,0.575
200368,0.4725
200369,0.4825
200370,0.485
200371,0.455
200372,0.47
200373,0.5275
200374,0.4175
200375,0.4375
200376,0.3475
200377,0.4225
200378,0.465
200379,0.4875
200380,0.59
200381,0.5
200382,0.315
200383,0.4975
200384,0.515
200385,0.4575
200386,0.4
200387,0.4975
200388,0.455
200389,0.51
200390,0.5075
200391,0.2675
200392,0.7075
200393,0.5325
200394,0.5025
200395,0.455
200396,0.6275
200397,0.4675
200398,0.525
200399,0.5375
200400,0.3925
200401,0.56
200402,0.53
200403,0.7025
200404,0.4025
200405,0.54
200406,0.505
200407,0.3825
200408,0.3475
200409,0.485
200410,0.5875
200411,0.505
200412,0.4675
200413,0.495
200414,0.4325
200415,0.4625
200416,0.4525
200417,0.4975
200418,0.4825
200419,0.525
200420,0.2575
200421,0.4975
200422,0.3975
200423,0.525
200424,0.6425
200425,0.465
200426,0.565
200427,0.425
200428,0.525
200429,0.535
200430,0.2875
200431,0.405
200432,0.425
200433,0.53
200434,0.5475
200435,0.425
200436,0.4525
200437,0.5875
200438,0.5275
200439,0.3075
200440,0.52
200441,0.3925
200442,0.4575
200443,0.565
200444,0.4325
200445,0.555
200446,0.5175
200447,0.45
200448,0.5375
200449,0.4425
200450,0.375
200451,0.495
200452,0.5175
200453,0.515
200454,0.575
200455,0.4375
200456,0.5
200457,0.4825
200458,0.45
200459,0.5775
200460,0.4825
200461,0.5175
200462,0.55
200463,0.5
200464,0.46
200465,0.4175
200466,0.4875
200467,0.4675
200468,0.535
200469,0.6
200470,0.32
200471,0.5475
200472,0.47
200473,0.5575
200474,0.515
200475,0.5
200476,0.5625
200477,0.445
200478,0.505
200479,0.4725
200480,0.6075
200481,0.5575
200482,0.4975
200483,0.4625
200484,0.52
200485,0.51
200486,0.4175
200487,0.4025
200488,0.5025
200489,0.51
200490,0.485
200491,0.4675
200492,0.58
200493,0.485
200494,0.3775
200495,0.5125
200496,0.42
200497,0.47
200498,0.4725
200499,0.4125
200500,0.475
200501,0.4975
200502,0.56
200503,0.5025
200504,0.565
200505,0.5375
200506,0.45
200507,0.445
200508,0.3375
200509,0.4675
200510,0.3725
200511,0.3975
200512,0.5
200513,0.52
200514,0.5775
200515,0.5275
200516,0.49
200517,0.4675
200518,0.475
200519,0.51
200520,0.4775
200521,0.4525
200522,0.535
200523,0.5225
200524,0.5275
200525,0.3825
200526,0.4825
200527,0.435
200528,0.4675
200529,0.4475
200530,0.475
200531,0.495
200532,0.4825
200533,0.51
200534,0.515
200535,0.4875
200536,0.5875
200537,0.5125
200538,0.47
200539,0.515
200540,0.4575
200541,0.525
200542,0.4525
200543,0.545
200544,0.4975
200545,0.45
200546,0.485
200547,0.445
200548,0.4975
200549,0.4875
200550,0.45
200551,0.5625
200552,0.495
200553,0.4925
200554,0.35
200555,0.4325
200556,0.46
200557,0.4425
200558,0.455
200559,0.5075
200560,0.5675
200561,0.4625
200562,0.49
200563,0.4975
200564,0.47
200565,0.48
200566,0.51
200567,0.4875
200568,0.5225
200569,0.4625
200570,0.4875
200571,0.475
200572,0.5025
200573,0.525
200574,0.435
200575,0.475
200576,0.5
200577,0.49
200578,0.555
200579,0.505
200580,0.4725
200581,0.465
200582,0.525
200583,0.4975
200584,0.41
200585,0.5025
200586,0.555
200587,0.5075
200588,0.495
200589,0.4425
200590,0.4875
200591,0.4625
200592,0.5025
200593,0.48
200594,0.495
200595,0.445
200596,0.48
200597,0.525
200598,0.4675
200599,0.4675
200600,0.49
200601,0.46
200602,0.48
200603,0.5675
200604,0.5575
200605,0.5
200606,0.49
200607,0.5
200608,0.51
200609,0.46
200610,0.5375
200611,0.4725
200612,0.51
200613,0.4825
200614,0.355
200615,0.4675
200616,0.44
200617,0.5275
200618,0.3575
200619,0.46
200620,0.5575
200621,0.455
200622,0.4725
200623,0.46
200624,0.4925
200625,0.45
200626,0.4575
200627,0.615
200628,0.46
200629,0.4425
200630,0.4175
200631,0.4925
200632,0.4575
200633,0.4825
200634,0.4925
200635,0.515
200636,0.5025
200637,0.4625
200638,0.4175
200639,0.51
200640,0.495
200641,0.475
200642,0.5025
200643,0.4575
200644,0.495
200645,0.4175
200646,0.4325
200647,0.4625
200648,0.395
200649,0.4725
200650,0.54
200651,0.495
200652,0.4475
200653,0.4975
200654,0.475
200655,0.485
200656,0.465
200657,0.5475
200658,0.5075
200659,0.49
200660,0.2975
200661,0.5175
200662,0.54
200663,0.4875
200664,0.48
200665,0.435
200666,0.57
200667,0.445
200668,0.4225
200669,0.4575
200670,0.4825
200671,0.4175
200672,0.4175
200673,0.4375
200674,0.455
200675,0.42
200676,0.3875
200677,0.455
200678,0.47
200679,0.49
200680,0.485
200681,0.4525
200682,0.5175
200683,0.4575
200684,0.4675
200685,0.51
200686,0.51
200687,0.455
200688,0.5125
200689,0.3325
200690,0.66
200691,0.5925
200692,0.485
200693,0.4425
200694,0.335
200695,0.4625
200696,0.5275
200697,0.4525
200698,0.51
200699,0.485
200700,0.46
200701,0.42
200702,0.53
200703,0.53
200704,0.43
200705,0.4675
200706,0.54
200707,0.4675
200708,0.555
200709,0.4075
200710,0.495
200711,0.4425
200712,0.4125
200713,0.495
200714,0.4925
200715,0.4275
200716,0.48
200717,0.52
200718,0.46
200719,0.495
200720,0.51
200721,0.5075
200722,0.5975
200723,0.5075
200724,0.5325
200725,0.54
200726,0.5225
200727,0.4625
200728,0.4575
200729,0.5325
200730,0.53
200731,0.48
200732,0.4225
200733,0.4775
200734,0.48
200735,0.465
200736,0.3675
200737,0.4725
200738,0.5025
200739,0.4925
200740,0.5225
200741,0.4975
200742,0.5025
200743,0.485
200744,0.4675
200745,0.3775
200746,0.485
200747,0.4525
200748,0.4375
200749,0.3975
200750,0.565
200751,0.48
200752,0.445
200753,0.3575
200754,0.5025
200755,0.4675
200756,0.4375
200757,0.485
200758,0.4
200759,0.5075
200760,0.4775
200761,0.4425
200762,0.5275
200763,0.45
200764,0.4075
200765,0.5625
200766,0.525
200767,0.445
200768,0.4625
200769,0.5775
200770,0.4825
200771,0.58
200772,0.4025
200773,0.395
200774,0.4825
200775,0.4925
200776,0.47
200777,0.46
200778,0.51
200779,0.43
200780,0.495
200781,0.41
200782,0.475
200783,0.445
200784,0.4175
200785,0.455
200786,0.435
200787,0.4275
200788,0.565
200789,0.4675
200790,0.515
200791,0.48
200792,0.495
200793,0.59
200794,0.4075
200795,0.385
200796,0.665
200797,0.6375
200798,0.445
200799,0.5175
200800,0.495
200801,0.4775
200802,0.5
200803,0.465
200804,0.455
200805,0.485
200806,0.4975
200807,0.4375
200808,0.425
200809,0.4875
200810,0.5875
200811,0.49
200812,0.465
200813,0.53
200814,0.345
200815,0.495
200816,0.5025
200817,0.5
200818,0.5
200819,0.4775
200820,0.325
200821,0.535
200822,0.6725
200823,0.4925
200824,0.5875
200825,0.525
200826,0.4575
200827,0.4675
200828,0.4825
200829,0.485
200830,0.6125
200831,0.4625
200832,0.5325
200833,0.4575
200834,0.505
200835,0.405
200836,0.45
200837,0.3425
200838,0.4975
200839,0.46
200840,0.59
200841,0.495
200842,0.46
200843,0.5075
200844,0.495
200845,0.49
200846,0.39
200847,0.38
200848,0.4625
200849,0.485
200850,0.525
200851,0.4975
200852,0.565
200853,0.485
200854,0.5275
200855,0.5
200856,0.4775
200857,0.46
200858,0.5625
200859,0.41
200860,0.5275
200861,0.475
200862,0.48
200863,0.5175
200864,0.44
200865,0.35
200866,0.4525
200867,0.51
200868,0.56
200869,0.3875
200870,0.52
200871,0.4675
200872,0.45
200873,0.52
200874,0.4925
200875,0.4725
200876,0.4875
200877,0.295
200878,0.51
200879,0.4575
200880,0.49
200881,0.4775
200882,0.43
200883,0.515
200884,0.4975
200885,0.535
200886,0.415
200887,0.3975
200888,0.535
200889,0.4125
200890,0.475
200891,0.475
200892,0.575
200893,0.445
200894,0.545
200895,0.435
200896,0.45
200897,0.48
200898,0.5025
200899,0.4475
200900,0.465
200901,0.5075
200902,0.4925
200903,0.5375
200904,0.47
200905,0.5175
200906,0.4825
200907,0.5275
200908,0.4975
200909,0.4775
200910,0.37
200911,0.525
200912,0.4725
200913,0.4475
200914,0.4125
200915,0.455
200916,0.35
200917,0.445
200918,0.4875
200919,0.47
200920,0.58
200921,0.465
200922,0.44
200923,0.415
200924,0.5575
200925,0.49
200926,0.4975
200927,0.4475
200928,0.45
200929,0.3175
200930,0.5
200931,0.4975
200932,0.44
200933,0.5775
200934,0.61
200935,0.3725
200936,0.4275
200937,0.4975
200938,0.5025
200939,0.385
200940,0.47
200941,0.5225
200942,0.4325
200943,0.47
200944,0.42
200945,0.4675
200946,0.525
200947,0.4725
200948,0.43
200949,0.4925
200950,0.41
200951,0.46
200952,0.48
200953,0.4525
200954,0.525
200955,0.485
200956,0.5175
200957,0.485
200958,0.4975
200959,0.4725
200960,0.45
200961,0.4825
200962,0.52
200963,0.465
200964,0.52
200965,0.48
200966,0.53
200967,0.545
200968,0.4975
200969,0.3925
200970,0.5075
200971,0.475
200972,0.5225
200973,0.5275
200974,0.4725
200975,0.4975
200976,0.52
200977,0.4625
200978,0.34
200979,0.4625
200980,0.45
200981,0.485
200982,0.4525
200983,0.425
200984,0.4925
200985,0.37
200986,0.45
200987,0.5025
200988,0.425
200989,0.4925
200990,0.39
200991,0.49
200992,0.56
200993,0.5425
200994,0.445
200995,0.4825
200996,0.41
200997,0.4625
200998,0.4525
200999,0.375
201000,0.5175
201001,0.425
201002,0.485
201003,0.5475
201004,0.525
201005,0.56
201006,0.49
201007,0.47
201008,0.555
201009,0.535
201010,0.3975
201011,0.455
201012,0.53
201013,0.5375
201014,0.4675
201015,0.4875
201016,0.4825
201017,0.3925
201018,0.5025
201019,0.5975
201020,0.4
201021,0.4625
201022,0.465
201023,0.485
201024,0.41
201025,0.535
201026,0.4525
201027,0.4925
201028,0.445
201029,0.4775
201030,0.395
201031,0.49
201032,0.4925
201033,0.4925
201034,0.5125
201035,0.515
201036,0.48
201037,0.5075
201038,0.36
201039,0.4675
201040,0.455
201041,0.47
201042,0.4425
201043,0.5125
201044,0.51
201045,0.415
201046,0.475
201047,0.52
201048,0.48
201049,0.395
201050,0.5225
201051,0.475
201052,0.495
201053,0.505
201054,0.4975
201055,0.44
201056,0.5525
201057,0.5
201058,0.445
201059,0.45
201060,0.49
201061,0.4225
201062,0.4725
201063,0.475
201064,0.435
201065,0.4525
201066,0.4675
201067,0.5
201068,0.4975
201069,0.45
201070,0.41
201071,0.4575
201072,0.455
201073,0.315
201074,0.4675
201075,0.4
201076,0.475
201077,0.4225
201078,0.3925
201079,0.5575
201080,0.4875
201081,0.4925
201082,0.4625
201083,0.5175
201084,0.4625
201085,0.4875
201086,0.47
201087,0.38
201088,0.4775
201089,0.445
201090,0.53
201091,0.4225
201092,0.445
201093,0.6175
201094,0.45
201095,0.45
201096,0.4825
201097,0.4325
201098,0.4675
201099,0.4575
201100,0.32
201101,0.4725
201102,0.48
201103,0.495
201104,0.4825
201105,0.5175
201106,0.455
201107,0.485
201108,0.475
201109,0.42
201110,0.415
201111,0.4075
201112,0.43
201113,0.4275
201114,0.4675
201115,0.4525
201116,0.44
201117,0.485
201118,0.27
201119,0.59
201120,0.39
201121,0.4775
201122,0.4375
201123,0.6075
201124,0.5325
201125,0.4775
201126,0.5
201127,0.3925
201128,0.48
201129,0.435
201130,0.5025
201131,0.535
201132,0.4675
201133,0.4325
201134,0.47
201135,0.4275
201136,0.4475
201137,0.57
201138,0.4675
201139,0.535
201140,0.47
201141,0.4175
201142,0.4575
201143,0.4575
201144,0.4675
201145,0.5575
201146,0.4425
201147,0.445
201148,0.475
201149,0.5125
201150,0.4975
201151,0.4775
201152,0.55
201153,0.46
201154,0.4325
201155,0.4625
201156,0.495
201157,0.5275
201158,0.475
201159,0.4775
201160,0.425
201161,0.4975
201162,0.365
201163,0.475
201164,0.5
201165,0.425
201166,0.3975
201167,0.475
201168,0.5125
201169,0.525
201170,0.485
201171,0.4875
201172,0.5775
201173,0.4325
201174,0.47
201175,0.46
201176,0.3925
201177,0.4975
201178,0.495
201179,0.4725
201180,0.5
201181,0.4775
201182,0.48
201183,0.52
201184,0.4575
201185,0.3875
201186,0.51
201187,0.475
201188,0.5175
201189,0.3525
201190,0.4975
201191,0.46
201192,0.37
201193,0.4625
201194,0.505
201195,0.4825
201196,0.4725
201197,0.5025
201198,0.5025
201199,0.49
201200,0.42
201201,0.455
201202,0.48
201203,0.4825
201204,0.465
201205,0.5425
201206,0.425
201207,0.485
201208,0.44
201209,0.4375
201210,0.5225
201211,0.4475
201212,0.445
201213,0.535
201214,0.4575
201215,0.4675
201216,0.4875
201217,0.56
201218,0.42
201219,0.46
201220,0.46
201221,0.43
201222,0.465
201223,0.4975
201224,0.505
201225,0.4925
201226,0.4125
201227,0.4425
201228,0.655
201229,0.4925
201230,0.5225
201231,0.505
201232,0.5125
201233,0.44
201234,0.475
201235,0.455
201236,0.4625
201237,0.375
201238,0.4775
201239,0.3425
201240,0.535
201241,0.385
201242,0.305
201243,0.46
201244,0.4575
201245,0.4
201246,0.51
201247,0.4675
201248,0.6025
201249,0.555
201250,0.49
201251,0.4425
201252,0.41
201253,0.4875
201254,0.3675
201255,0.4275
201256,0.455
201257,0.305
201258,0.4775
201259,0.5725
201260,0.39
201261,0.48
201262,0.4925
201263,0.505
201264,0.48
201265,0.4825
201266,0.5225
201267,0.605
201268,0.39
201269,0.5
201270,0.5575
201271,0.4475
201272,0.46
201273,0.4875
201274,0.4475
201275,0.4975
201276,0.4375
201277,0.5125
201278,0.47
201279,0.475
201280,0.505
201281,0.5075
201282,0.5025
201283,0.4175
201284,0.4825
201285,0.4125
201286,0.4325
201287,0.4725
201288,0.4425
201289,0.3525
201290,0.55
201291,0.4925
201292,0.4725
201293,0.5825
201294,0.55
201295,0.4675
201296,0.43
201297,0.3725
201298,0.4925
201299,0.395
201300,0.4375
201301,0.3325
201302,0.4825
201303,0.4375
201304,0.425
201305,0.48
201306,0.505
201307,0.415
201308,0.4625
201309,0.5725
201310,0.4825
201311,0.43
201312,0.5175
201313,0.405
201314,0.4125
201315,0.475
201316,0.4475
201317,0.43
201318,0.39
201319,0.465
201320,0.4875
201321,0.405
201322,0.4925
201323,0.4475
201324,0.4525
201325,0.5075
201326,0.5375
201327,0.4925
201328,0.5225
201329,0.4725
201330,0.5575
201331,0.5175
201332,0.53
201333,0.465
201334,0.5275
201335,0.4975
201336,0.4825
201337,0.5
201338,0.4875
201339,0.4725
201340,0.5225
201341,0.4475
201342,0.51
201343,0.4975
201344,0.5175
201345,0.465
201346,0.48
201347,0.4375
201348,0.4875
201349,0.4
201350,0.4475
201351,0.4725
201352,0.615
201353,0.34
201354,0.4675
201355,0.445
201356,0.5275
201357,0.48
201358,0.535
201359,0.455
201360,0.525
201361,0.425
201362,0.4875
201363,0.48
201364,0.495
201365,0.52
201366,0.5475
201367,0.48
201368,0.45
201369,0.5175
201370,0.47
201371,0.4225
201372,0.4575
201373,0.545
201374,0.43
201375,0.5225
201376,0.48
201377,0.46
201378,0.45
201379,0.32
201380,0.545
201381,0.445
201382,0.545
201383,0.4675
201384,0.4675
201385,0.4875
201386,0.475
201387,0.4875
201388,0.49
201389,0.465
201390,0.2575
201391,0.6
201392,0.5025
201393,0.335
201394,0.6575
201395,0.565
201396,0.5275
201397,0.4775
201398,0.4775
201399,0.55
201400,0.505
201401,0.6375
201402,0.49
201403,0.59
201404,0.5075
201405,0.435
201406,0.4975
201407,0.51
201408,0.5275
201409,0.5325
201410,0.56
201411,0.49
201412,0.6625
201413,0.6575
201414,0.495
201415,0.48
201416,0.415
201417,0.4525
201418,0.43
201419,0.565
201420,0.555
201421,0.7575
201422,0.4975
201423,0.4425
201424,0.3125
201425,0.55
201426,0.52
201427,0.5175
201428,0.5525
201429,0.4725
201430,0.5875
201431,0.6225
201432,0.49
201433,0.505
201434,0.405
201435,0.4525
201436,0.53
201437,0.46
201438,0.3325
201439,0.51
201440,0.47
201441,0.5775
201442,0.5525
201443,0.6275
201444,0.4825
201445,0.48
201446,0.4575
201447,0.58
201448,0.43
201449,0.3475
201450,0.5375
201451,0.6225
201452,0.5275
201453,0.4625
201454,0.6475
201455,0.69
201456,0.45
201457,0.5275
201458,0.52
201459,0.4675
201460,0.37
201461,0.6
201462,0.585
201463,0.47
201464,0.4025
201465,0.3525
201466,0.4975
201467,0.4625
201468,0.4625
201469,0.5325
201470,0.52
201471,0.4725
201472,0.5075
201473,0.485
201474,0.575
201475,0.48
201476,0.5325
201477,0.475
201478,0.4225
201479,0.4975
201480,0.61
201481,0.41
201482,0.4075
201483,0.4525
201484,0.4875
201485,0.4875
201486,0.485
201487,0.51
201488,0.4875
201489,0.46
201490,0.47
201491,0.4875
201492,0.4825
201493,0.5025
201494,0.48
201495,0.2875
201496,0.49
201497,0.4725
201498,0.465
201499,0.445
201500,0.5175
201501,0.4975
201502,0.4425
201503,0.55
201504,0.5425
201505,0.39
201506,0.37
201507,0.35
201508,0.515
201509,0.515
201510,0.485
201511,0.535
201512,0.5325
201513,0.515
201514,0.58
201515,0.485
201516,0.5275
201517,0.4575
201518,0.5725
201519,0.445
201520,0.66
201521,0.4575
201522,0.5075
201523,0.565
201524,0.3375
201525,0.6725
201526,0.4575
201527,0.4975
201528,0.5275
201529,0.5025
201530,0.485
201531,0.505
201532,0.5825
201533,0.5775
201534,0.4475
201535,0.535
201536,0.295
201537,0.5475
201538,0.46
201539,0.5675
201540,0.595
201541,0.44
201542,0.5625
201543,0.555
201544,0.5575
201545,0.425
201546,0.555
201547,0.6775
201548,0.4975
201549,0.5175
201550,0.5075
201551,0.535
201552,0.47
201553,0.4425
201554,0.385
201555,0.555
201556,0.4575
201557,0.39
201558,0.5475
201559,0.5275
201560,0.5475
201561,0.5625
201562,0.4275
201563,0.4425
201564,0.5375
201565,0.5025
201566,0.325
201567,0.475
201568,0.5725
201569,0.435
201570,0.3975
201571,0.55
201572,0.39
201573,0.585
201574,0.465
201575,0.455
201576,0.395
201577,0.5
201578,0.6275
201579,0.6525
201580,0.5575
201581,0.46
201582,0.5625
201583,0.4225
201584,0.5125
201585,0.4025
201586,0.4575
201587,0.455
201588,0.2775
201589,0.45
201590,0.35
201591,0.4225
201592,0.335
201593,0.49
201594,0.425
201595,0.415
201596,0.545
201597,0.4525
201598,0.38
201599,0.295
201600,0.49
201601,0.4
201602,0.55
201603,0.4025
201604,0.5975
201605,0.515
201606,0.37
201607,0.3825
201608,0.5675
201609,0.465
201610,0.485
201611,0.4
201612,0.46
201613,0.485
201614,0.4925
201615,0.48
201616,0.475
201617,0.4125
201618,0.54
201619,0.485
201620,0.5075
201621,0.5775
201622,0.5525
201623,0.445
201624,0.4975
201625,0.49
201626,0.4275
201627,0.51
201628,0.4975
201629,0.585
201630,0.5725
201631,0.5225
201632,0.4525
201633,0.5625
201634,0.44
201635,0.535
201636,0.4975
201637,0.46
201638,0.4625
201639,0.54
201640,0.39
201641,0.44
201642,0.4125
201643,0.575
201644,0.4525
201645,0.6225
201646,0.52
201647,0.525
201648,0.3875
201649,0.3975
201650,0.4575
201651,0.4775
201652,0.55
201653,0.4575
201654,0.52
201655,0.3975
201656,0.3975
201657,0.47
201658,0.3725
201659,0.615
201660,0.46
201661,0.565
201662,0.43
201663,0.48
201664,0.3725
201665,0.52
201666,0.3975
201667,0.37
201668,0.505
201669,0.46
201670,0.5925
201671,0.47
201672,0.395
201673,0.51
201674,0.535
201675,0.525
201676,0.3975
201677,0.5425
201678,0.5875
201679,0.555
201680,0.345
201681,0.5025
201682,0.505
201683,0.5
201684,0.5375
201685,0.3875
201686,0.6375
201687,0.4825
201688,0.45
201689,0.425
201690,0.4525
201691,0.55
201692,0.4075
201693,0.575
201694,0.51
201695,0.5325
201696,0.465
201697,0.4825
201698,0.3775
201699,0.3725
201700,0.45
201701,0.54
201702,0.5275
201703,0.5825
201704,0.4175
201705,0.315
201706,0.48
201707,0.325
201708,0.485
201709,0.4575
201710,0.5275
201711,0.5375
201712,0.445
201713,0.5125
201714,0.54
201715,0.4275
201716,0.6125
201717,0.6225
201718,0.6
201719,0.46
201720,0.3575
201721,0.2375
201722,0.4275
201723,0.4775
201724,0.53
201725,0.57
201726,0.5075
201727,0.495
201728,0.47
201729,0.4925
201730,0.4875
201731,0.5225
201732,0.4725
201733,0.56
201734,0.4725
201735,0.3075
201736,0.55
201737,0.3975
201738,0.4375
201739,0.5175
201740,0.6
201741,0.44
201742,0.56
201743,0.4825
201744,0.67
201745,0.4375
201746,0.4175
201747,0.45
201748,0.4625
201749,0.4675
201750,0.5525
201751,0.3525
201752,0.515
201753,0.38
201754,0.345
201755,0.3575
201756,0.4475
201757,0.48
201758,0.4975
201759,0.475
201760,0.46
201761,0.505
201762,0.6125
201763,0.425
201764,0.5225
201765,0.525
201766,0.4875
201767,0.5075
201768,0.53
201769,0.47
201770,0.515
201771,0.5
201772,0.3625
201773,0.4875
201774,0.43
201775,0.425
201776,0.55
201777,0.315
201778,0.5575
201779,0.575
201780,0.4725
201781,0.3825
201782,0.4275
201783,0.4575
201784,0.53
201785,0.58
201786,0.3525
201787,0.57
201788,0.4075
201789,0.475
201790,0.55
201791,0.54
201792,0.495
201793,0.4925
201794,0.515
201795,0.495
201796,0.4225
201797,0.4325
201798,0.565
201799,0.62
201800,0.4325
201801,0.5075
201802,0.4875
201803,0.6175
201804,0.5125
201805,0.6475
201806,0.3875
201807,0.4725
201808,0.51
201809,0.6175
201810,0.4725
201811,0.6
201812,0.62
201813,0.5
201814,0.6875
201815,0.5625
201816,0.56
201817,0.5125
201818,0.3675
201819,0.5225
201820,0.415
201821,0.505
201822,0.525
201823,0.39
201824,0.5075
201825,0.51
201826,0.4525
201827,0.715
201828,0.49
201829,0.495
201830,0.3925
201831,0.6225
201832,0.4
201833,0.56
201834,0.61
201835,0.5025
201836,0.48
201837,0.5075
201838,0.47
201839,0.54
201840,0.495
201841,0.4175
201842,0.515
201843,0.5375
201844,0.49
201845,0.505
201846,0.4125
201847,0.4875
201848,0.5125
201849,0.565
201850,0.465
201851,0.49
201852,0.43
201853,0.515
201854,0.5425
201855,0.605
201856,0.4925
201857,0.44
201858,0.5675
201859,0.375
201860,0.5275
201861,0.5125
201862,0.4975
201863,0.38
201864,0.49
201865,0.3825
201866,0.535
201867,0.4475
201868,0.3325
201869,0.4425
201870,0.515
201871,0.5575
201872,0.5125
201873,0.4125
201874,0.54
201875,0.44
201876,0.565
201877,0.465
201878,0.48
201879,0.4975
201880,0.485
201881,0.5075
201882,0.615
201883,0.5075
201884,0.5625
201885,0.5075
201886,0.52
201887,0.6
201888,0.55
201889,0.4325
201890,0.495
201891,0.4975
201892,0.335
201893,0.4475
201894,0.5225
201895,0.5
201896,0.4725
201897,0.575
201898,0.545
201899,0.48
201900,0.5025
201901,0.31
201902,0.4975
201903,0.4425
201904,0.55
201905,0.4675
201906,0.5475
201907,0.5325
201908,0.5175
201909,0.4775
201910,0.3825
201911,0.545
201912,0.595
201913,0.4775
201914,0.4975
201915,0.5075
201916,0.555
201917,0.625
201918,0.5325
201919,0.6475
201920,0.4825
201921,0.665
201922,0.52
201923,0.8225
201924,0.58
201925,0.5425
201926,0.48
201927,0.51
201928,0.5825
201929,0.5225
201930,0.64
201931,0.6725
201932,0.61
201933,0.3625
201934,0.47
201935,0.5
201936,0.45
201937,0.4575
201938,0.5025
201939,0.4175
201940,0.5525
201941,0.505
201942,0.36
201943,0.535
201944,0.4575
201945,0.5375
201946,0.4425
201947,0.53
201948,0.55
201949,0.38
201950,0.5025
201951,0.5275
201952,0.395
201953,0.6225
201954,0.4925
201955,0.4425
201956,0.4825
201957,0.495
201958,0.4325
201959,0.3825
201960,0.555
201961,0.525
201962,0.4825
201963,0.455
201964,0.3725
201965,0.4425
201966,0.6125
201967,0.3375
201968,0.4625
201969,0.4375
201970,0.445
201971,0.4275
201972,0.5025
201973,0.445
201974,0.41
201975,0.505
201976,0.5425
201977,0.385
201978,0.4775
201979,0.465
201980,0.465
201981,0.4975
201982,0.465
201983,0.52
201984,0.48
201985,0.445
201986,0.485
201987,0.5025
201988,0.4225
201989,0.44
201990,0.585
201991,0.4475
201992,0.525
201993,0.345
201994,0.535
201995,0.525
201996,0.4625
201997,0.55
201998,0.37
201999,0.4475
202000,0.6125
202001,0.4175
202002,0.46
202003,0.5525
202004,0.4825
202005,0.5675
202006,0.2375
202007,0.5025
202008,0.5125
202009,0.5525
202010,0.51
202011,0.5575
202012,0.58
202013,0.4825
202014,0.4825
202015,0.475
202016,0.515
202017,0.5825
202018,0.63
202019,0.4625
202020,0.4925
202021,0.555
202022,0.3325
202023,0.4825
202024,0.61
202025,0.455
202026,0.445
202027,0.485
202028,0.515
202029,0.4275
202030,0.495
202031,0.4125
202032,0.4925
202033,0.2325
202034,0.4275
202035,0.565
202036,0.4075
202037,0.52
202038,0.4975
202039,0.4825
202040,0.5475
202041,0.5425
202042,0.5225
202043,0.4225
202044,0.49
202045,0.4625
202046,0.455
202047,0.5575
202048,0.5175
202049,0.5425
202050,0.47
202051,0.5
202052,0.4025
202053,0.4875
202054,0.5725
202055,0.475
202056,0.545
202057,0.455
202058,0.39
202059,0.4425
202060,0.445
202061,0.42
202062,0.495
202063,0.545
202064,0.45
202065,0.48
202066,0.5775
202067,0.4125
202068,0.4825
202069,0.5175
202070,0.5
202071,0.505
202072,0.32
202073,0.635
202074,0.2625
202075,0.4675
202076,0.5475
202077,0.6125
202078,0.5
202079,0.49
202080,0.6525
202081,0.4825
202082,0.44
202083,0.4725
202084,0.46
202085,0.575
202086,0.57
202087,0.4575
202088,0.2825
202089,0.405
202090,0.52
202091,0.5975
202092,0.5075
202093,0.4
202094,0.365
202095,0.535
202096,0.48
202097,0.385
202098,0.4425
202099,0.5175
202100,0.61
202101,0.4475
202102,0.455
202103,0.4825
202104,0.5
202105,0.51
202106,0.4975
202107,0.5375
202108,0.4975
202109,0.56
202110,0.62
202111,0.3875
202112,0.3675
202113,0.5375
202114,0.4475
202115,0.505
202116,0.6325
202117,0.505
202118,0.445
202119,0.5425
202120,0.4675
202121,0.4425
202122,0.45
202123,0.395
202124,0.4875
202125,0.4025
202126,0.455
202127,0.54
202128,0.465
202129,0.4675
202130,0.495
202131,0.4925
202132,0.4075
202133,0.445
202134,0.415
202135,0.595
202136,0.5075
202137,0.48
202138,0.4775
202139,0.5
202140,0.435
202141,0.465
202142,0.4725
202143,0.5275
202144,0.5325
202145,0.4775
202146,0.505
202147,0.5575
202148,0.4625
202149,0.64
202150,0.4325
202151,0.435
202152,0.515
202153,0.4575
202154,0.335
202155,0.3775
202156,0.4225
202157,0.4625
202158,0.49
202159,0.44
202160,0.46
202161,0.465
202162,0.4725
202163,0.5075
202164,0.4675
202165,0.61
202166,0.5475
202167,0.5875
202168,0.565
202169,0.4425
202170,0.4875
202171,0.475
202172,0.5725
202173,0.4575
202174,0.635
202175,0.4475
202176,0.5075
202177,0.4925
202178,0.5525
202179,0.5125
202180,0.4875
202181,0.4725
202182,0.5775
202183,0.4625
202184,0.5075
202185,0.4825
202186,0.5875
202187,0.5175
202188,0.575
202189,0.47
202190,0.45
202191,0.455
202192,0.5975
202193,0.4025
202194,0.495
202195,0.5475
202196,0.505
202197,0.5075
202198,0.5875
202199,0.5175
202200,0.445
202201,0.48
202202,0.5125
202203,0.49
202204,0.3625
202205,0.3675
202206,0.48
202207,0.5
202208,0.4475
202209,0.635
202210,0.5
202211,0.3075
202212,0.5375
202213,0.5475
202214,0.4775
202215,0.5425
202216,0.4625
202217,0.5375
202218,0.46
202219,0.4675
202220,0.4375
202221,0.3625
202222,0.5575
202223,0.48
202224,0.5
202225,0.52
202226,0.475
202227,0.4625
202228,0.47
202229,0.4775
202230,0.5175
202231,0.415
202232,0.5125
202233,0.3925
202234,0.58
202235,0.4925
202236,0.61
202237,0.39
202238,0.4575
202239,0.405
202240,0.445
202241,0.49
202242,0.45
202243,0.47
202244,0.55
202245,0.535
202246,0.46
202247,0.4425
202248,0.5525
202249,0.4625
202250,0.355
202251,0.455
202252,0.5225
202253,0.5125
202254,0.5125
202255,0.53
202256,0.535
202257,0.4825
202258,0.4825
202259,0.4475
202260,0.55
202261,0.4975
202262,0.5275
202263,0.4975
202264,0.3975
202265,0.4675
202266,0.4325
202267,0.55
202268,0.52
202269,0.51
202270,0.4925
202271,0.51
202272,0.5425
202273,0.445
202274,0.4225
202275,0.4675
202276,0.4225
202277,0.5
202278,0.4275
202279,0.4275
202280,0.4975
202281,0.4475
202282,0.4475
202283,0.4875
202284,0.5325
202285,0.4175
202286,0.585
202287,0.4725
202288,0.56
202289,0.5475
202290,0.5025
202291,0.4475
202292,0.5325
202293,0.515
202294,0.5025
202295,0.5
202296,0.405
202297,0.515
202298,0.465
202299,0.4675
202300,0.4975
202301,0.4925
202302,0.49
202303,0.5025
202304,0.485
202305,0.46
202306,0.5025
202307,0.4625
202308,0.4175
202309,0.465
202310,0.435
202311,0.5075
202312,0.4475
202313,0.545
202314,0.49
202315,0.4775
202316,0.475
202317,0.46
202318,0.4175
202319,0.625
202320,0.4425
202321,0.495
202322,0.5275
202323,0.4975
202324,0.4275
202325,0.4925
202326,0.6
202327,0.4425
202328,0.4525
202329,0.44
202330,0.3625
202331,0.5275
202332,0.525
202333,0.4475
202334,0.395
202335,0.51
202336,0.42
202337,0.4775
202338,0.455
202339,0.515
202340,0.52
202341,0.4875
202342,0.4625
202343,0.39
202344,0.425
202345,0.5275
202346,0.465
202347,0.4625
202348,0.4675
202349,0.3175
202350,0.44
202351,0.45
202352,0.545
202353,0.48
202354,0.385
202355,0.485
202356,0.3025
202357,0.5025
202358,0.575
202359,0.455
202360,0.4575
202361,0.44
202362,0.49
202363,0.525
202364,0.5075
202365,0.4275
202366,0.4675
202367,0.415
202368,0.5075
202369,0.47
202370,0.4275
202371,0.49
202372,0.475
202373,0.455
202374,0.4375
202375,0.5
202376,0.4825
202377,0.4425
202378,0.415
202379,0.445
202380,0.4675
202381,0.5375
202382,0.4025
202383,0.4875
202384,0.49
202385,0.3725
202386,0.4625
202387,0.4475
202388,0.4575
202389,0.435
202390,0.52
202391,0.4775
202392,0.435
202393,0.5025
202394,0.4575
202395,0.4925
202396,0.4325
202397,0.465
202398,0.5225
202399,0.49
202400,0.4275
202401,0.4475
202402,0.485
202403,0.4025
202404,0.5475
202405,0.4725
202406,0.4875
202407,0.45
202408,0.4275
202409,0.49
202410,0.455
202411,0.425
202412,0.5225
202413,0.485
202414,0.465
202415,0.4825
202416,0.4925
202417,0.575
202418,0.4675
202419,0.4325
202420,0.5975
202421,0.48
202422,0.48
202423,0.4075
202424,0.4825
202425,0.57
202426,0.5125
202427,0.515
202428,0.51
202429,0.42
202430,0.5125
202431,0.4875
202432,0.4475
202433,0.5275
202434,0.46
202435,0.565
202436,0.4325
202437,0.455
202438,0.4775
202439,0.51
202440,0.51
202441,0.4575
202442,0.4075
202443,0.495
202444,0.505
202445,0.5075
202446,0.45
202447,0.495
202448,0.5175
202449,0.5075
202450,0.42
202451,0.5
202452,0.475
202453,0.4475
202454,0.43
202455,0.4725
202456,0.4875
202457,0.4425
202458,0.485
202459,0.495
202460,0.5225
202461,0.4575
202462,0.405
202463,0.5125
202464,0.415
202465,0.4675
202466,0.45
202467,0.43
202468,0.495
202469,0.3925
202470,0.4825
202471,0.395
202472,0.555
202473,0.45
202474,0.3375
202475,0.57
202476,0.38
202477,0.5025
202478,0.405
202479,0.515
202480,0.4925
202481,0.3975
202482,0.57
202483,0.5
202484,0.55
202485,0.47
202486,0.485
202487,0.6325
202488,0.42
202489,0.495
202490,0.4275
202491,0.49
202492,0.5425
202493,0.485
202494,0.505
202495,0.4725
202496,0.5175
202497,0.545
202498,0.3675
202499,0.355
202500,0.5175
202501,0.5
202502,0.505
202503,0.5025
202504,0.545
202505,0.5075
202506,0.42
202507,0.475
202508,0.5
202509,0.4825
202510,0.5225
202511,0.495
202512,0.55
202513,0.5
202514,0.39
202515,0.5675
202516,0.5625
202517,0.54
202518,0.4775
202519,0.57
202520,0.465
202521,0.4975
202522,0.4975
202523,0.505
202524,0.39
202525,0.4925
202526,0.5075
202527,0.4275
202528,0.5025
202529,0.4875
202530,0.4075
202531,0.5175
202532,0.52
202533,0.46
202534,0.4725
202535,0.345
202536,0.455
202537,0.3775
202538,0.435
202539,0.49
202540,0.4975
202541,0.4275
202542,0.5075
202543,0.51
202544,0.5075
202545,0.6125
202546,0.455
202547,0.435
202548,0.52
202549,0.3975
202550,0.485
202551,0.53
202552,0.4225
202553,0.3725
202554,0.4375
202555,0.4775
202556,0.4825
202557,0.4575
202558,0.4575
202559,0.5125
202560,0.4925
202561,0.4775
202562,0.5275
202563,0.44
202564,0.5025
202565,0.49
202566,0.535
202567,0.3425
202568,0.48
202569,0.465
202570,0.5025
202571,0.635
202572,0.555
202573,0.4075
202574,0.4475
202575,0.4925
202576,0.505
202577,0.4875
202578,0.5175
202579,0.4275
202580,0.4675
202581,0.52
202582,0.5275
202583,0.455
202584,0.4575
202585,0.4475
202586,0.395
202587,0.65
202588,0.4475
202589,0.4875
202590,0.5
202591,0.545
202592,0.5125
202593,0.485
202594,0.5025
202595,0.325
202596,0.5175
202597,0.4925
202598,0.5125
202599,0.455
202600,0.57
202601,0.4175
202602,0.5375
202603,0.405
202604,0.4075
202605,0.5075
202606,0.5425
202607,0.405
202608,0.58
202609,0.47
202610,0.505
202611,0.5
202612,0.485
202613,0.455
202614,0.45
202615,0.4675
202616,0.32
202617,0.53
202618,0.4
202619,0.4125
202620,0.495
202621,0.45
202622,0.4825
202623,0.3725
202624,0.4025
202625,0.5975
202626,0.4925
202627,0.505
202628,0.525
202629,0.485
202630,0.505
202631,0.4725
202632,0.5075
202633,0.5575
202634,0.5
202635,0.535
202636,0.4925
202637,0.5025
202638,0.5025
202639,0.5625
202640,0.4425
202641,0.505
202642,0.4575
202643,0.43
202644,0.355
202645,0.465
202646,0.43
202647,0.4725
202648,0.4125
202649,0.5325
202650,0.4175
202651,0.5125
202652,0.4925
202653,0.51
202654,0.53
202655,0.535
202656,0.5575
202657,0.48
202658,0.475
202659,0.3275
202660,0.465
202661,0.5225
202662,0.535
202663,0.59
202664,0.555
202665,0.3425
202666,0.4475
202667,0.4825
202668,0.525
202669,0.365
202670,0.5425
202671,0.58
202672,0.47
202673,0.5
202674,0.5625
202675,0.415
202676,0.525
202677,0.4475
202678,0.4275
202679,0.5125
202680,0.605
202681,0.6625
202682,0.6075
202683,0.485
202684,0.3925
202685,0.5525
202686,0.475
202687,0.545
202688,0.5325
202689,0.535
202690,0.3825
202691,0.4575
202692,0.4575
202693,0.35
202694,0.675
202695,0.5425
202696,0.4025
202697,0.575
202698,0.4675
202699,0.44
202700,0.55
202701,0.5025
202702,0.52
202703,0.4375
202704,0.56
202705,0.5775
202706,0.4725
202707,0.4475
202708,0.4425
202709,0.4875
202710,0.4875
202711,0.3725
202712,0.3625
202713,0.535
202714,0.54
202715,0.5175
202716,0.4725
202717,0.6
202718,0.585
202719,0.5625
202720,0.52
202721,0.4875
202722,0.495
202723,0.4825
202724,0.5275
202725,0.5
202726,0.5
202727,0.4025
202728,0.4275
202729,0.4075
202730,0.3475
202731,0.515
202732,0.515
202733,0.39
202734,0.3775
202735,0.665
202736,0.46
202737,0.44
202738,0.5775
202739,0.5525
202740,0.4475
202741,0.57
202742,0.4925
202743,0.645
202744,0.45
202745,0.455
202746,0.5025
202747,0.5525
202748,0.435
202749,0.525
202750,0.48
202751,0.44
202752,0.6625
202753,0.4925
202754,0.46
202755,0.49
202756,0.5075
202757,0.62
202758,0.4925
202759,0.4025
202760,0.4625
202761,0.52
202762,0.5175
202763,0.525
202764,0.54
202765,0.4775
202766,0.525
202767,0.43
202768,0.5475
202769,0.6675
202770,0.445
202771,0.47
202772,0.355
202773,0.545
202774,0.475
202775,0.4925
202776,0.5275
202777,0.5775
202778,0.4875
202779,0.445
202780,0.5025
202781,0.4575
202782,0.555
202783,0.43
202784,0.475
202785,0.5975
202786,0.5225
202787,0.5625
202788,0.4575
202789,0.48
202790,0.515
202791,0.57
202792,0.505
202793,0.4725
202794,0.535
202795,0.5125
202796,0.4875
202797,0.575
202798,0.5025
202799,0.465
202800,0.5425
202801,0.6175
202802,0.4375
202803,0.4625
202804,0.4875
202805,0.5525
202806,0.44
202807,0.4725
202808,0.3625
202809,0.55
202810,0.6
202811,0.5275
202812,0.435
202813,0.605
202814,0.265
202815,0.5725
202816,0.44
202817,0.5
202818,0.61
202819,0.465
202820,0.465
202821,0.4225
202822,0.3175
202823,0.4875
202824,0.51
202825,0.6425
202826,0.2725
202827,0.4925
202828,0.4925
202829,0.3625
202830,0.5575
202831,0.5
202832,0.5475
202833,0.335
202834,0.5125
202835,0.5225
202836,0.51
202837,0.37
202838,0.6575
202839,0.5575
202840,0.495
202841,0.5475
202842,0.45
202843,0.55
202844,0.6075
202845,0.4325
202846,0.62
202847,0.5225
202848,0.5175
202849,0.515
202850,0.4275
202851,0.3775
202852,0.4025
202853,0.465
202854,0.53
202855,0.4125
202856,0.575
202857,0.475
202858,0.51
202859,0.49
202860,0.61
202861,0.435
202862,0.5175
202863,0.62
202864,0.545
202865,0.53
202866,0.4875
202867,0.5875
202868,0.3975
202869,0.385
202870,0.4675
202871,0.56
202872,0.555
202873,0.52
202874,0.37
202875,0.49
202876,0.41
202877,0.52
202878,0.4475
202879,0.48
202880,0.705
202881,0.5075
202882,0.4125
202883,0.475
202884,0.4025
202885,0.3625
202886,0.475
202887,0.42
202888,0.5425
202889,0.5075
202890,0.51
202891,0.55
202892,0.6475
202893,0.46
202894,0.525
202895,0.515
202896,0.645
202897,0.52
202898,0.49
202899,0.4375
202900,0.3925
202901,0.5175
202902,0.5025
202903,0.4925
202904,0.4975
202905,0.485
202906,0.495
202907,0.5425
202908,0.4375
202909,0.4525
202910,0.6525
202911,0.445
202912,0.5275
202913,0.505
202914,0.5475
202915,0.3025
202916,0.54
202917,0.415
202918,0.425
202919,0.6325
202920,0.3375
202921,0.6575
202922,0.5175
202923,0.595
202924,0.365
202925,0.4675
202926,0.5225
202927,0.46
202928,0.465
202929,0.64
202930,0.485
202931,0.3725
202932,0.43
202933,0.4125
202934,0.46
202935,0.53
202936,0.5525
202937,0.555
202938,0.4275
202939,0.4775
202940,0.465
202941,0.5025
202942,0.435
202943,0.515
202944,0.5625
202945,0.4675
202946,0.475
202947,0.44
202948,0.4325
202949,0.4875
202950,0.5675
202951,0.49
202952,0.7075
202953,0.485
202954,0.495
202955,0.4325
202956,0.7025
202957,0.39
202958,0.4
202959,0.3475
202960,0.4125
202961,0.545
202962,0.4475
202963,0.515
202964,0.5275
202965,0.5
202966,0.53
202967,0.6575
202968,0.505
202969,0.5275
202970,0.5025
202971,0.4925
202972,0.4575
202973,0.56
202974,0.4475
202975,0.4175
202976,0.4475
202977,0.5525
202978,0.5425
202979,0.4075
202980,0.4525
202981,0.4575
202982,0.44
202983,0.535
202984,0.54
202985,0.65
202986,0.525
202987,0.5025
202988,0.445
202989,0.405
202990,0.4925
202991,0.255
202992,0.425
202993,0.485
202994,0.515
202995,0.63
202996,0.495
202997,0.4725
202998,0.525
202999,0.64
203000,0.495
203001,0.485
203002,0.515
203003,0.475
203004,0.41
203005,0.475
203006,0.5
203007,0.425
203008,0.35
203009,0.5325
203010,0.5575
203011,0.495
203012,0.465
203013,0.655
203014,0.4575
203015,0.5
203016,0.4825
203017,0.5425
203018,0.4875
203019,0.5175
203020,0.3125
203021,0.475
203022,0.655
203023,0.465
203024,0.525
203025,0.48
203026,0.425
203027,0.485
203028,0.425
203029,0.4975
203030,0.61
203031,0.5125
203032,0.485
203033,0.4875
203034,0.4525
203035,0.4325
203036,0.49
203037,0.47
203038,0.495
203039,0.42
203040,0.455
203041,0.5275
203042,0.525
203043,0.47
203044,0.5225
203045,0.6325
203046,0.42
203047,0.5775
203048,0.4025
203049,0.6225
203050,0.525
203051,0.4675
203052,0.5175
203053,0.4125
203054,0.555
203055,0.41
203056,0.4575
203057,0.3825
203058,0.535
203059,0.59
203060,0.495
203061,0.54
203062,0.52
203063,0.41
203064,0.515
203065,0.505
203066,0.51
203067,0.49
203068,0.6025
203069,0.485
203070,0.5675
203071,0.5775
203072,0.5525
203073,0.475
203074,0.51
203075,0.5575
203076,0.5975
203077,0.4925
203078,0.47
203079,0.4825
203080,0.4875
203081,0.4925
203082,0.4875
203083,0.5225
203084,0.565
203085,0.36
203086,0.49
203087,0.345
203088,0.5025
203089,0.6025
203090,0.5625
203091,0.54
203092,0.5125
203093,0.5375
203094,0.4775
203095,0.5525
203096,0.56
203097,0.4075
203098,0.535
203099,0.4125
203100,0.5275
203101,0.3725
203102,0.575
203103,0.535
203104,0.4675
203105,0.5325
203106,0.6375
203107,0.475
203108,0.465
203109,0.585
203110,0.4925
203111,0.4075
203112,0.6325
203113,0.5125
203114,0.565
203115,0.46
203116,0.4425
203117,0.34
203118,0.415
203119,0.4
203120,0.5825
203121,0.5075
203122,0.5275
203123,0.4825
203124,0.4775
203125,0.485
203126,0.3975
203127,0.49
203128,0.4625
203129,0.5
203130,0.405
203131,0.39
203132,0.575
203133,0.495
203134,0.7025
203135,0.55
203136,0.55
203137,0.3775
203138,0.4625
203139,0.385
203140,0.495
203141,0.335
203142,0.44
203143,0.43
203144,0.53
203145,0.5025
203146,0.5825
203147,0.52
203148,0.4775
203149,0.495
203150,0.4675
203151,0.455
203152,0.46
203153,0.535
203154,0.525
203155,0.6125
203156,0.5475
203157,0.37
203158,0.3975
203159,0.3475
203160,0.4625
203161,0.485
203162,0.52
203163,0.4925
203164,0.4725
203165,0.395
203166,0.3925
203167,0.4775
203168,0.485
203169,0.635
203170,0.6
203171,0.505
203172,0.49
203173,0.5325
203174,0.4775
203175,0.5075
203176,0.46
203177,0.525
203178,0.5575
203179,0.455
203180,0.5325
203181,0.5125
203182,0.5325
203183,0.5
203184,0.5375
203185,0.515
203186,0.4575
203187,0.575
203188,0.525
203189,0.3275
203190,0.565
203191,0.485
203192,0.48
203193,0.325
203194,0.4475
203195,0.63
203196,0.59
203197,0.445
203198,0.4875
203199,0.495
203200,0.485
203201,0.435
203202,0.4525
203203,0.455
203204,0.4325
203205,0.5625
203206,0.5275
203207,0.4675
203208,0.4775
203209,0.71
203210,0.4675
203211,0.43
203212,0.6275
203213,0.49
203214,0.45
203215,0.4925
203216,0.6275
203217,0.5625
203218,0.53
203219,0.5275
203220,0.395
203221,0.385
203222,0.48
203223,0.55
203224,0.6375
203225,0.5
203226,0.53
203227,0.395
203228,0.43
203229,0.4925
203230,0.5375
203231,0.525
203232,0.47
203233,0.3925
203234,0.57
203235,0.4775
203236,0.5525
203237,0.5025
203238,0.34
203239,0.4925
203240,0.6175
203241,0.485
203242,0.5675
203243,0.4925
203244,0.4875
203245,0.4775
203246,0.55
203247,0.545
203248,0.555
203249,0.4925
203250,0.4525
203251,0.49
203252,0.595
203253,0.4925
203254,0.4675
203255,0.38
203256,0.515
203257,0.4775
203258,0.5125
203259,0.4575
203260,0.5675
203261,0.4075
203262,0.4925
203263,0.565
203264,0.475
203265,0.54
203266,0.5675
203267,0.4975
203268,0.5475
203269,0.48
203270,0.44
203271,0.475
203272,0.4025
203273,0.5375
203274,0.35
203275,0.4375
203276,0.39
203277,0.47
203278,0.4725
203279,0.405
203280,0.5775
203281,0.495
203282,0.5
203283,0.375
203284,0.425
203285,0.3575
203286,0.4025
203287,0.56
203288,0.3225
203289,0.37
203290,0.435
203291,0.475
203292,0.3725
203293,0.4575
203294,0.43
203295,0.445
203296,0.49
203297,0.415
203298,0.425
203299,0.4925
203300,0.59
203301,0.5375
203302,0.485
203303,0.54
203304,0.4875
203305,0.4775
203306,0.415
203307,0.4625
203308,0.4325
203309,0.52
203310,0.3925
203311,0.4325
203312,0.635
203313,0.4375
203314,0.62
203315,0.44
203316,0.4275
203317,0.6375
203318,0.405
203319,0.51
203320,0.395
203321,0.5
203322,0.57
203323,0.4825
203324,0.4275
203325,0.5225
203326,0.51
203327,0.4725
203328,0.3525
203329,0.625
203330,0.4575
203331,0.485
203332,0.49
203333,0.5275
203334,0.37
203335,0.385
203336,0.4475
203337,0.53
203338,0.525
203339,0.535
203340,0.475
203341,0.5125
203342,0.3325
203343,0.46
203344,0.465
203345,0.49
203346,0.4075
203347,0.43
203348,0.435
203349,0.5225
203350,0.5025
203351,0.555
203352,0.4975
203353,0.55
203354,0.4275
203355,0.44
203356,0.4925
203357,0.3925
203358,0.475
203359,0.525
203360,0.5025
203361,0.5
203362,0.4825
203363,0.5375
203364,0.755
203365,0.47
203366,0.48
203367,0.5225
203368,0.53
203369,0.53
203370,0.505
203371,0.48
203372,0.455
203373,0.4075
203374,0.3775
203375,0.4625
203376,0.74
203377,0.5
203378,0.4825
203379,0.545
203380,0.485
203381,0.4725
203382,0.455
203383,0.4625
203384,0.49
203385,0.48
203386,0.525
203387,0.29
203388,0.46
203389,0.4625
203390,0.5525
203391,0.4875
203392,0.395
203393,0.3975
203394,0.45
203395,0.375
203396,0.465
203397,0.475
203398,0.4875
203399,0.57
203400,0.4225
203401,0.425
203402,0.555
203403,0.4775
203404,0.5075
203405,0.49
203406,0.525
203407,0.47
203408,0.2825
203409,0.36
203410,0.55
203411,0.5
203412,0.41
203413,0.415
203414,0.4075
203415,0.3625
203416,0.3275
203417,0.41
203418,0.5175
203419,0.4175
203420,0.4475
203421,0.5825
203422,0.3925
203423,0.555
203424,0.3975
203425,0.2625
203426,0.39
203427,0.4475
203428,0.4925
203429,0.34
203430,0.59
203431,0.4075
203432,0.3975
203433,0.525
203434,0.5275
203435,0.5825
203436,0.36
203437,0.6075
203438,0.4
203439,0.4975
203440,0.4425
203441,0.4575
203442,0.43
203443,0.4075
203444,0.49
203445,0.505
203446,0.315
203447,0.4275
203448,0.435
203449,0.4375
203450,0.425
203451,0.405
203452,0.48
203453,0.36
203454,0.52
203455,0.48
203456,0.3975
203457,0.5075
203458,0.5225
203459,0.6625
203460,0.4
203461,0.4425
203462,0.4025
203463,0.565
203464,0.3675
203465,0.41
203466,0.5025
203467,0.375
203468,0.5325
203469,0.505
203470,0.4775
203471,0.61
203472,0.42
203473,0.5325
203474,0.43
203475,0.6025
203476,0.4275
203477,0.4975
203478,0.505
203479,0.5075
203480,0.4925
203481,0.3575
203482,0.485
203483,0.66
203484,0.4575
203485,0.56
203486,0.635
203487,0.4025
203488,0.3925
203489,0.4775
203490,0.39
203491,0.4525
203492,0.3925
203493,0.5575
203494,0.4175
203495,0.665
203496,0.3875
203497,0.4775
203498,0.5975
203499,0.515
203500,0.5025
203501,0.315
203502,0.45
203503,0.3975
203504,0.43
203505,0.415
203506,0.5375
203507,0.4675
203508,0.37
203509,0.555
203510,0.5225
203511,0.4025
203512,0.5475
203513,0.4725
203514,0.48
203515,0.3725
203516,0.4575
203517,0.4225
203518,0.55
203519,0.5125
203520,0.38
203521,0.3525
203522,0.4375
203523,0.5025
203524,0.5075
203525,0.45
203526,0.4925
203527,0.475
203528,0.495
203529,0.495
203530,0.5
203531,0.545
203532,0.47
203533,0.465
203534,0.4875
203535,0.4675
203536,0.3625
203537,0.3775
203538,0.4825
203539,0.4175
203540,0.36
203541,0.41
203542,0.5225
203543,0.4675
203544,0.3625
203545,0.4825
203546,0.5075
203547,0.5025
203548,0.4825
203549,0.35
203550,0.4425
203551,0.4775
203552,0.5475
203553,0.55
203554,0.555
203555,0.37
203556,0.43
203557,0.4675
203558,0.46
203559,0.3625
203560,0.3875
203561,0.5475
203562,0.5425
203563,0.395
203564,0.365
203565,0.4025
203566,0.3625
203567,0.345
203568,0.61
203569,0.5225
203570,0.6725
203571,0.365
203572,0.685
203573,0.3675
203574,0.4975
203575,0.505
203576,0.4675
203577,0.49
203578,0.6825
203579,0.455
203580,0.425
203581,0.445
203582,0.3775
203583,0.465
203584,0.49
203585,0.3725
203586,0.5175
203587,0.3475
203588,0.54
203589,0.375
203590,0.5575
203591,0.5025
203592,0.5
203593,0.4025
203594,0.4525
203595,0.49
203596,0.4525
203597,0.465
203598,0.485
203599,0.5325
203600,0.4275
203601,0.3675
203602,0.47
203603,0.4875
203604,0.4
203605,0.515
203606,0.4825
203607,0.6025
203608,0.455
203609,0.535
203610,0.2475
203611,0.4725
203612,0.5375
203613,0.575
203614,0.5775
203615,0.3775
203616,0.4925
203617,0.4825
203618,0.41
203619,0.31
203620,0.5475
203621,0.49
203622,0.465
203623,0.465
203624,0.37
203625,0.4775
203626,0.4525
203627,0.405
203628,0.435
203629,0.385
203630,0.48
203631,0.4375
203632,0.45
203633,0.515
203634,0.4825
203635,0.48
203636,0.71
203637,0.3575
203638,0.485
203639,0.505
203640,0.5025
203641,0.44
203642,0.4125
203643,0.51
203644,0.6475
203645,0.5675
203646,0.5675
203647,0.41
203648,0.51
203649,0.5275
203650,0.4975
203651,0.545
203652,0.52
203653,0.5775
203654,0.4225
203655,0.35
203656,0.5125
203657,0.525
203658,0.5825
203659,0.5025
203660,0.4725
203661,0.4175
203662,0.3825
203663,0.4775
203664,0.505
203665,0.415
203666,0.415
203667,0.515
203668,0.58
203669,0.36
203670,0.57
203671,0.3425
203672,0.5575
203673,0.3875
203674,0.5675
203675,0.3525
203676,0.5075
203677,0.475
203678,0.5475
203679,0.4025
203680,0.6125
203681,0.4625
203682,0.41
203683,0.4675
203684,0.4975
203685,0.39
203686,0.425
203687,0.5225
203688,0.5725
203689,0.5225
203690,0.5075
203691,0.53
203692,0.4975
203693,0.5275
203694,0.56
203695,0.535
203696,0.6125
203697,0.4775
203698,0.3225
203699,0.4775
203700,0.3975
203701,0.445
203702,0.4425
203703,0.56
203704,0.46
203705,0.4025
203706,0.3575
203707,0.5775
203708,0.455
203709,0.5725
203710,0.495
203711,0.4575
203712,0.6
203713,0.4175
203714,0.3925
203715,0.39
203716,0.565
203717,0.45
203718,0.545
203719,0.45
203720,0.555
203721,0.425
203722,0.44
203723,0.35
203724,0.4575
203725,0.4075
203726,0.3475
203727,0.35
203728,0.48
203729,0.4875
203730,0.4825
203731,0.4675
203732,0.41
203733,0.5925
203734,0.5225
203735,0.4875
203736,0.465
203737,0.46
203738,0.6425
203739,0.4275
203740,0.6575
203741,0.455
203742,0.4675
203743,0.4325
203744,0.37
203745,0.5625
203746,0.495
203747,0.3725
203748,0.5675
203749,0.435
203750,0.43
203751,0.445
203752,0.43
203753,0.475
203754,0.445
203755,0.355
203756,0.4975
203757,0.38
203758,0.4875
203759,0.485
203760,0.555
203761,0.3825
203762,0.36
203763,0.3475
203764,0.4475
203765,0.4775
203766,0.475
203767,0.625
203768,0.4075
203769,0.4325
203770,0.615
203771,0.4575
203772,0.3775
203773,0.445
203774,0.69
203775,0.4425
203776,0.535
203777,0.4825
203778,0.36
203779,0.4575
203780,0.4875
203781,0.35
203782,0.365
203783,0.4425
203784,0.51
203785,0.485
203786,0.5275
203787,0.5425
203788,0.54
203789,0.42
203790,0.53
203791,0.595
203792,0.41
203793,0.5525
203794,0.6675
203795,0.4025
203796,0.3975
203797,0.5175
203798,0.415
203799,0.54
203800,0.72
203801,0.485
203802,0.65
203803,0.4725
203804,0.5075
203805,0.5325
203806,0.45
203807,0.485
203808,0.4775
203809,0.4175
203810,0.3675
203811,0.4575
203812,0.44
203813,0.47
203814,0.6025
203815,0.3625
203816,0.65
203817,0.47
203818,0.4525
203819,0.385
203820,0.3425
203821,0.3075
203822,0.4625
203823,0.4625
203824,0.465
203825,0.42
203826,0.4725
203827,0.4475
203828,0.46
203829,0.5275
203830,0.375
203831,0.41
203832,0.4325
203833,0.595
203834,0.4125
203835,0.5125
203836,0.3875
203837,0.59
203838,0.4775
203839,0.435
203840,0.4775
203841,0.3425
203842,0.565
203843,0.3475
203844,0.425
203845,0.4025
203846,0.49
203847,0.4875
203848,0.5625
203849,0.4475
203850,0.62
203851,0.405
203852,0.5125
203853,0.315
203854,0.5
203855,0.4175
203856,0.4775
203857,0.3575
203858,0.335
203859,0.3675
203860,0.4725
203861,0.325
203862,0.535
203863,0.475
203864,0.45
203865,0.585
203866,0.605
203867,0.5225
203868,0.5
203869,0.5575
203870,0.4025
203871,0.4475
203872,0.6675
203873,0.365
203874,0.495
203875,0.4725
203876,0.395
203877,0.385
203878,0.35
203879,0.4575
203880,0.3975
203881,0.6925
203882,0.5275
203883,0.3675
203884,0.455
203885,0.49
203886,0.61
203887,0.4525
203888,0.3925
203889,0.4775
203890,0.4575
203891,0.36
203892,0.555
203893,0.585
203894,0.4625
203895,0.3325
203896,0.4275
203897,0.4775
203898,0.44
203899,0.43
203900,0.44
203901,0.3475
203902,0.41
203903,0.3425
203904,0.41
203905,0.5
203906,0.3425
203907,0.43
203908,0.4875
203909,0.5225
203910,0.2675
203911,0.4575
203912,0.52
203913,0.475
203914,0.47
203915,0.44
203916,0.43
203917,0.5325
203918,0.3625
203919,0.4225
203920,0.385
203921,0.41
203922,0.5075
203923,0.32
203924,0.37
203925,0.47
203926,0.4175
203927,0.3825
203928,0.385
203929,0.4375
203930,0.3425
203931,0.3125
203932,0.4875
203933,0.4825
203934,0.47
203935,0.4475
203936,0.55
203937,0.3925
203938,0.525
203939,0.3825
203940,0.3775
203941,0.5025
203942,0.4175
203943,0.455
203944,0.465
203945,0.3
203946,0.405
203947,0.55
203948,0.4
203949,0.46
203950,0.4575
203951,0.3975
203952,0.445
203953,0.505
203954,0.6025
203955,0.565
203956,0.39
203957,0.435
203958,0.39
203959,0.39
203960,0.605
203961,0.405
203962,0.54
203963,0.36
203964,0.4
203965,0.495
203966,0.5175
203967,0.4775
203968,0.47
203969,0.57
203970,0.5225
203971,0.51
203972,0.5075
203973,0.5875
203974,0.4175
203975,0.4
203976,0.4875
203977,0.4175
203978,0.41
203979,0.42
203980,0.3325
203981,0.54
203982,0.46
203983,0.46
203984,0.5075
203985,0.405
203986,0.5025
203987,0.46
203988,0.3125
203989,0.495
203990,0.3725
203991,0.52
203992,0.39
203993,0.41
203994,0.405
203995,0.575
203996,0.4975
203997,0.64
203998,0.49
203999,0.53
204000,0.5075
204001,0.6025
204002,0.4575
204003,0.52
204004,0.385
204005,0.475
204006,0.375
204007,0.3625
204008,0.5
204009,0.4875
204010,0.3525
204011,0.2825
204012,0.37
204013,0.5
204014,0.4625
204015,0.4625
204016,0.4
204017,0.535
204018,0.485
204019,0.47
204020,0.455
204021,0.4
204022,0.405
204023,0.585
204024,0.3325
204025,0.4875
204026,0.45
204027,0.5225
204028,0.4075
204029,0.37
204030,0.55
204031,0.47
204032,0.5175
204033,0.33
204034,0.3975
204035,0.4775
204036,0.4675
204037,0.4925
204038,0.51
204039,0.405
204040,0.4875
204041,0.49
204042,0.4075
204043,0.415
204044,0.325
204045,0.4975
204046,0.52
204047,0.445
204048,0.5
204049,0.49
204050,0.4375
204051,0.5
204052,0.3825
204053,0.365
204054,0.4825
204055,0.3725
204056,0.44
204057,0.4825
204058,0.4075
204059,0.4925
204060,0.4425
204061,0.53
204062,0.5125
204063,0.4525
204064,0.55
204065,0.46
204066,0.4425
204067,0.355
204068,0.37
204069,0.465
204070,0.4325
204071,0.49
204072,0.4225
204073,0.4725
204074,0.47
204075,0.4025
204076,0.525
204077,0.56
204078,0.4975
204079,0.51
204080,0.4325
204081,0.655
204082,0.5425
204083,0.595
204084,0.3925
204085,0.505
204086,0.5325
204087,0.4625
204088,0.385
204089,0.5125
204090,0.3875
204091,0.4075
204092,0.4325
204093,0.47
204094,0.565
204095,0.465
204096,0.4825
204097,0.52
204098,0.43
204099,0.5625
204100,0.525
204101,0.47
204102,0.455
204103,0.62
204104,0.4075
204105,0.325
204106,0.405
204107,0.4875
204108,0.575
204109,0.405
204110,0.5
204111,0.4825
204112,0.53
204113,0.6325
204114,0.32
204115,0.5525
204116,0.4225
204117,0.5075
204118,0.42
204119,0.5725
204120,0.44
204121,0.515
204122,0.415
204123,0.435
204124,0.565
204125,0.4325
204126,0.515
204127,0.425
204128,0.555
204129,0.5725
204130,0.5475
204131,0.4
204132,0.5125
204133,0.415
204134,0.385
204135,0.3975
204136,0.49
204137,0.465
204138,0.4625
204139,0.5775
204140,0.45
204141,0.555
204142,0.5025
204143,0.43
204144,0.3625
204145,0.4425
204146,0.45
204147,0.57
204148,0.505
204149,0.495
204150,0.45
204151,0.49
204152,0.43
204153,0.5225
204154,0.425
204155,0.435
204156,0.535
204157,0.48
204158,0.5075
204159,0.525
204160,0.515
204161,0.435
204162,0.3825
204163,0.4425
204164,0.4575
204165,0.495
204166,0.47
204167,0.47
204168,0.4975
204169,0.3875
204170,0.5
204171,0.485
204172,0.465
204173,0.5275
204174,0.375
204175,0.425
204176,0.3725
204177,0.3725
204178,0.64
204179,0.5525
204180,0.45
204181,0.395
204182,0.555
204183,0.425
204184,0.4575
204185,0.4975
204186,0.465
204187,0.4125
204188,0.3875
204189,0.4875
204190,0.505
204191,0.5075
204192,0.5075
204193,0.6225
204194,0.545
204195,0.3925
204196,0.4525
204197,0.475
204198,0.4575
204199,0.335
204200,0.535
204201,0.3775
204202,0.5075
204203,0.44
204204,0.45
204205,0.4125
204206,0.56
204207,0.405
204208,0.5875
204209,0.385
204210,0.48
204211,0.3925
204212,0.5925
204213,0.5275
204214,0.47
204215,0.5475
204216,0.5575
204217,0.3075
204218,0.525
204219,0.4875
204220,0.4975
204221,0.525
204222,0.5375
204223,0.315
204224,0.6
204225,0.42
204226,0.5175
204227,0.6075
204228,0.4875
204229,0.415
204230,0.4925
204231,0.48
204232,0.4125
204233,0.5275
204234,0.495
204235,0.36
204236,0.4125
204237,0.4475
204238,0.3675
204239,0.59
204240,0.405
204241,0.49
204242,0.535
204243,0.485
204244,0.535
204245,0.46
204246,0.4875
204247,0.46
204248,0.3375
204249,0.5275
204250,0.5125
204251,0.43
204252,0.5
204253,0.38
204254,0.405
204255,0.35
204256,0.375
204257,0.4275
204258,0.37
204259,0.44
204260,0.48
204261,0.455
204262,0.4475
204263,0.435
204264,0.4375
204265,0.4975
204266,0.41
204267,0.49
204268,0.5225
204269,0.4475
204270,0.43
204271,0.4875
204272,0.49
204273,0.47
204274,0.485
204275,0.515
204276,0.5025
204277,0.375
204278,0.4025
204279,0.575
204280,0.4125
204281,0.4325
204282,0.48
204283,0.4025
204284,0.4675
204285,0.505
204286,0.5925
204287,0.5
204288,0.4675
204289,0.4525
204290,0.44
204291,0.55
204292,0.4775
204293,0.4075
204294,0.45
204295,0.4375
204296,0.525
204297,0.42
204298,0.4875
204299,0.5025
204300,0.4825
204301,0.4175
204302,0.37
204303,0.455
204304,0.4625
204305,0.3975
204306,0.4925
204307,0.47
204308,0.47
204309,0.4425
204310,0.4925
204311,0.55
204312,0.45
204313,0.56
204314,0.37
204315,0.405
204316,0.5825
204317,0.375
204318,0.4025
204319,0.615
204320,0.37
204321,0.36
204322,0.4975
204323,0.5425
204324,0.4975
204325,0.625
204326,0.4275
204327,0.49
204328,0.5025
204329,0.41
204330,0.4375
204331,0.4525
204332,0.5525
204333,0.5125
204334,0.365
204335,0.4775
204336,0.465
204337,0.565
204338,0.35
204339,0.4675
204340,0.43
204341,0.345
204342,0.4925
204343,0.4875
204344,0.4625
204345,0.4625
204346,0.4825
204347,0.4025
204348,0.4925
204349,0.465
204350,0.4175
204351,0.4275
204352,0.4275
204353,0.39
204354,0.465
204355,0.3025
204356,0.44
204357,0.465
204358,0.6
204359,0.4875
204360,0.3925
204361,0.3525
204362,0.45
204363,0.5225
204364,0.5175
204365,0.405
204366,0.4525
204367,0.5225
204368,0.4625
204369,0.5
204370,0.485
204371,0.4425
204372,0.5825
204373,0.4425
204374,0.4325
204375,0.555
204376,0.425
204377,0.615
204378,0.4475
204379,0.5175
204380,0.48
204381,0.47
204382,0.525
204383,0.5175
204384,0.375
204385,0.49
204386,0.51
204387,0.4025
204388,0.695
204389,0.42
204390,0.485
204391,0.5575
204392,0.4625
204393,0.5125
204394,0.4575
204395,0.49
204396,0.4775
204397,0.3875
204398,0.3925
204399,0.43
204400,0.575
204401,0.485
204402,0.5
204403,0.495
204404,0.36
204405,0.4825
204406,0.44
204407,0.515
204408,0.42
204409,0.5025
204410,0.4425
204411,0.3925
204412,0.4725
204413,0.4675
204414,0.445
204415,0.4675
204416,0.4025
204417,0.5325
204418,0.475
204419,0.3925
204420,0.4975
204421,0.505
204422,0.455
204423,0.475
204424,0.4075
204425,0.4525
204426,0.4825
204427,0.4775
204428,0.4375
204429,0.4125
204430,0.45
204431,0.4925
204432,0.625
204433,0.35
204434,0.5175
204435,0.4475
204436,0.565
204437,0.3975
204438,0.4625
204439,0.61
204440,0.4225
204441,0.47
204442,0.47
204443,0.445
204444,0.4475
204445,0.49
204446,0.3525
204447,0.36
204448,0.37
204449,0.4475
204450,0.445
204451,0.4075
204452,0.455
204453,0.4775
204454,0.4
204455,0.3725
204456,0.59
204457,0.39
204458,0.45
204459,0.465
204460,0.4575
204461,0.435
204462,0.4775
204463,0.4175
204464,0.3875
204465,0.54
204466,0.5
204467,0.485
204468,0.325
204469,0.34
204470,0.46
204471,0.435
204472,0.415
204473,0.4725
204474,0.51
204475,0.475
204476,0.375
204477,0.57
204478,0.36
204479,0.3925
204480,0.4025
204481,0.5
204482,0.5475
204483,0.56
204484,0.4525
204485,0.3975
204486,0.4725
204487,0.375
204488,0.4925
204489,0.47
204490,0.505
204491,0.53
204492,0.415
204493,0.4075
204494,0.5575
204495,0.44
204496,0.4175
204497,0.695
204498,0.4425
204499,0.56
204500,0.345
204501,0.53
204502,0.49
204503,0.4625
204504,0.4525
204505,0.4225
204506,0.5175
204507,0.6775
204508,0.64
204509,0.3875
204510,0.3975
204511,0.545
204512,0.5125
204513,0.5075
204514,0.485
204515,0.525
204516,0.505
204517,0.44
204518,0.57
204519,0.47
204520,0.5275
204521,0.4275
204522,0.4275
204523,0.48
204524,0.4325
204525,0.4875
204526,0.465
204527,0.3575
204528,0.5925
204529,0.415
204530,0.54
204531,0.3825
204532,0.4325
204533,0.4775
204534,0.3275
204535,0.385
204536,0.3375
204537,0.5225
204538,0.555
204539,0.4525
204540,0.3875
204541,0.5075
204542,0.4425
204543,0.48
204544,0.5
204545,0.4475
204546,0.56
204547,0.5025
204548,0.445
204549,0.5075
204550,0.4525
204551,0.415
204552,0.4375
204553,0.54
204554,0.4575
204555,0.495
204556,0.53
204557,0.415
204558,0.46
204559,0.475
204560,0.55
204561,0.4725
204562,0.4425
204563,0.51
204564,0.39
204565,0.4975
204566,0.3375
204567,0.5325
204568,0.4075
204569,0.3875
204570,0.3975
204571,0.445
204572,0.47
204573,0.4425
204574,0.4825
204575,0.5475
204576,0.465
204577,0.34
204578,0.375
204579,0.465
204580,0.51
204581,0.495
204582,0.5575
204583,0.4075
204584,0.535
204585,0.4775
204586,0.455
204587,0.4325
204588,0.3975
204589,0.4225
204590,0.43
204591,0.4525
204592,0.415
204593,0.4375
204594,0.4
204595,0.3975
204596,0.47
204597,0.5
204598,0.495
204599,0.4825
204600,0.605
204601,0.4075
204602,0.44
204603,0.3975
204604,0.4375
204605,0.4575
204606,0.405
204607,0.4175
204608,0.41
204609,0.4375
204610,0.425
204611,0.51
204612,0.3825
204613,0.3775
204614,0.4775
204615,0.58
204616,0.6425
204617,0.5275
204618,0.56
204619,0.53
204620,0.5175
204621,0.5525
204622,0.5225
204623,0.4925
204624,0.475
204625,0.4025
204626,0.4725
204627,0.51
204628,0.4725
204629,0.555
204630,0.5675
204631,0.37
204632,0.61
204633,0.4875
204634,0.4775
204635,0.4975
204636,0.485
204637,0.595
204638,0.585
204639,0.5275
204640,0.325
204641,0.585
204642,0.435
204643,0.435
204644,0.4475
204645,0.465
204646,0.48
204647,0.475
204648,0.505
204649,0.49
204650,0.3775
204651,0.58
204652,0.44
204653,0.5175
204654,0.5525
204655,0.4975
204656,0.485
204657,0.4625
204658,0.4175
204659,0.5625
204660,0.5125
204661,0.41
204662,0.4425
204663,0.52
204664,0.5175
204665,0.4425
204666,0.4625
204667,0.3925
204668,0.5125
204669,0.6175
204670,0.385
204671,0.435
204672,0.4425
204673,0.42
204674,0.4575
204675,0.485
204676,0.3625
204677,0.425
204678,0.4575
204679,0.515
204680,0.465
204681,0.47
204682,0.425
204683,0.4075
204684,0.45
204685,0.405
204686,0.49
204687,0.455
204688,0.435
204689,0.5425
204690,0.3975
204691,0.4
204692,0.5175
204693,0.575
204694,0.49
204695,0.41
204696,0.41
204697,0.4675
204698,0.4575
204699,0.455
204700,0.32
204701,0.495
204702,0.415
204703,0.3325
204704,0.5275
204705,0.465
204706,0.405
204707,0.3825
204708,0.56
204709,0.41
204710,0.485
204711,0.5175
204712,0.42
204713,0.45
204714,0.4575
204715,0.3375
204716,0.305
204717,0.4875
204718,0.51
204719,0.44
204720,0.415
204721,0.4325
204722,0.525
204723,0.4575
204724,0.38
204725,0.565
204726,0.3875
204727,0.4725
204728,0.4425
204729,0.4775
204730,0.415
204731,0.46
204732,0.395
204733,0.495
204734,0.4175
204735,0.4575
204736,0.6975
204737,0.495
204738,0.385
204739,0.5925
204740,0.4125
204741,0.46
204742,0.515
204743,0.6375
204744,0.46
204745,0.5025
204746,0.4725
204747,0.3625
204748,0.5125
204749,0.4325
204750,0.365
204751,0.55
204752,0.565
204753,0.5225
204754,0.4475
204755,0.4675
204756,0.3125
204757,0.49
204758,0.4725
204759,0.3475
204760,0.405
204761,0.515
204762,0.44
204763,0.2475
204764,0.4775
204765,0.475
204766,0.4825
204767,0.445
204768,0.5175
204769,0.4925
204770,0.55
204771,0.43
204772,0.5075
204773,0.48
204774,0.405
204775,0.315
204776,0.58
204777,0.4125
204778,0.56
204779,0.485
204780,0.465
204781,0.535
204782,0.5075
204783,0.41
204784,0.4425
204785,0.365
204786,0.32
204787,0.555
204788,0.48
204789,0.4275
204790,0.5525
204791,0.455
204792,0.5175
204793,0.48
204794,0.4975
204795,0.6125
204796,0.5625
204797,0.495
204798,0.47
204799,0.3375
204800,0.5
204801,0.5425
204802,0.5875
204803,0.4575
204804,0.5125
204805,0.3825
204806,0.4275
204807,0.51
204808,0.4425
204809,0.4425
204810,0.5275
204811,0.4425
204812,0.475
204813,0.44
204814,0.59
204815,0.5375
204816,0.435
204817,0.405
204818,0.4675
204819,0.4875
204820,0.5125
204821,0.4575
204822,0.435
204823,0.5875
204824,0.4925
204825,0.5075
204826,0.4975
204827,0.555
204828,0.5075
204829,0.4975
204830,0.535
204831,0.505
204832,0.6125
204833,0.4625
204834,0.495
204835,0.5175
204836,0.56
204837,0.6075
204838,0.5625
204839,0.5275
204840,0.345
204841,0.3975
204842,0.38
204843,0.34
204844,0.3175
204845,0.465
204846,0.5375
204847,0.475
204848,0.44
204849,0.5175
204850,0.435
204851,0.4325
204852,0.3725
204853,0.485
204854,0.455
204855,0.3875
204856,0.5325
204857,0.56
204858,0.3425
204859,0.5025
204860,0.49
204861,0.4775
204862,0.52
204863,0.525
204864,0.39
204865,0.555
204866,0.49
204867,0.315
204868,0.5825
204869,0.4825
204870,0.465
204871,0.5075
204872,0.5575
204873,0.3975
204874,0.45
204875,0.43
204876,0.46
204877,0.3575
204878,0.505
204879,0.4275
204880,0.52
204881,0.37
204882,0.34
204883,0.465
204884,0.45
204885,0.5325
204886,0.4325
204887,0.5675
204888,0.42
204889,0.38
204890,0.5775
204891,0.4625
204892,0.395
204893,0.56
204894,0.4325
204895,0.48
204896,0.55
204897,0.3575
204898,0.4175
204899,0.375
204900,0.3825
204901,0.365
204902,0.48
204903,0.4875
204904,0.57
204905,0.3975
204906,0.515
204907,0.415
204908,0.515
204909,0.44
204910,0.485
204911,0.615
204912,0.605
204913,0.575
204914,0.53
204915,0.4075
204916,0.525
204917,0.4925
204918,0.3675
204919,0.4
204920,0.3975
204921,0.495
204922,0.505
204923,0.5725
204924,0.4675
204925,0.5
204926,0.485
204927,0.5975
204928,0.51
204929,0.4275
204930,0.355
204931,0.375
204932,0.4625
204933,0.46
204934,0.4675
204935,0.38
204936,0.3775
204937,0.485
204938,0.45
204939,0.515
204940,0.5325
204941,0.3375
204942,0.6075
204943,0.3975
204944,0.3475
204945,0.485
204946,0.3875
204947,0.465
204948,0.44
204949,0.48
204950,0.4575
204951,0.5325
204952,0.4925
204953,0.5475
204954,0.45
204955,0.4575
204956,0.485
204957,0.49
204958,0.47
204959,0.435
204960,0.4625
204961,0.4925
204962,0.385
204963,0.4025
204964,0.4775
204965,0.5925
204966,0.42
204967,0.395
204968,0.445
204969,0.4025
204970,0.455
204971,0.665
204972,0.6775
204973,0.4525
204974,0.51
204975,0.3675
204976,0.475
204977,0.425
204978,0.5725
204979,0.405
204980,0.445
204981,0.4725
204982,0.3875
204983,0.5
204984,0.3425
204985,0.545
204986,0.505
204987,0.5025
204988,0.345
204989,0.4775
204990,0.3825
204991,0.495
204992,0.65
204993,0.5075
204994,0.345
204995,0.5
204996,0.5125
204997,0.455
204998,0.4425
204999,0.45
205000,0.4475
205001,0.455
205002,0.5175
205003,0.57
205004,0.4875
205005,0.495
205006,0.395
205007,0.485
205008,0.4775
205009,0.565
205010,0.52
205011,0.3925
205012,0.38
205013,0.5725
205014,0.48
205015,0.5275
205016,0.5125
205017,0.545
205018,0.4725
205019,0.55
205020,0.45
205021,0.4375
205022,0.5725
205023,0.52
205024,0.415
205025,0.56
205026,0.415
205027,0.41
205028,0.455
205029,0.4525
205030,0.415
205031,0.635
205032,0.4075
205033,0.505
205034,0.4275
205035,0.4675
205036,0.4225
205037,0.3375
205038,0.3775
205039,0.4225
205040,0.5325
205041,0.5125
205042,0.5075
205043,0.4325
205044,0.555
205045,0.47
205046,0.485
205047,0.445
205048,0.5725
205049,0.4725
205050,0.5875
205051,0.425
205052,0.495
205053,0.5175
205054,0.545
205055,0.5475
205056,0.42
205057,0.4775
205058,0.445
205059,0.595
205060,0.5375
205061,0.495
205062,0.5925
205063,0.4025
205064,0.38
205065,0.4475
205066,0.4125
205067,0.525
205068,0.5175
205069,0.5025
205070,0.4575
205071,0.39
205072,0.4225
205073,0.535
205074,0.52
205075,0.475
205076,0.54
205077,0.3675
205078,0.57
205079,0.465
205080,0.4575
205081,0.34
205082,0.46
205083,0.63
205084,0.465
205085,0.65
205086,0.3975
205087,0.4425
205088,0.46
205089,0.395
205090,0.3375
205091,0.3775
205092,0.5
205093,0.5125
205094,0.44
205095,0.435
205096,0.52
205097,0.515
205098,0.4825
205099,0.46
205100,0.5275
205101,0.4775
205102,0.42
205103,0.5375
205104,0.4075
205105,0.515
205106,0.565
205107,0.4825
205108,0.4475
205109,0.525
205110,0.43
205111,0.3525
205112,0.5075
205113,0.595
205114,0.4
205115,0.64
205116,0.46
205117,0.405
205118,0.4375
205119,0.42
205120,0.475
205121,0.6325
205122,0.5025
205123,0.4625
205124,0.5175
205125,0.5025
205126,0.3775
205127,0.545
205128,0.5325
205129,0.515
205130,0.39
205131,0.515
205132,0.485
205133,0.465
205134,0.4675
205135,0.455
205136,0.4925
205137,0.405
205138,0.4575
205139,0.5225
205140,0.53
205141,0.3775
205142,0.505
205143,0.6025
205144,0.4825
205145,0.4025
205146,0.4975
205147,0.5475
205148,0.42
205149,0.445
205150,0.3975
205151,0.67
205152,0.525
205153,0.385
205154,0.365
205155,0.5
205156,0.465
205157,0.385
205158,0.345
205159,0.4975
205160,0.555
205161,0.355
205162,0.46
205163,0.6075
205164,0.4025
205165,0.4425
205166,0.5325
205167,0.3375
205168,0.5625
205169,0.48
205170,0.41
205171,0.485
205172,0.3825
205173,0.3775
205174,0.4225
205175,0.595
205176,0.3675
205177,0.3775
205178,0.57
205179,0.6025
205180,0.605
205181,0.37
205182,0.5425
205183,0.4125
205184,0.4
205185,0.365
205186,0.5325
205187,0.4775
205188,0.565
205189,0.4925
205190,0.4975
205191,0.695
205192,0.4225
205193,0.58
205194,0.5225
205195,0.5025
205196,0.5275
205197,0.545
205198,0.4725
205199,0.4775
205200,0.57
205201,0.3425
205202,0.3875
205203,0.49
205204,0.54
205205,0.44
205206,0.4525
205207,0.5775
205208,0.32
205209,0.405
205210,0.4575
205211,0.4175
205212,0.5525
205213,0.475
205214,0.375
205215,0.4025
205216,0.4025
205217,0.3975
205218,0.435
205219,0.43
205220,0.3975
205221,0.4575
205222,0.53
205223,0.5025
205224,0.5575
205225,0.48
205226,0.58
205227,0.48
205228,0.4025
205229,0.485
205230,0.5025
205231,0.5225
205232,0.375
205233,0.655
205234,0.5725
205235,0.44
205236,0.4225
205237,0.585
205238,0.3925
205239,0.3225
205240,0.545
205241,0.535
205242,0.495
205243,0.5025
205244,0.4325
205245,0.3875
205246,0.37
205247,0.545
205248,0.38
205249,0.4425
205250,0.3725
205251,0.545
205252,0.445
205253,0.47
205254,0.5875
205255,0.6475
205256,0.4875
205257,0.4225
205258,0.415
205259,0.505
205260,0.55
205261,0.455
205262,0.56
205263,0.3325
205264,0.4025
205265,0.3925
205266,0.535
205267,0.5075
205268,0.4025
205269,0.415
205270,0.525
205271,0.475
205272,0.49
205273,0.39
205274,0.4925
205275,0.51
205276,0.5325
205277,0.4975
205278,0.405
205279,0.5225
205280,0.515
205281,0.48
205282,0.3875
205283,0.505
205284,0.4875
205285,0.3925
205286,0.46
205287,0.5175
205288,0.31
205289,0.44
205290,0.5025
205291,0.4875
205292,0.4525
205293,0.4625
205294,0.4725
205295,0.5025
205296,0.4675
205297,0.505
205298,0.5175
205299,0.4875
205300,0.4725
205301,0.5175
205302,0.605
205303,0.5175
205304,0.48
205305,0.3825
205306,0.67
205307,0.4875
205308,0.4925
205309,0.4625
205310,0.4775
205311,0.465
205312,0.4925
205313,0.575
205314,0.34
205315,0.545
205316,0.5
205317,0.5725
205318,0.375
205319,0.4
205320,0.4725
205321,0.435
205322,0.4525
205323,0.405
205324,0.4625
205325,0.4125
205326,0.345
205327,0.4125
205328,0.5425
205329,0.45
205330,0.415
205331,0.575
205332,0.39
205333,0.4425
205334,0.58
205335,0.5475
205336,0.51
205337,0.5825
205338,0.44
205339,0.695
205340,0.565
205341,0.4125
205342,0.495
205343,0.455
205344,0.4225
205345,0.495
205346,0.36
205347,0.4325
205348,0.5725
205349,0.4625
205350,0.4275
205351,0.5125
205352,0.5
205353,0.37
205354,0.475
205355,0.44
205356,0.475
205357,0.4
205358,0.39
205359,0.485
205360,0.5025
205361,0.5175
205362,0.5175
205363,0.405
205364,0.3975
205365,0.525
205366,0.4925
205367,0.4
205368,0.41
205369,0.44
205370,0.5125
205371,0.5
205372,0.4425
205373,0.4725
205374,0.4425
205375,0.5425
205376,0.51
205377,0.5675
205378,0.3025
205379,0.4325
205380,0.385
205381,0.4325
205382,0.43
205383,0.52
205384,0.4625
205385,0.5125
205386,0.4375
205387,0.3175
205388,0.49
205389,0.475
205390,0.5025
205391,0.3875
205392,0.52
205393,0.5275
205394,0.4925
205395,0.46
205396,0.625
205397,0.61
205398,0.4375
205399,0.59
205400,0.3675
205401,0.455
205402,0.3725
205403,0.4925
205404,0.3375
205405,0.4625
205406,0.39
205407,0.495
205408,0.53
205409,0.395
205410,0.455
205411,0.535
205412,0.44
205413,0.4625
205414,0.5325
205415,0.6425
205416,0.445
205417,0.43
205418,0.375
205419,0.4025
205420,0.48
205421,0.4725
205422,0.485
205423,0.525
205424,0.5025
205425,0.535
205426,0.3575
205427,0.495
205428,0.555
205429,0.57
205430,0.4875
205431,0.4875
205432,0.5375
205433,0.2425
205434,0.53
205435,0.395
205436,0.4675
205437,0.4775
205438,0.5025
205439,0.5175
205440,0.5175
205441,0.4625
205442,0.495
205443,0.4225
205444,0.44
205445,0.5325
205446,0.45
205447,0.4725
205448,0.5
205449,0.515
205450,0.5875
205451,0.5125
205452,0.465
205453,0.4675
205454,0.54
205455,0.5425
205456,0.515
205457,0.4275
205458,0.5125
205459,0.485
205460,0.48
205461,0.46
205462,0.6475
205463,0.4975
205464,0.365
205465,0.4625
205466,0.455
205467,0.3925
205468,0.385
205469,0.52
205470,0.67
205471,0.63
205472,0.43
205473,0.4925
205474,0.53
205475,0.4375
205476,0.42
205477,0.4575
205478,0.3525
205479,0.475
205480,0.49
205481,0.6325
205482,0.5775
205483,0.425
205484,0.3525
205485,0.68
205486,0.475
205487,0.505
205488,0.4675
205489,0.4175
205490,0.3875
205491,0.5325
205492,0.4675
205493,0.3975
205494,0.4
205495,0.3425
205496,0.4725
205497,0.465
205498,0.395
205499,0.4875
205500,0.42
205501,0.4275
205502,0.3975
205503,0.37
205504,0.4725
205505,0.435
205506,0.36
205507,0.5325
205508,0.54
205509,0.475
205510,0.4475
205511,0.5125
205512,0.5
205513,0.5775
205514,0.4275
205515,0.5275
205516,0.455
205517,0.4425
205518,0.56
205519,0.5175
205520,0.5375
205521,0.3975
205522,0.4425
205523,0.4425
205524,0.4525
205525,0.475
205526,0.5275
205527,0.4625
205528,0.52
205529,0.4375
205530,0.415
205531,0.51
205532,0.365
205533,0.3025
205534,0.4675
205535,0.3825
205536,0.5575
205537,0.5
205538,0.5125
205539,0.475
205540,0.3875
205541,0.5825
205542,0.505
205543,0.4575
205544,0.4375
205545,0.645
205546,0.4875
205547,0.4775
205548,0.525
205549,0.4975
205550,0.505
205551,0.47
205552,0.5475
205553,0.4925
205554,0.5725
205555,0.5
205556,0.4175
205557,0.5175
205558,0.48
205559,0.4875
205560,0.48
205561,0.595
205562,0.5025
205563,0.32
205564,0.425
205565,0.6125
205566,0.51
205567,0.365
205568,0.5375
205569,0.3475
205570,0.5325
205571,0.5575
205572,0.475
205573,0.4575
205574,0.535
205575,0.435
205576,0.4975
205577,0.445
205578,0.45
205579,0.435
205580,0.4075
205581,0.4325
205582,0.4375
205583,0.4975
205584,0.4675
205585,0.5675
205586,0.445
205587,0.455
205588,0.555
205589,0.485
205590,0.445
205591,0.4725
205592,0.37
205593,0.4675
205594,0.555
205595,0.4325
205596,0.3325
205597,0.5275
205598,0.545
205599,0.4325
205600,0.415
205601,0.3625
205602,0.45
205603,0.545
205604,0.46
205605,0.7
205606,0.655
205607,0.4525
205608,0.4825
205609,0.5175
205610,0.5075
205611,0.37
205612,0.565
205613,0.3775
205614,0.405
205615,0.515
205616,0.51
205617,0.6
205618,0.505
205619,0.405
205620,0.49
205621,0.4425
205622,0.41
205623,0.51
205624,0.475
205625,0.575
205626,0.4925
205627,0.4125
205628,0.4875
205629,0.495
205630,0.7175
205631,0.585
205632,0.46
205633,0.375
205634,0.3475
205635,0.4575
205636,0.4975
205637,0.57
205638,0.5375
205639,0.5325
205640,0.505
205641,0.3925
205642,0.3675
205643,0.4425
205644,0.47
205645,0.5175
205646,0.42
205647,0.5375
205648,0.5175
205649,0.555
205650,0.5275
205651,0.425
205652,0.3975
205653,0.515
205654,0.5275
205655,0.495
205656,0.415
205657,0.485
205658,0.43
205659,0.445
205660,0.445
205661,0.4
205662,0.4625
205663,0.455
205664,0.4675
205665,0.5025
205666,0.4325
205667,0.48
205668,0.495
205669,0.4375
205670,0.3975
205671,0.4025
205672,0.4875
205673,0.3575
205674,0.4725
205675,0.45
205676,0.5075
205677,0.4825
205678,0.5075
205679,0.495
205680,0.4625
205681,0.3925
205682,0.5
205683,0.4625
205684,0.4825
205685,0.515
205686,0.38
205687,0.4175
205688,0.4175
205689,0.3325
205690,0.485
205691,0.335
205692,0.525
205693,0.4125
205694,0.5075
205695,0.5225
205696,0.625
205697,0.5725
205698,0.47
205699,0.4475
205700,0.3375
205701,0.48
205702,0.5275
205703,0.49
205704,0.455
205705,0.49
205706,0.48
205707,0.3825
205708,0.4475
205709,0.405
205710,0.4325
205711,0.46
205712,0.48
205713,0.545
205714,0.3725
205715,0.4325
205716,0.5125
205717,0.42
205718,0.4825
205719,0.49
205720,0.4625
205721,0.4875
205722,0.3425
205723,0.4575
205724,0.565
205725,0.47
205726,0.44
205727,0.44
205728,0.525
205729,0.5
205730,0.5075
205731,0.5625
205732,0.465
205733,0.505
205734,0.51
205735,0.545
205736,0.37
205737,0.345
205738,0.49
205739,0.425
205740,0.55
205741,0.5975
205742,0.3475
205743,0.425
205744,0.5975
205745,0.485
205746,0.655
205747,0.52
205748,0.6225
205749,0.4325
205750,0.505
205751,0.4775
205752,0.4575
205753,0.4375
205754,0.4975
205755,0.3675
205756,0.5325
205757,0.5175
205758,0.3325
205759,0.5675
205760,0.4825
205761,0.5025
205762,0.4
205763,0.5225
205764,0.4675
205765,0.5
205766,0.46
205767,0.495
205768,0.5325
205769,0.5
205770,0.4975
205771,0.4575
205772,0.355
205773,0.4975
205774,0.4925
205775,0.525
205776,0.4875
205777,0.4925
205778,0.4675
205779,0.4825
205780,0.5075
205781,0.5
205782,0.5625
205783,0.47
205784,0.4525
205785,0.5025
205786,0.3325
205787,0.5175
205788,0.39
205789,0.5275
205790,0.545
205791,0.5375
205792,0.44
205793,0.36
205794,0.49
205795,0.575
205796,0.47
205797,0.5175
205798,0.445
205799,0.495
205800,0.49
205801,0.49
205802,0.645
205803,0.44
205804,0.4
205805,0.5
205806,0.5
205807,0.4875
205808,0.4725
205809,0.5025
205810,0.49
205811,0.47
205812,0.4325
205813,0.4525
205814,0.4575
205815,0.3925
205816,0.3825
205817,0.4725
205818,0.625
205819,0.4975
205820,0.485
205821,0.5175
205822,0.4875
205823,0.49
205824,0.5425
205825,0.4225
205826,0.4625
205827,0.4275
205828,0.5225
205829,0.4975
205830,0.4825
205831,0.5975
205832,0.5375
205833,0.5
205834,0.4475
205835,0.5325
205836,0.5325
205837,0.4575
205838,0.4775
205839,0.415
205840,0.51
205841,0.43
205842,0.5225
205843,0.5025
205844,0.49
205845,0.3925
205846,0.49
205847,0.4925
205848,0.405
205849,0.4325
205850,0.475
205851,0.5925
205852,0.4375
205853,0.4975
205854,0.415
205855,0.4625
205856,0.5
205857,0.445
205858,0.445
205859,0.4525
205860,0.4725
205861,0.315
205862,0.59
205863,0.52
205864,0.505
205865,0.4925
205866,0.5125
205867,0.295
205868,0.4925
205869,0.5025
205870,0.41
205871,0.5625
205872,0.47
205873,0.3675
205874,0.4875
205875,0.4775
205876,0.4875
205877,0.4825
205878,0.435
205879,0.4875
205880,0.575
205881,0.5175
205882,0.49
205883,0.5225
205884,0.4325
205885,0.57
205886,0.4625
205887,0.5025
205888,0.39
205889,0.48
205890,0.4625
205891,0.505
205892,0.5175
205893,0.505
205894,0.4775
205895,0.4475
205896,0.4225
205897,0.4375
205898,0.475
205899,0.5125
205900,0.665
205901,0.475
205902,0.455
205903,0.5325
205904,0.415
205905,0.51
205906,0.48
205907,0.48
205908,0.51
205909,0.4775
205910,0.425
205911,0.525
205912,0.4025
205913,0.5525
205914,0.5625
205915,0.4875
205916,0.4625
205917,0.505
205918,0.4975
205919,0.5625
205920,0.56
205921,0.48
205922,0.4725
205923,0.4525
205924,0.475
205925,0.485
205926,0.4825
205927,0.51
205928,0.4925
205929,0.54
205930,0.5025
205931,0.44
205932,0.545
205933,0.505
205934,0.4175
205935,0.525
205936,0.5
205937,0.5325
205938,0.4725
205939,0.4375
205940,0.48
205941,0.4925
205942,0.4225
205943,0.3325
205944,0.435
205945,0.46
205946,0.5175
205947,0.5275
205948,0.4775
205949,0.385
205950,0.475
205951,0.4225
205952,0.5225
205953,0.425
205954,0.51
205955,0.54
205956,0.3875
205957,0.4825
205958,0.405
205959,0.4775
205960,0.4
205961,0.575
205962,0.4825
205963,0.4675
205964,0.4475
205965,0.44
205966,0.3875
205967,0.46
205968,0.4975
205969,0.435
205970,0.32
205971,0.4725
205972,0.49
205973,0.445
205974,0.385
205975,0.4975
205976,0.3425
205977,0.5
205978,0.53
205979,0.51
205980,0.555
205981,0.4775
205982,0.6925
205983,0.36
205984,0.55
205985,0.3875
205986,0.47
205987,0.56
205988,0.5075
205989,0.46
205990,0.53
205991,0.4975
205992,0.565
205993,0.355
205994,0.49
205995,0.6675
205996,0.53
205997,0.5375
205998,0.5375
205999,0.4725
206000,0.47
206001,0.555
206002,0.3725
206003,0.55
206004,0.46
206005,0.5075
206006,0.5525
206007,0.4875
206008,0.5225
206009,0.4825
206010,0.5175
206011,0.48
206012,0.63
206013,0.48
206014,0.3375
206015,0.43
206016,0.525
206017,0.6475
206018,0.44
206019,0.5725
206020,0.5175
206021,0.47
206022,0.3775
206023,0.705
206024,0.695
206025,0.54
206026,0.335
206027,0.5075
206028,0.485
206029,0.4825
206030,0.4825
206031,0.565
206032,0.4875
206033,0.39
206034,0.3725
206035,0.4575
206036,0.4775
206037,0.47
206038,0.4175
206039,0.4375
206040,0.5
206041,0.4375
206042,0.425
206043,0.5075
206044,0.4575
206045,0.4875
206046,0.37
206047,0.48
206048,0.53
206049,0.35
206050,0.4275
206051,0.46
206052,0.5225
206053,0.4625
206054,0.385
206055,0.395
206056,0.49
206057,0.4425
206058,0.57
206059,0.35
206060,0.3875
206061,0.5375
206062,0.375
206063,0.5175
206064,0.4425
206065,0.4
206066,0.475
206067,0.48
206068,0.4075
206069,0.5925
206070,0.4375
206071,0.3875
206072,0.3725
206073,0.3975
206074,0.4675
206075,0.53
206076,0.35
206077,0.4925
206078,0.38
206079,0.37
206080,0.4825
206081,0.44
206082,0.3475
206083,0.415
206084,0.2975
206085,0.5025
206086,0.44
206087,0.415
206088,0.4625
206089,0.4375
206090,0.4625
206091,0.62
206092,0.475
206093,0.38
206094,0.515
206095,0.39
206096,0.55
206097,0.485
206098,0.5275
206099,0.4475
206100,0.2975
206101,0.485
206102,0.43
206103,0.39
206104,0.55
206105,0.48
206106,0.44
206107,0.4525
206108,0.5675
206109,0.3975
206110,0.46
206111,0.505
206112,0.6025
206113,0.335
206114,0.3825
206115,0.465
206116,0.3925
206117,0.5025
206118,0.5075
206119,0.335
206120,0.6625
206121,0.415
206122,0.46
206123,0.4775
206124,0.4425
206125,0.535
206126,0.47
206127,0.405
206128,0.435
206129,0.4725
206130,0.46
206131,0.49
206132,0.5025
206133,0.6675
206134,0.4125
206135,0.42
206136,0.37
206137,0.4825
206138,0.5225
206139,0.3525
206140,0.405
206141,0.45
206142,0.4475
206143,0.545
206144,0.665
206145,0.4275
206146,0.5275
206147,0.45
206148,0.6175
206149,0.2725
206150,0.5425
206151,0.5675
206152,0.3775
206153,0.415
206154,0.5175
206155,0.2925
206156,0.45
206157,0.46
206158,0.425
206159,0.5225
206160,0.6675
206161,0.4925
206162,0.47
206163,0.595
206164,0.5175
206165,0.485
206166,0.3475
206167,0.3875
206168,0.5125
206169,0.43
206170,0.4525
206171,0.3925
206172,0.37
206173,0.535
206174,0.5075
206175,0.5975
206176,0.5325
206177,0.49
206178,0.4175
206179,0.39
206180,0.4225
206181,0.425
206182,0.5225
206183,0.3925
206184,0.415
206185,0.39
206186,0.5525
206187,0.465
206188,0.68
206189,0.5925
206190,0.4975
206191,0.5575
206192,0.49
206193,0.555
206194,0.5125
206195,0.5175
206196,0.335
206197,0.56
206198,0.5525
206199,0.525
206200,0.505
206201,0.3775
206202,0.5375
206203,0.535
206204,0.4825
206205,0.5375
206206,0.5225
206207,0.5175
206208,0.4725
206209,0.4725
206210,0.485
206211,0.53
206212,0.54
206213,0.465
206214,0.4575
206215,0.425
206216,0.4625
206217,0.4625
206218,0.4825
206219,0.4775
206220,0.5375
206221,0.45
206222,0.5425
206223,0.3575
206224,0.675
206225,0.4925
206226,0.5575
206227,0.5125
206228,0.5075
206229,0.56
206230,0.42
206231,0.4875
206232,0.455
206233,0.49
206234,0.49
206235,0.4925
206236,0.465
206237,0.3625
206238,0.2875
206239,0.5425
206240,0.4775
206241,0.355
206242,0.455
206243,0.465
206244,0.415
206245,0.7025
206246,0.42
206247,0.34
206248,0.3925
206249,0.41
206250,0.55
206251,0.385
206252,0.5375
206253,0.4575
206254,0.39
206255,0.52
206256,0.4075
206257,0.485
206258,0.5725
206259,0.3975
206260,0.4325
206261,0.6275
206262,0.39
206263,0.435
206264,0.5075
206265,0.4425
206266,0.7675
206267,0.4
206268,0.46
206269,0.4625
206270,0.4575
206271,0.405
206272,0.4525
206273,0.555
206274,0.5375
206275,0.5075
206276,0.45
206277,0.47
206278,0.635
206279,0.5025
206280,0.435
206281,0.76
206282,0.6775
206283,0.4975
206284,0.4
206285,0.64
206286,0.6525
206287,0.5025
206288,0.54
206289,0.64
206290,0.605
206291,0.45
206292,0.48
206293,0.495
206294,0.5125
206295,0.49
206296,0.5475
206297,0.66
206298,0.575
206299,0.65
206300,0.6325
206301,0.3325
206302,0.35
206303,0.3575
206304,0.3725
206305,0.57
206306,0.425
206307,0.48
206308,0.4975
206309,0.4225
206310,0.46
206311,0.6125
206312,0.495
206313,0.6025
206314,0.5
206315,0.4525
206316,0.3575
206317,0.3325
206318,0.56
206319,0.555
206320,0.5925
206321,0.3475
206322,0.48
206323,0.5325
206324,0.4375
206325,0.71
206326,0.5
206327,0.645
206328,0.4475
206329,0.46
206330,0.42
206331,0.455
206332,0.51
206333,0.4275
206334,0.4375
206335,0.4925
206336,0.5
206337,0.58
206338,0.44
206339,0.4825
206340,0.405
206341,0.46
206342,0.33
206343,0.525
206344,0.56
206345,0.39
206346,0.405
206347,0.595
206348,0.5425
206349,0.525
206350,0.4925
206351,0.4825
206352,0.515
206353,0.45
206354,0.5825
206355,0.4525
206356,0.375
206357,0.325
206358,0.59
206359,0.5225
206360,0.4825
206361,0.6525
206362,0.52
206363,0.315
206364,0.475
206365,0.5875
206366,0.39
206367,0.475
206368,0.3975
206369,0.4175
206370,0.6175
206371,0.41
206372,0.3475
206373,0.57
206374,0.5475
206375,0.4275
206376,0.4
206377,0.655
206378,0.555
206379,0.4475
206380,0.435
206381,0.515
206382,0.5425
206383,0.525
206384,0.63
206385,0.3925
206386,0.5
206387,0.44
206388,0.4325
206389,0.6525
206390,0.4825
206391,0.625
206392,0.48
206393,0.425
206394,0.4575
206395,0.505
206396,0.55
206397,0.5375
206398,0.45
206399,0.53
206400,0.47
206401,0.38
206402,0.48
206403,0.42
206404,0.5175
206405,0.5625
206406,0.4475
206407,0.5175
206408,0.36
206409,0.5
206410,0.3725
206411,0.55
206412,0.505
206413,0.3025
206414,0.4825
206415,0.365
206416,0.39
206417,0.54
206418,0.48
206419,0.5375
206420,0.4475
206421,0.49
206422,0.4325
206423,0.54
206424,0.4575
206425,0.385
206426,0.3825
206427,0.4375
206428,0.3825
206429,0.5225
206430,0.5
206431,0.43
206432,0.5275
206433,0.4825
206434,0.41
206435,0.41
206436,0.5175
206437,0.6325
206438,0.435
206439,0.5275
206440,0.425
206441,0.4775
206442,0.4375
206443,0.34
206444,0.4175
206445,0.52
206446,0.4525
206447,0.525
206448,0.48
206449,0.4925
206450,0.465
206451,0.4425
206452,0.35
206453,0.5075
206454,0.3525
206455,0.3925
206456,0.4775
206457,0.475
206458,0.4825
206459,0.36
206460,0.605
206461,0.495
206462,0.5275
206463,0.36
206464,0.475
206465,0.4925
206466,0.5075
206467,0.5375
206468,0.48
206469,0.64
206470,0.3925
206471,0.3575
206472,0.4775
206473,0.4325
206474,0.5625
206475,0.4925
206476,0.5125
206477,0.5325
206478,0.4975
206479,0.365
206480,0.58
206481,0.55
206482,0.4875
206483,0.395
206484,0.525
206485,0.4675
206486,0.455
206487,0.475
206488,0.45
206489,0.48
206490,0.4575
206491,0.4875
206492,0.6575
206493,0.31
206494,0.5575
206495,0.445
206496,0.4975
206497,0.57
206498,0.4825
206499,0.4025
206500,0.4375
206501,0.515
206502,0.355
206503,0.4825
206504,0.5725
206505,0.47
206506,0.46
206507,0.405
206508,0.5
206509,0.4775
206510,0.505
206511,0.49
206512,0.405
206513,0.4275
206514,0.43
206515,0.5025
206516,0.545
206517,0.48
206518,0.55
206519,0.5075
206520,0.585
206521,0.53
206522,0.4475
206523,0.4875
206524,0.5675
206525,0.5525
206526,0.3575
206527,0.3375
206528,0.36
206529,0.555
206530,0.3875
206531,0.3575
206532,0.5125
206533,0.5425
206534,0.4675
206535,0.365
206536,0.355
206537,0.555
206538,0.52
206539,0.4125
206540,0.4425
206541,0.535
206542,0.505
206543,0.4975
206544,0.505
206545,0.5675
206546,0.3725
206547,0.4625
206548,0.5125
206549,0.405
206550,0.58
206551,0.395
206552,0.5675
206553,0.4
206554,0.39
206555,0.4625
206556,0.4675
206557,0.46
206558,0.4775
206559,0.3225
206560,0.6275
206561,0.315
206562,0.54
206563,0.39
206564,0.5125
206565,0.505
206566,0.47
206567,0.38
206568,0.3275
206569,0.4925
206570,0.5425
206571,0.4775
206572,0.4875
206573,0.5675
206574,0.5375
206575,0.52
206576,0.41
206577,0.5875
206578,0.4875
206579,0.4725
206580,0.5375
206581,0.545
206582,0.475
206583,0.49
206584,0.4575
206585,0.4225
206586,0.4075
206587,0.4325
206588,0.495
206589,0.2375
206590,0.38
206591,0.36
206592,0.49
206593,0.5575
206594,0.49
206595,0.5175
206596,0.5475
206597,0.575
206598,0.6425
206599,0.3975
206600,0.2275
206601,0.5025
206602,0.3875
206603,0.4975
206604,0.47
206605,0.5025
206606,0.525
206607,0.49
206608,0.3625
206609,0.5725
206610,0.4475
206611,0.5775
206612,0.4875
206613,0.4175
206614,0.325
206615,0.55
206616,0.5
206617,0.515
206618,0.5275
206619,0.455
206620,0.37
206621,0.3825
206622,0.4675
206623,0.42
206624,0.5925
206625,0.5375
206626,0.52
206627,0.49
206628,0.58
206629,0.53
206630,0.5125
206631,0.45
206632,0.555
206633,0.64
206634,0.38
206635,0.595
206636,0.37
206637,0.3875
206638,0.5775
206639,0.5
206640,0.4325
206641,0.305
206642,0.535
206643,0.44
206644,0.3575
206645,0.475
206646,0.5175
206647,0.5325
206648,0.5325
206649,0.4725
206650,0.4425
206651,0.5175
206652,0.5425
206653,0.4975
206654,0.57
206655,0.385
206656,0.52
206657,0.4925
206658,0.5075
206659,0.4375
206660,0.395
206661,0.5325
206662,0.43
206663,0.395
206664,0.3925
206665,0.435
206666,0.5025
206667,0.525
206668,0.4975
206669,0.3525
206670,0.61
206671,0.4825
206672,0.3525
206673,0.455
206674,0.4175
206675,0.4625
206676,0.475
206677,0.4725
206678,0.4625
206679,0.5225
206680,0.56
206681,0.6075
206682,0.4525
206683,0.56
206684,0.4525
206685,0.345
206686,0.575
206687,0.555
206688,0.5075
206689,0.5
206690,0.455
206691,0.46
206692,0.48
206693,0.4725
206694,0.335
206695,0.475
206696,0.525
206697,0.6075
206698,0.355
206699,0.52
206700,0.565
206701,0.4975
206702,0.435
206703,0.515
206704,0.43
206705,0.46
206706,0.4625
206707,0.4775
206708,0.3575
206709,0.4625
206710,0.4575
206711,0.3875
206712,0.5725
206713,0.47
206714,0.49
206715,0.5175
206716,0.4025
206717,0.49
206718,0.4875
206719,0.4075
206720,0.51
206721,0.53
206722,0.41
206723,0.5075
206724,0.435
206725,0.48
206726,0.49
206727,0.4875
206728,0.4625
206729,0.4925
206730,0.4875
206731,0.3875
206732,0.56
206733,0.4725
206734,0.4375
206735,0.4775
206736,0.42
206737,0.435
206738,0.37
206739,0.48
206740,0.435
206741,0.485
206742,0.4725
206743,0.3875
206744,0.6375
206745,0.395
206746,0.43
206747,0.495
206748,0.4075
206749,0.3475
206750,0.5025
206751,0.4325
206752,0.51
206753,0.505
206754,0.51
206755,0.4025
206756,0.375
206757,0.4975
206758,0.5575
206759,0.28
206760,0.47
206761,0.4675
206762,0.57
206763,0.4725
206764,0.4725
206765,0.5075
206766,0.41
206767,0.5075
206768,0.3675
206769,0.51
206770,0.505
206771,0.46
206772,0.5625
206773,0.3375
206774,0.4975
206775,0.67
206776,0.405
206777,0.5175
206778,0.5775
206779,0.43
206780,0.465
206781,0.3275
206782,0.565
206783,0.4925
206784,0.6275
206785,0.4425
206786,0.3175
206787,0.4725
206788,0.455
206789,0.4175
206790,0.4225
206791,0.3625
206792,0.3675
206793,0.4425
206794,0.305
206795,0.5075
206796,0.55
206797,0.5875
206798,0.5225
206799,0.45
206800,0.435
206801,0.57
206802,0.485
206803,0.5175
206804,0.39
206805,0.3975
206806,0.6175
206807,0.4725
206808,0.4575
206809,0.33
206810,0.47
206811,0.615
206812,0.645
206813,0.3825
206814,0.42
206815,0.4725
206816,0.5175
206817,0.4725
206818,0.55
206819,0.4925
206820,0.4925
206821,0.565
206822,0.515
206823,0.4525
206824,0.415
206825,0.385
206826,0.5275
206827,0.5075
206828,0.5025
206829,0.4625
206830,0.3825
206831,0.5625
206832,0.4325
206833,0.5525
206834,0.5525
206835,0.5275
206836,0.335
206837,0.505
206838,0.505
206839,0.4875
206840,0.3675
206841,0.465
206842,0.4875
206843,0.4925
206844,0.47
206845,0.5375
206846,0.5
206847,0.5125
206848,0.445
206849,0.5225
206850,0.4125
206851,0.3025
206852,0.4375
206853,0.5325
206854,0.5075
206855,0.6125
206856,0.4575
206857,0.445
206858,0.46
206859,0.4825
206860,0.5175
206861,0.485
206862,0.38
206863,0.4975
206864,0.5125
206865,0.4475
206866,0.4975
206867,0.4325
206868,0.4125
206869,0.3825
206870,0.5025
206871,0.6725
206872,0.48
206873,0.49
206874,0.5725
206875,0.48
206876,0.4825
206877,0.545
206878,0.385
206879,0.34
206880,0.3975
206881,0.4525
206882,0.545
206883,0.5425
206884,0.5175
206885,0.515
206886,0.4875
206887,0.495
206888,0.58
206889,0.5275
206890,0.4775
206891,0.53
206892,0.4925
206893,0.43
206894,0.535
206895,0.505
206896,0.6
206897,0.445
206898,0.3975
206899,0.48
206900,0.5
206901,0.4425
206902,0.4275
206903,0.5125
206904,0.465
206905,0.4925
206906,0.545
206907,0.4675
206908,0.42
206909,0.5125
206910,0.4375
206911,0.48
206912,0.47
206913,0.46
206914,0.45
206915,0.5025
206916,0.4625
206917,0.5325
206918,0.5475
206919,0.4225
206920,0.4125
206921,0.465
206922,0.48
206923,0.5125
206924,0.44
206925,0.545
206926,0.525
206927,0.4825
206928,0.35
206929,0.465
206930,0.4725
206931,0.45
206932,0.5125
206933,0.46
206934,0.4975
206935,0.525
206936,0.4925
206937,0.58
206938,0.4225
206939,0.47
206940,0.44
206941,0.4375
206942,0.4825
206943,0.505
206944,0.52
206945,0.44
206946,0.5175
206947,0.5225
206948,0.5
206949,0.5075
206950,0.5225
206951,0.48
206952,0.495
206953,0.4975
206954,0.535
206955,0.48
206956,0.4
206957,0.4675
206958,0.4225
206959,0.4925
206960,0.5575
206961,0.47
206962,0.5025
206963,0.495
206964,0.4675
206965,0.49
206966,0.5
206967,0.53
206968,0.495
206969,0.4825
206970,0.4775
206971,0.485
206972,0.455
206973,0.5125
206974,0.46
206975,0.4475
206976,0.5025
206977,0.4575
206978,0.4625
206979,0.355
206980,0.455
206981,0.4375
206982,0.5275
206983,0.4125
206984,0.4775
206985,0.3325
206986,0.4725
206987,0.495
206988,0.5275
206989,0.325
206990,0.37
206991,0.365
206992,0.4625
206993,0.535
206994,0.3375
206995,0.44
206996,0.525
206997,0.45
206998,0.5625
206999,0.54
207000,0.4875
207001,0.495
207002,0.4725
207003,0.495
207004,0.45
207005,0.5
207006,0.5475
207007,0.48
207008,0.4975
207009,0.4625
207010,0.465
207011,0.4625
207012,0.495
207013,0.48
207014,0.34
207015,0.335
207016,0.3075
207017,0.4525
207018,0.4725
207019,0.3675
207020,0.56
207021,0.5375
207022,0.43
207023,0.4775
207024,0.525
207025,0.4775
207026,0.3775
207027,0.4075
207028,0.4675
207029,0.4225
207030,0.51
207031,0.425
207032,0.515
207033,0.5025
207034,0.5475
207035,0.505
207036,0.61
207037,0.5725
207038,0.48
207039,0.5275
207040,0.47
207041,0.4575
207042,0.4425
207043,0.48
207044,0.4375
207045,0.47
207046,0.3925
207047,0.5
207048,0.56
207049,0.5175
207050,0.465
207051,0.5225
207052,0.5125
207053,0.495
207054,0.4725
207055,0.4225
207056,0.41
207057,0.48
207058,0.515
207059,0.4275
207060,0.4875
207061,0.465
207062,0.5125
207063,0.375
207064,0.405
207065,0.505
207066,0.505
207067,0.3975
207068,0.5725
207069,0.515
207070,0.4875
207071,0.7825
207072,0.5075
207073,0.5
207074,0.6175
207075,0.5775
207076,0.315
207077,0.5775
207078,0.355
207079,0.505
207080,0.5875
207081,0.6375
207082,0.525
207083,0.4925
207084,0.6775
207085,0.5525
207086,0.4525
207087,0.43
207088,0.5225
207089,0.4225
207090,0.625
207091,0.4075
207092,0.5725
207093,0.61
207094,0.6225
207095,0.425
207096,0.57
207097,0.5575
207098,0.4675
207099,0.285
207100,0.475
207101,0.5025
207102,0.6725
207103,0.51
207104,0.375
207105,0.4225
207106,0.2275
207107,0.6025
207108,0.595
207109,0.55
207110,0.69
207111,0.57
207112,0.3675
207113,0.54
207114,0.4925
207115,0.395
207116,0.5025
207117,0.5125
207118,0.505
207119,0.415
207120,0.52
207121,0.51
207122,0.545
207123,0.5675
207124,0.44
207125,0.425
207126,0.5325
207127,0.4725
207128,0.4475
207129,0.485
207130,0.5075
207131,0.6075
207132,0.5125
207133,0.455
207134,0.485
207135,0.4
207136,0.59
207137,0.515
207138,0.505
207139,0.48
207140,0.48
207141,0.4325
207142,0.54
207143,0.505
207144,0.54
207145,0.3325
207146,0.5575
207147,0.5375
207148,0.4525
207149,0.4225
207150,0.5425
207151,0.475
207152,0.5875
207153,0.5075
207154,0.5075
207155,0.4775
207156,0.42
207157,0.485
207158,0.39
207159,0.55
207160,0.3675
207161,0.6
207162,0.51
207163,0.6
207164,0.4
207165,0.36
207166,0.33
207167,0.52
207168,0.475
207169,0.5775
207170,0.3975
207171,0.4925
207172,0.52
207173,0.6025
207174,0.53
207175,0.4325
207176,0.5675
207177,0.4825
207178,0.4625
207179,0.435
207180,0.4825
207181,0.535
207182,0.44
207183,0.4475
207184,0.5075
207185,0.3925
207186,0.54
207187,0.4225
207188,0.4775
207189,0.4225
207190,0.565
207191,0.53
207192,0.385
207193,0.43
207194,0.565
207195,0.5475
207196,0.45
207197,0.3525
207198,0.3875
207199,0.4325
207200,0.59
207201,0.4725
207202,0.6725
207203,0.5825
207204,0.74
207205,0.535
207206,0.4425
207207,0.4
207208,0.4925
207209,0.3325
207210,0.49
207211,0.4325
207212,0.4925
207213,0.5025
207214,0.405
207215,0.4775
207216,0.7325
207217,0.6125
207218,0.385
207219,0.5475
207220,0.52
207221,0.485
207222,0.565
207223,0.515
207224,0.515
207225,0.515
207226,0.6275
207227,0.4875
207228,0.495
207229,0.4675
207230,0.51
207231,0.36
207232,0.485
207233,0.52
207234,0.4175
207235,0.41
207236,0.5425
207237,0.46
207238,0.65
207239,0.405
207240,0.495
207241,0.43
207242,0.455
207243,0.415
207244,0.5
207245,0.4375
207246,0.675
207247,0.53
207248,0.46
207249,0.4875
207250,0.6525
207251,0.455
207252,0.4725
207253,0.4475
207254,0.605
207255,0.6525
207256,0.5375
207257,0.6025
207258,0.4925
207259,0.55
207260,0.385
207261,0.565
207262,0.495
207263,0.5025
207264,0.4425
207265,0.3875
207266,0.59
207267,0.635
207268,0.5275
207269,0.465
207270,0.3425
207271,0.425
207272,0.495
207273,0.47
207274,0.7125
207275,0.5475
207276,0.4375
207277,0.6675
207278,0.375
207279,0.3675
207280,0.6325
207281,0.51
207282,0.3175
207283,0.4375
207284,0.43
207285,0.515
207286,0.5075
207287,0.5325
207288,0.5675
207289,0.45
207290,0.3575
207291,0.5025
207292,0.425
207293,0.47
207294,0.4475
207295,0.6975
207296,0.56
207297,0.6
207298,0.43
207299,0.665
207300,0.3875
207301,0.495
207302,0.705
207303,0.64
207304,0.6
207305,0.5675
207306,0.4625
207307,0.625
207308,0.66
207309,0.6675
207310,0.5775
207311,0.7775
207312,0.5025
207313,0.475
207314,0.565
207315,0.6125
207316,0.52
207317,0.4775
207318,0.4175
207319,0.58
207320,0.4975
207321,0.605
207322,0.4525
207323,0.3925
207324,0.6375
207325,0.615
207326,0.52
207327,0.5425
207328,0.6425
207329,0.52
207330,0.59
207331,0.405
207332,0.445
207333,0.36
207334,0.43
207335,0.6375
207336,0.515
207337,0.535
207338,0.56
207339,0.475
207340,0.6675
207341,0.355
207342,0.7075
207343,0.6525
207344,0.7325
207345,0.475
207346,0.455
207347,0.38
207348,0.2975
207349,0.3875
207350,0.61
207351,0.605
207352,0.4125
207353,0.6525
207354,0.5425
207355,0.5075
207356,0.4475
207357,0.3775
207358,0.61
207359,0.4625
207360,0.4275
207361,0.57
207362,0.525
207363,0.4725
207364,0.47
207365,0.56
207366,0.4025
207367,0.4925
207368,0.4825
207369,0.425
207370,0.545
207371,0.5025
207372,0.5525
207373,0.6175
207374,0.61
207375,0.48
207376,0.5625
207377,0.4775
207378,0.4425
207379,0.475
207380,0.58
207381,0.4925
207382,0.4
207383,0.5825
207384,0.43
207385,0.4775
207386,0.4025
207387,0.4725
207388,0.515
207389,0.5125
207390,0.455
207391,0.4225
207392,0.5875
207393,0.465
207394,0.4975
207395,0.4825
207396,0.6825
207397,0.505
207398,0.3925
207399,0.3375
207400,0.435
207401,0.395
207402,0.5075
207403,0.59
207404,0.4675
207405,0.415
207406,0.5125
207407,0.6225
207408,0.535
207409,0.445
207410,0.5875
207411,0.6025
207412,0.42
207413,0.41
207414,0.4675
207415,0.4875
207416,0.425
207417,0.305
207418,0.525
207419,0.4525
207420,0.4825
207421,0.49
207422,0.43
207423,0.46
207424,0.5575
207425,0.57
207426,0.4525
207427,0.4825
207428,0.3425
207429,0.495
207430,0.425
207431,0.425
207432,0.5
207433,0.46
207434,0.61
207435,0.425
207436,0.385
207437,0.3925
207438,0.255
207439,0.445
207440,0.62
207441,0.4975
207442,0.33
207443,0.4275
207444,0.575
207445,0.5125
207446,0.505
207447,0.6
207448,0.4525
207449,0.465
207450,0.54
207451,0.475
207452,0.575
207453,0.4
207454,0.47
207455,0.37
207456,0.4925
207457,0.3925
207458,0.375
207459,0.535
207460,0.435
207461,0.5275
207462,0.6725
207463,0.3875
207464,0.375
207465,0.5275
207466,0.455
207467,0.515
207468,0.5
207469,0.63
207470,0.4575
207471,0.5625
207472,0.5875
207473,0.57
207474,0.51
207475,0.455
207476,0.3525
207477,0.31
207478,0.375
207479,0.4375
207480,0.4875
207481,0.4775
207482,0.25
207483,0.4675
207484,0.455
207485,0.4475
207486,0.3225
207487,0.4625
207488,0.51
207489,0.43
207490,0.4225
207491,0.67
207492,0.4725
207493,0.4725
207494,0.5075
207495,0.4675
207496,0.4675
207497,0.49
207498,0.4825
207499,0.47
207500,0.4425
207501,0.3125
207502,0.525
207503,0.43
207504,0.41
207505,0.3675
207506,0.5375
207507,0.5175
207508,0.495
207509,0.52
207510,0.4325
207511,0.435
207512,0.43
207513,0.505
207514,0.4375
207515,0.43
207516,0.4825
207517,0.5425
207518,0.4275
207519,0.5075
207520,0.4
207521,0.475
207522,0.465
207523,0.4325
207524,0.4325
207525,0.51
207526,0.435
207527,0.6325
207528,0.2925
207529,0.52
207530,0.495
207531,0.52
207532,0.5325
207533,0.405
207534,0.5375
207535,0.475
207536,0.5225
207537,0.4475
207538,0.49
207539,0.455
207540,0.4975
207541,0.445
207542,0.5175
207543,0.44
207544,0.3925
207545,0.3725
207546,0.5125
207547,0.485
207548,0.475
207549,0.485
207550,0.4875
207551,0.4375
207552,0.54
207553,0.455
207554,0.545
207555,0.485
207556,0.4875
207557,0.3325
207558,0.52
207559,0.48
207560,0.5025
207561,0.38
207562,0.555
207563,0.5675
207564,0.485
207565,0.53
207566,0.495
207567,0.515
207568,0.6375
207569,0.4975
207570,0.53
207571,0.5625
207572,0.51
207573,0.2975
207574,0.5575
207575,0.3875
207576,0.6275
207577,0.58
207578,0.48
207579,0.4325
207580,0.41
207581,0.4125
207582,0.48
207583,0.425
207584,0.5575
207585,0.5225
207586,0.4875
207587,0.5
207588,0.34
207589,0.4675
207590,0.485
207591,0.5575
207592,0.5225
207593,0.3975
207594,0.365
207595,0.405
207596,0.4675
207597,0.425
207598,0.5175
207599,0.4775
207600,0.41
207601,0.545
207602,0.4825
207603,0.31
207604,0.45
207605,0.485
207606,0.4975
207607,0.3975
207608,0.53
207609,0.3025
207610,0.4325
207611,0.4675
207612,0.545
207613,0.4075
207614,0.55
207615,0.6275
207616,0.485
207617,0.4125
207618,0.485
207619,0.6575
207620,0.545
207621,0.59
207622,0.595
207623,0.4375
207624,0.635
207625,0.4225
207626,0.635
207627,0.47
207628,0.5675
207629,0.295
207630,0.6275
207631,0.465
207632,0.2975
207633,0.485
207634,0.4675
207635,0.4375
207636,0.685
207637,0.4575
207638,0.6375
207639,0.52
207640,0.66
207641,0.4825
207642,0.6575
207643,0.51
207644,0.54
207645,0.4175
207646,0.4475
207647,0.4175
207648,0.505
207649,0.39
207650,0.2725
207651,0.42
207652,0.4675
207653,0.36
207654,0.38
207655,0.52
207656,0.575
207657,0.6425
207658,0.47
207659,0.47
207660,0.4975
207661,0.28
207662,0.3675
207663,0.3775
207664,0.535
207665,0.5125
207666,0.5075
207667,0.385
207668,0.615
207669,0.3275
207670,0.465
207671,0.425
207672,0.635
207673,0.5425
207674,0.365
207675,0.555
207676,0.51
207677,0.4
207678,0.5
207679,0.52
207680,0.5375
207681,0.615
207682,0.4725
207683,0.485
207684,0.3125
207685,0.5125
207686,0.5225
207687,0.6875
207688,0.6225
207689,0.345
207690,0.34
207691,0.6775
207692,0.58
207693,0.5025
207694,0.4375
207695,0.4925
207696,0.5075
207697,0.5175
207698,0.725
207699,0.4075
207700,0.4825
207701,0.3825
207702,0.6175
207703,0.5275
207704,0.535
207705,0.6325
207706,0.5525
207707,0.515
207708,0.5675
207709,0.44
207710,0.3475
207711,0.41
207712,0.385
207713,0.515
207714,0.585
207715,0.2875
207716,0.65
207717,0.36
207718,0.5075
207719,0.445
207720,0.4375
207721,0.43
207722,0.515
207723,0.3625
207724,0.3675
207725,0.475
207726,0.6425
207727,0.5575
207728,0.41
207729,0.475
207730,0.5875
207731,0.6275
207732,0.54
207733,0.5975
207734,0.495
207735,0.5275
207736,0.57
207737,0.4975
207738,0.2825
207739,0.49
207740,0.3325
207741,0.5125
207742,0.39
207743,0.63
207744,0.4075
207745,0.6025
207746,0.655
207747,0.335
207748,0.4
207749,0.7
207750,0.3475
207751,0.5175
207752,0.455
207753,0.39
207754,0.575
207755,0.5375
207756,0.51
207757,0.395
207758,0.5275
207759,0.4575
207760,0.5725
207761,0.5475
207762,0.545
207763,0.555
207764,0.535
207765,0.59
207766,0.57
207767,0.4675
207768,0.59
207769,0.4575
207770,0.6025
207771,0.61
207772,0.4125
207773,0.5475
207774,0.41
207775,0.455
207776,0.5575
207777,0.58
207778,0.43
207779,0.4625
207780,0.4525
207781,0.55
207782,0.4625
207783,0.565
207784,0.4575
207785,0.4375
207786,0.545
207787,0.39
207788,0.28
207789,0.7575
207790,0.4275
207791,0.445
207792,0.5925
207793,0.5675
207794,0.5225
207795,0.325
207796,0.52
207797,0.4525
207798,0.39
207799,0.49
207800,0.57
207801,0.3375
207802,0.495
207803,0.6725
207804,0.5925
207805,0.4975
207806,0.505
207807,0.425
207808,0.5075
207809,0.36
207810,0.545
207811,0.5
207812,0.49
207813,0.495
207814,0.4975
207815,0.6
207816,0.6475
207817,0.5075
207818,0.3425
207819,0.48
207820,0.4
207821,0.4775
207822,0.52
207823,0.365
207824,0.4275
207825,0.3825
207826,0.525
207827,0.215
207828,0.4725
207829,0.3825
207830,0.4025
207831,0.4325
207832,0.4475
207833,0.3325
207834,0.4725
207835,0.4975
207836,0.515
207837,0.5175
207838,0.42
207839,0.68
207840,0.5325
207841,0.3725
207842,0.48
207843,0.415
207844,0.41
207845,0.37
207846,0.415
207847,0.3675
207848,0.475
207849,0.4225
207850,0.265
207851,0.4825
207852,0.3625
207853,0.4175
207854,0.5975
207855,0.335
207856,0.4975
207857,0.6475
207858,0.5275
207859,0.4625
207860,0.4525
207861,0.55
207862,0.515
207863,0.255
207864,0.3375
207865,0.3775
207866,0.48
207867,0.475
207868,0.535
207869,0.5525
207870,0.4825
207871,0.52
207872,0.435
207873,0.4825
207874,0.415
207875,0.565
207876,0.515
207877,0.51
207878,0.62
207879,0.69
207880,0.4325
207881,0.4425
207882,0.375
207883,0.43
207884,0.465
207885,0.4875
207886,0.4075
207887,0.42
207888,0.48
207889,0.445
207890,0.45
207891,0.3325
207892,0.315
207893,0.49
207894,0.31
207895,0.305
207896,0.515
207897,0.3575
207898,0.4975
207899,0.3425
207900,0.435
207901,0.465
207902,0.49
207903,0.4575
207904,0.3825
207905,0.5375
207906,0.3775
207907,0.5325
207908,0.415
207909,0.6175
207910,0.6075
207911,0.245
207912,0.555
207913,0.59
207914,0.3875
207915,0.58
207916,0.365
207917,0.575
207918,0.335
207919,0.43
207920,0.4725
207921,0.345
207922,0.4625
207923,0.425
207924,0.5525
207925,0.47
207926,0.5225
207927,0.4225
207928,0.5775
207929,0.6325
207930,0.505
207931,0.535
207932,0.41
207933,0.4425
207934,0.38
207935,0.45
207936,0.4825
207937,0.245
207938,0.485
207939,0.57
207940,0.395
207941,0.505
207942,0.3925
207943,0.395
207944,0.4425
207945,0.3425
207946,0.375
207947,0.515
207948,0.45
207949,0.56
207950,0.55
207951,0.4875
207952,0.4225
207953,0.4625
207954,0.605
207955,0.4025
207956,0.3075
207957,0.6775
207958,0.52
207959,0.6625
207960,0.485
207961,0.4725
207962,0.455
207963,0.465
207964,0.555
207965,0.4925
207966,0.4175
207967,0.4575
207968,0.4675
207969,0.4175
207970,0.415
207971,0.4075
207972,0.4625
207973,0.4925
207974,0.3225
207975,0.57
207976,0.6975
207977,0.335
207978,0.5825
207979,0.4925
207980,0.5175
207981,0.495
207982,0.4975
207983,0.5
207984,0.435
207985,0.4475
207986,0.495
207987,0.535
207988,0.43
207989,0.4325
207990,0.5375
207991,0.52
207992,0.4325
207993,0.43
207994,0.515
207995,0.5875
207996,0.495
207997,0.3625
207998,0.295
207999,0.475
208000,0.7425
208001,0.5375
208002,0.495
208003,0.5225
208004,0.485
208005,0.6075
208006,0.39
208007,0.445
208008,0.305
208009,0.58
208010,0.47
208011,0.65
208012,0.4425
208013,0.59
208014,0.425
208015,0.655
208016,0.5775
208017,0.415
208018,0.42
208019,0.5775
208020,0.635
208021,0.515
208022,0.545
208023,0.2
208024,0.525
208025,0.4175
208026,0.395
208027,0.4775
208028,0.5475
208029,0.5475
208030,0.5225
208031,0.465
208032,0.245
208033,0.615
208034,0.4275
208035,0.4375
208036,0.41
208037,0.4325
208038,0.4525
208039,0.485
208040,0.3725
208041,0.695
208042,0.5
208043,0.4175
208044,0.4925
208045,0.6375
208046,0.485
208047,0.47
208048,0.4675
208049,0.4575
208050,0.48
208051,0.5325
208052,0.5225
208053,0.47
208054,0.6
208055,0.39
208056,0.465
208057,0.46
208058,0.3825
208059,0.615
208060,0.355
208061,0.45
208062,0.57
208063,0.4475
208064,0.4925
208065,0.705
208066,0.4975
208067,0.505
208068,0.475
208069,0.4825
208070,0.4275
208071,0.5525
208072,0.485
208073,0.41
208074,0.36
208075,0.55
208076,0.55
208077,0.3875
208078,0.535
208079,0.37
208080,0.4325
208081,0.28
208082,0.51
208083,0.49
208084,0.39
208085,0.4925
208086,0.305
208087,0.4875
208088,0.2975
208089,0.5125
208090,0.4475
208091,0.535
208092,0.4475
208093,0.585
208094,0.4625
208095,0.485
208096,0.44
208097,0.3
208098,0.4625
208099,0.405
208100,0.535
208101,0.42
208102,0.4975
208103,0.49
208104,0.325
208105,0.325
208106,0.47
208107,0.5075
208108,0.4975
208109,0.4625
208110,0.475
208111,0.2525
208112,0.3975
208113,0.52
208114,0.41
208115,0.51
208116,0.52
208117,0.45
208118,0.33
208119,0.405
208120,0.55
208121,0.3825
208122,0.415
208123,0.3825
208124,0.4325
208125,0.27
208126,0.4425
208127,0.455
208128,0.4625
208129,0.475
208130,0.4225
208131,0.4175
208132,0.5275
208133,0.415
208134,0.525
208135,0.5
208136,0.4575
208137,0.4925
208138,0.4875
208139,0.49
208140,0.435
208141,0.55
208142,0.4475
208143,0.5075
208144,0.5125
208145,0.4675
208146,0.4225
208147,0.515
208148,0.435
208149,0.395
208150,0.42
208151,0.4925
208152,0.575
208153,0.3425
208154,0.39
208155,0.36
208156,0.2725
208157,0.545
208158,0.4925
208159,0.51
208160,0.5175
208161,0.4875
208162,0.4975
208163,0.4425
208164,0.475
208165,0.5275
208166,0.3625
208167,0.485
208168,0.4875
208169,0.3425
208170,0.5125
208171,0.49
208172,0.3675
208173,0.3575
208174,0.4875
208175,0.4675
208176,0.4075
208177,0.5775
208178,0.42
208179,0.4425
208180,0.4625
208181,0.5375
208182,0.55
208183,0.4575
208184,0.4875
208185,0.5625
208186,0.44
208187,0.5575
208188,0.4375
208189,0.4875
208190,0.475
208191,0.4175
208192,0.3675
208193,0.46
208194,0.47
208195,0.515
208196,0.4975
208197,0.47
208198,0.465
208199,0.445
208200,0.27
208201,0.5
208202,0.535
208203,0.495
208204,0.4675
208205,0.5025
208206,0.47
208207,0.3475
208208,0.475
208209,0.4625
208210,0.4775
208211,0.4875
208212,0.4325
208213,0.4925
208214,0.475
208215,0.5425
208216,0.4875
208217,0.4225
208218,0.5225
208219,0.5025
208220,0.4375
208221,0.4725
208222,0.475
208223,0.4875
208224,0.4025
208225,0.505
208226,0.495
208227,0.445
208228,0.5425
208229,0.4475
208230,0.4775
208231,0.525
208232,0.4875
208233,0.44
208234,0.4975
208235,0.205
208236,0.4225
208237,0.4925
208238,0.265
208239,0.5175
208240,0.3825
208241,0.54
208242,0.475
208243,0.4525
208244,0.5225
208245,0.4225
208246,0.5075
208247,0.57
208248,0.48
208249,0.405
208250,0.305
208251,0.34
208252,0.4925
208253,0.39
208254,0.4975
208255,0.4025
208256,0.545
208257,0.545
208258,0.4625
208259,0.5425
208260,0.515
208261,0.5425
208262,0.4875
208263,0.6125
208264,0.475
208265,0.43
208266,0.4825
208267,0.7
208268,0.5075
208269,0.6125
208270,0.5525
208271,0.385
208272,0.395
208273,0.675
208274,0.43
208275,0.4325
208276,0.7275
208277,0.5375
208278,0.4725
208279,0.4825
208280,0.3825
208281,0.465
208282,0.4525
208283,0.5525
208284,0.3325
208285,0.61
208286,0.4975
208287,0.6625
208288,0.5625
208289,0.4925
208290,0.495
208291,0.66
208292,0.47
208293,0.49
208294,0.56
208295,0.4425
208296,0.6375
208297,0.415
208298,0.415
208299,0.58
208300,0.5275
208301,0.61
208302,0.495
208303,0.4575
208304,0.5275
208305,0.525
208306,0.48
208307,0.3625
208308,0.6175
208309,0.4975
208310,0.57
208311,0.405
208312,0.405
208313,0.5825
208314,0.5125
208315,0.435
208316,0.555
208317,0.4175
208318,0.6025
208319,0.5375
208320,0.5025
208321,0.495
208322,0.4875
208323,0.6325
208324,0.3825
208325,0.27
208326,0.425
208327,0.62
208328,0.485
208329,0.4825
208330,0.585
208331,0.54
208332,0.515
208333,0.5
208334,0.5825
208335,0.4975
208336,0.4975
208337,0.4625
208338,0.4975
208339,0.3625
208340,0.56
208341,0.5125
208342,0.4825
208343,0.495
208344,0.275
208345,0.4725
208346,0.505
208347,0.4975
208348,0.46
208349,0.685
208350,0.5
208351,0.4975
208352,0.4975
208353,0.49
208354,0.66
208355,0.4325
208356,0.53
208357,0.5125
208358,0.5725
208359,0.5725
208360,0.485
208361,0.6075
208362,0.655
208363,0.375
208364,0.51
208365,0.59
208366,0.5625
208367,0.51
208368,0.5375
208369,0.475
208370,0.52
208371,0.35
208372,0.385
208373,0.3475
208374,0.4975
208375,0.4975
208376,0.5125
208377,0.495
208378,0.5725
208379,0.5025
208380,0.38
208381,0.4525
208382,0.52
208383,0.5875
208384,0.52
208385,0.4875
208386,0.425
208387,0.4925
208388,0.515
208389,0.4975
208390,0.545
208391,0.5125
208392,0.4975
208393,0.39
208394,0.4825
208395,0.5425
208396,0.495
208397,0.525
208398,0.6675
208399,0.6425
208400,0.4125
208401,0.495
208402,0.49
208403,0.5175
208404,0.4775
208405,0.51
208406,0.53
208407,0.4975
208408,0.4775
208409,0.4825
208410,0.4975
208411,0.49
208412,0.505
208413,0.435
208414,0.3875
208415,0.4875
208416,0.5
208417,0.4975
208418,0.5225
208419,0.525
208420,0.49
208421,0.4925
208422,0.48
208423,0.4975
208424,0.5525
208425,0.7
208426,0.4975
208427,0.5075
208428,0.4875
208429,0.56
208430,0.39
208431,0.735
208432,0.4875
208433,0.5
208434,0.4075
208435,0.5
208436,0.425
208437,0.5475
208438,0.4825
208439,0.3725
208440,0.4775
208441,0.4975
208442,0.375
208443,0.605
208444,0.7125
208445,0.4975
208446,0.4975
208447,0.4475
208448,0.4975
208449,0.53
208450,0.4475
208451,0.635
208452,0.4675
208453,0.525
208454,0.4975
208455,0.595
208456,0.4575
208457,0.4225
208458,0.555
208459,0.45
208460,0.4975
208461,0.495
208462,0.56
208463,0.5025
208464,0.3825
208465,0.4975
208466,0.4875
208467,0.5
208468,0.5375
208469,0.5425
208470,0.4975
208471,0.5125
208472,0.495
208473,0.4875
208474,0.4825
208475,0.4425
208476,0.47
208477,0.47
208478,0.6125
208479,0.4975
208480,0.5675
208481,0.66
208482,0.5975
208483,0.4975
208484,0.5
208485,0.5025
208486,0.4675
208487,0.4975
208488,0.4975
208489,0.4975
208490,0.505
208491,0.4975
208492,0.49
208493,0.4825
208494,0.4975
208495,0.44
208496,0.535
208497,0.495
208498,0.4975
208499,0.5125
208500,0.525
208501,0.4225
208502,0.4975
208503,0.405
208504,0.4975
208505,0.4975
208506,0.505
208507,0.4975
208508,0.495
208509,0.5
208510,0.4975
208511,0.5075
208512,0.4875
208513,0.49
208514,0.4975
208515,0.4975
208516,0.32
208517,0.49
208518,0.5
208519,0.4975
208520,0.495
208521,0.7075
208522,0.5325
208523,0.5175
208524,0.4575
208525,0.4975
208526,0.4975
208527,0.4975
208528,0.4975
208529,0.57
208530,0.5
208531,0.4975
208532,0.4875
208533,0.4975
208534,0.5025
208535,0.4975
208536,0.4975
208537,0.5175
208538,0.4975
208539,0.4975
208540,0.555
208541,0.58
208542,0.4925
208543,0.4925
208544,0.51
208545,0.63
208546,0.4975
208547,0.4925
208548,0.55
208549,0.7225
208550,0.5275
208551,0.4975
208552,0.4925
208553,0.485
208554,0.4925
208555,0.505
208556,0.295
208557,0.5025
208558,0.55
208559,0.495
208560,0.515
208561,0.4975
208562,0.5175
208563,0.5025
208564,0.4975
208565,0.4975
208566,0.4975
208567,0.4975
208568,0.4975
208569,0.41
208570,0.49
208571,0.5875
208572,0.4525
208573,0.4925
208574,0.4975
208575,0.5425
208576,0.4975
208577,0.5275
208578,0.545
208579,0.515
208580,0.3075
208581,0.6475
208582,0.315
208583,0.515
208584,0.5
208585,0.4925
208586,0.5075
208587,0.51
208588,0.4975
208589,0.505
208590,0.4975
208591,0.495
208592,0.475
208593,0.5725
208594,0.48
208595,0.4975
208596,0.48
208597,0.495
208598,0.4775
208599,0.4975
208600,0.5375
208601,0.7025
208602,0.4975
208603,0.4925
208604,0.45
208605,0.4675
208606,0.5
208607,0.4975
208608,0.485
208609,0.5125
208610,0.5425
208611,0.5325
208612,0.45
208613,0.6425
208614,0.5
208615,0.5225
208616,0.65
208617,0.55
208618,0.48
208619,0.38
208620,0.535
208621,0.4975
208622,0.5675
208623,0.51
208624,0.4975
208625,0.4975
208626,0.6175
208627,0.575
208628,0.5175
208629,0.665
208630,0.485
208631,0.4525
208632,0.57
208633,0.5175
208634,0.495
208635,0.49
208636,0.495
208637,0.2625
208638,0.365
208639,0.4975
208640,0.5475
208641,0.655
208642,0.4975
208643,0.6275
208644,0.5025
208645,0.4975
208646,0.5175
208647,0.5575
208648,0.5275
208649,0.54
208650,0.4925
208651,0.5775
208652,0.6275
208653,0.4875
208654,0.435
208655,0.4975
208656,0.5025
208657,0.5025
208658,0.4975
208659,0.5525
208660,0.59
208661,0.4575
208662,0.555
208663,0.445
208664,0.69
208665,0.5875
208666,0.695
208667,0.5075
208668,0.4975
208669,0.4925
208670,0.4475
208671,0.4975
208672,0.3875
208673,0.495
208674,0.5125
208675,0.4875
208676,0.505
208677,0.3475
208678,0.38
208679,0.495
208680,0.4925
208681,0.4075
208682,0.64
208683,0.5075
208684,0.4975
208685,0.505
208686,0.4475
208687,0.4975
208688,0.53
208689,0.5225
208690,0.6025
208691,0.4975
208692,0.3175
208693,0.4975
208694,0.535
208695,0.5075
208696,0.5
208697,0.4475
208698,0.4975
208699,0.5125
208700,0.4925
208701,0.6475
208702,0.5075
208703,0.355
208704,0.52
208705,0.4725
208706,0.47
208707,0.52
208708,0.655
208709,0.4375
208710,0.49
208711,0.485
208712,0.5375
208713,0.495
208714,0.515
208715,0.545
208716,0.655
208717,0.5375
208718,0.49
208719,0.4925
208720,0.52
208721,0.7975
208722,0.4975
208723,0.5
208724,0.5025
208725,0.485
208726,0.4975
208727,0.4875
208728,0.6025
208729,0.4875
208730,0.515
208731,0.5125
208732,0.5625
208733,0.4475
208734,0.5275
208735,0.475
208736,0.4875
208737,0.31
208738,0.54
208739,0.4925
208740,0.4975
208741,0.6925
208742,0.4875
208743,0.545
208744,0.45
208745,0.57
208746,0.5875
208747,0.48
208748,0.515
208749,0.4675
208750,0.4075
208751,0.5375
208752,0.365
208753,0.495
208754,0.675
208755,0.415
208756,0.49
208757,0.605
208758,0.5025
208759,0.4975
208760,0.4575
208761,0.575
208762,0.3325
208763,0.425
208764,0.49
208765,0.3825
208766,0.395
208767,0.325
208768,0.5125
208769,0.6325
208770,0.4125
208771,0.49
208772,0.3625
208773,0.665
208774,0.5525
208775,0.465
208776,0.44
208777,0.4525
208778,0.4925
208779,0.6225
208780,0.44
208781,0.6075
208782,0.515
208783,0.7075
208784,0.5925
208785,0.45
208786,0.545
208787,0.3925
208788,0.445
208789,0.525
208790,0.4775
208791,0.5075
208792,0.5175
208793,0.59
208794,0.47
208795,0.505
208796,0.3375
208797,0.535
208798,0.5275
208799,0.3975
208800,0.4675
208801,0.51
208802,0.46
208803,0.3875
208804,0.6175
208805,0.5325
208806,0.46
208807,0.585
208808,0.5175
208809,0.5375
208810,0.39
208811,0.595
208812,0.395
208813,0.46
208814,0.355
208815,0.4175
208816,0.525
208817,0.5375
208818,0.68
208819,0.53
208820,0.435
208821,0.395
208822,0.5125
208823,0.3525
208824,0.65
208825,0.355
208826,0.5075
208827,0.7625
208828,0.5425
208829,0.4525
208830,0.6075
208831,0.4925
208832,0.69
208833,0.6275
208834,0.3375
208835,0.435
208836,0.59
208837,0.4925
208838,0.3425
208839,0.675
208840,0.5725
208841,0.6925
208842,0.37
208843,0.515
208844,0.405
208845,0.5375
208846,0.55
208847,0.5125
208848,0.5975
208849,0.53
208850,0.3525
208851,0.5
208852,0.455
208853,0.44
208854,0.34
208855,0.45
208856,0.6275
208857,0.3725
208858,0.3725
208859,0.4425
208860,0.54
208861,0.46
208862,0.4925
208863,0.5275
208864,0.4475
208865,0.4
208866,0.5275
208867,0.4525
208868,0.5725
208869,0.3775
208870,0.375
208871,0.5325
208872,0.49
208873,0.545
208874,0.49
208875,0.4625
208876,0.48
208877,0.54
208878,0.3925
208879,0.5275
208880,0.565
208881,0.5275
208882,0.4125
208883,0.4525
208884,0.3125
208885,0.56
208886,0.55
208887,0.5825
208888,0.5425
208889,0.465
208890,0.6275
208891,0.575
208892,0.4325
208893,0.55
208894,0.5825
208895,0.535
208896,0.435
208897,0.5425
208898,0.5425
208899,0.47
208900,0.515
208901,0.29
208902,0.5875
208903,0.3825
208904,0.4975
208905,0.5375
208906,0.4825
208907,0.2925
208908,0.3725
208909,0.4875
208910,0.5725
208911,0.5775
208912,0.545
208913,0.36
208914,0.5075
208915,0.4975
208916,0.465
208917,0.3375
208918,0.1725
208919,0.545
208920,0.54
208921,0.455
208922,0.4875
208923,0.5775
208924,0.5725
208925,0.5425
208926,0.725
208927,0.6475
208928,0.58
208929,0.4075
208930,0.435
208931,0.23
208932,0.4
208933,0.4325
208934,0.5225
208935,0.4375
208936,0.5025
208937,0.58
208938,0.485
208939,0.5075
208940,0.5525
208941,0.645
208942,0.485
208943,0.56
208944,0.39
208945,0.61
208946,0.565
208947,0.365
208948,0.4825
208949,0.4025
208950,0.4775
208951,0.535
208952,0.53
208953,0.69
208954,0.5025
208955,0.515
208956,0.405
208957,0.5
208958,0.57
208959,0.4775
208960,0.47
208961,0.5125
208962,0.6025
208963,0.4725
208964,0.5375
208965,0.6325
208966,0.355
208967,0.615
208968,0.39
208969,0.455
208970,0.65
208971,0.3825
208972,0.38
208973,0.565
208974,0.6875
208975,0.5025
208976,0.4575
208977,0.4425
208978,0.3875
208979,0.625
208980,0.44
208981,0.645
208982,0.4
208983,0.47
208984,0.5975
208985,0.585
208986,0.4475
208987,0.4975
208988,0.7225
208989,0.515
208990,0.3475
208991,0.555
208992,0.4725
208993,0.465
208994,0.32
208995,0.445
208996,0.5175
208997,0.6575
208998,0.5275
208999,0.6375
209000,0.615
209001,0.5225
209002,0.645
209003,0.5475
209004,0.4975
209005,0.375
209006,0.4875
209007,0.4425
209008,0.4775
209009,0.4775
209010,0.56
209011,0.505
209012,0.4525
209013,0.4875
209014,0.4825
209015,0.5675
209016,0.5475
209017,0.4925
209018,0.4325
209019,0.5625
209020,0.445
209021,0.39
209022,0.3725
209023,0.385
209024,0.445
209025,0.62
209026,0.35
209027,0.36
209028,0.48
209029,0.3525
209030,0.4025
209031,0.4825
209032,0.385
209033,0.4775
209034,0.5475
209035,0.525
209036,0.4875
209037,0.71
209038,0.525
209039,0.455
209040,0.45
209041,0.42
209042,0.7725
209043,0.4975
209044,0.7275
209045,0.315
209046,0.595
209047,0.435
209048,0.5125
209049,0.59
209050,0.58
209051,0.625
209052,0.4075
209053,0.33
209054,0.3425
209055,0.585
209056,0.37
209057,0.505
209058,0.515
209059,0.525
209060,0.465
209061,0.5825
209062,0.565
209063,0.515
209064,0.3675
209065,0.39
209066,0.235
209067,0.3875
209068,0.5875
209069,0.475
209070,0.6175
209071,0.545
209072,0.4825
209073,0.5225
209074,0.5275
209075,0.445
209076,0.545
209077,0.465
209078,0.595
209079,0.61
209080,0.555
209081,0.51
209082,0.52
209083,0.5425
209084,0.4125
209085,0.555
209086,0.3975
209087,0.6
209088,0.5525
209089,0.595
209090,0.4275
209091,0.695
209092,0.4775
209093,0.5075
209094,0.4825
209095,0.4925
209096,0.3125
209097,0.6075
209098,0.6075
209099,0.6225
209100,0.575
209101,0.5875
209102,0.4825
209103,0.625
209104,0.6625
209105,0.645
209106,0.37
209107,0.695
209108,0.5275
209109,0.42
209110,0.495
209111,0.465
209112,0.585
209113,0.42
209114,0.6375
209115,0.7
209116,0.56
209117,0.4575
209118,0.59
209119,0.3725
209120,0.6575
209121,0.5625
209122,0.515
209123,0.3825
209124,0.5825
209125,0.4175
209126,0.53
209127,0.6525
209128,0.5475
209129,0.355
209130,0.6675
209131,0.5
209132,0.5925
209133,0.615
209134,0.42
209135,0.4725
209136,0.72
209137,0.5675
209138,0.6225
209139,0.56
209140,0.455
209141,0.5
209142,0.3675
209143,0.715
209144,0.42
209145,0.6525
209146,0.5175
209147,0.6
209148,0.3575
209149,0.465
209150,0.5825
209151,0.7225
209152,0.565
209153,0.6475
209154,0.3925
209155,0.645
209156,0.48
209157,0.53
209158,0.4025
209159,0.5725
209160,0.5625
209161,0.3775
209162,0.355
209163,0.5475
209164,0.475
209165,0.495
209166,0.4525
209167,0.67
209168,0.695
209169,0.4975
209170,0.2975
209171,0.55
209172,0.4775
209173,0.435
209174,0.4875
209175,0.5775
209176,0.6425
209177,0.6375
209178,0.525
209179,0.4875
209180,0.5525
209181,0.53
209182,0.485
209183,0.625
209184,0.5525
209185,0.45
209186,0.555
209187,0.5025
209188,0.41
209189,0.5
209190,0.6175
209191,0.5475
209192,0.56
209193,0.555
209194,0.275
209195,0.5325
209196,0.57
209197,0.4375
209198,0.485
209199,0.3425
209200,0.6775
209201,0.55
209202,0.6925
209203,0.645
209204,0.5525
209205,0.6175
209206,0.4575
209207,0.475
209208,0.395
209209,0.45
209210,0.345
209211,0.36
209212,0.3225
209213,0.485
209214,0.445
209215,0.5625
209216,0.56
209217,0.4825
209218,0.4525
209219,0.5125
209220,0.54
209221,0.59
209222,0.4475
209223,0.48
209224,0.615
209225,0.5475
209226,0.4425
209227,0.5125
209228,0.355
209229,0.565
209230,0.505
209231,0.56
209232,0.365
209233,0.51
209234,0.6975
209235,0.3925
209236,0.5825
209237,0.3625
209238,0.55
209239,0.565
209240,0.56
209241,0.665
209242,0.5725
209243,0.5
209244,0.51
209245,0.54
209246,0.54
209247,0.57
209248,0.535
209249,0.61
209250,0.44
209251,0.505
209252,0.4125
209253,0.3725
209254,0.535
209255,0.57
209256,0.4475
209257,0.5675
209258,0.4925
209259,0.4875
209260,0.5425
209261,0.3825
209262,0.495
209263,0.4875
209264,0.5275
209265,0.4475
209266,0.555
209267,0.445
209268,0.5875
209269,0.655
209270,0.505
209271,0.485
209272,0.4975
209273,0.5875
209274,0.5775
209275,0.665
209276,0.475
209277,0.42
209278,0.34
209279,0.4025
209280,0.5025
209281,0.525
209282,0.555
209283,0.51
209284,0.7875
209285,0.6625
209286,0.4
209287,0.62
209288,0.4425
209289,0.3925
209290,0.4175
209291,0.39
209292,0.335
209293,0.49
209294,0.315
209295,0.6425
209296,0.52
209297,0.525
209298,0.4825
209299,0.4825
209300,0.29
209301,0.73
209302,0.6175
209303,0.4775
209304,0.385
209305,0.5025
209306,0.525
209307,0.525
209308,0.55
209309,0.4575
209310,0.465
209311,0.3525
209312,0.4925
209313,0.5125
209314,0.7425
209315,0.525
209316,0.505
209317,0.5025
209318,0.47
209319,0.3775
209320,0.38
209321,0.385
209322,0.4575
209323,0.64
209324,0.6425
209325,0.5925
209326,0.615
209327,0.6725
209328,0.6175
209329,0.7
209330,0.46
209331,0.3625
209332,0.56
209333,0.4275
209334,0.1875
209335,0.6
209336,0.4625
209337,0.4625
209338,0.5575
209339,0.4
209340,0.4725
209341,0.355
209342,0.56
209343,0.51
209344,0.53
209345,0.5825
209346,0.56
209347,0.51
209348,0.6075
209349,0.7025
209350,0.5
209351,0.33
209352,0.405
209353,0.405
209354,0.64
209355,0.5425
209356,0.5425
209357,0.745
209358,0.52
209359,0.655
209360,0.5275
209361,0.4825
209362,0.3475
209363,0.57
209364,0.7025
209365,0.505
209366,0.4725
209367,0.555
209368,0.38
209369,0.435
209370,0.6325
209371,0.4075
209372,0.41
209373,0.64
209374,0.5025
209375,0.5075
209376,0.4275
209377,0.475
209378,0.4275
209379,0.34
209380,0.4075
209381,0.615
209382,0.69
209383,0.6525
209384,0.555
209385,0.6675
209386,0.3275
209387,0.3
209388,0.45
209389,0.515
209390,0.6425
209391,0.5275
209392,0.5525
209393,0.5775
209394,0.3875
209395,0.6475
209396,0.355
209397,0.595
209398,0.6075
209399,0.52
209400,0.355
209401,0.3675
209402,0.49
209403,0.5525
209404,0.665
209405,0.545
209406,0.4775
209407,0.56
209408,0.34
209409,0.635
209410,0.555
209411,0.5575
209412,0.3975
209413,0.3825
209414,0.2925
209415,0.5175
209416,0.645
209417,0.5675
209418,0.4875
209419,0.4425
209420,0.615
209421,0.5
209422,0.4525
209423,0.4925
209424,0.505
209425,0.59
209426,0.4425
209427,0.49
209428,0.3775
209429,0.56
209430,0.5425
209431,0.6
209432,0.4875
209433,0.65
209434,0.3225
209435,0.2725
209436,0.4625
209437,0.455
209438,0.355
209439,0.43
209440,0.505
209441,0.5825
209442,0.49
209443,0.49
209444,0.4775
209445,0.6425
209446,0.5225
209447,0.63
209448,0.625
209449,0.4975
209450,0.69
209451,0.505
209452,0.48
209453,0.695
209454,0.6375
209455,0.565
209456,0.48
209457,0.5375
209458,0.565
209459,0.53
209460,0.555
209461,0.495
209462,0.4925
209463,0.5975
209464,0.47
209465,0.295
209466,0.4025
209467,0.54
209468,0.515
209469,0.395
209470,0.34
209471,0.5625
209472,0.655
209473,0.4925
209474,0.6425
209475,0.355
209476,0.4675
209477,0.455
209478,0.535
209479,0.5275
209480,0.495
209481,0.45
209482,0.7025
209483,0.3025
209484,0.615
209485,0.5625
209486,0.555
209487,0.5975
209488,0.4175
209489,0.4475
209490,0.4775
209491,0.57
209492,0.5275
209493,0.4225
209494,0.6
209495,0.4975
209496,0.5125
209497,0.5375
209498,0.64
209499,0.605
209500,0.4325
209501,0.48
209502,0.265
209503,0.4
209504,0.545
209505,0.6
209506,0.53
209507,0.48
209508,0.585
209509,0.5225
209510,0.565
209511,0.44
209512,0.52
209513,0.635
209514,0.435
209515,0.5475
209516,0.585
209517,0.45
209518,0.51
209519,0.465
209520,0.5975
209521,0.595
209522,0.505
209523,0.5675
209524,0.5175
209525,0.575
209526,0.63
209527,0.6425
209528,0.53
209529,0.655
209530,0.36
209531,0.605
209532,0.5125
209533,0.6425
209534,0.525
209535,0.5
209536,0.4975
209537,0.4975
209538,0.505
209539,0.575
209540,0.545
209541,0.54
209542,0.5375
209543,0.32
209544,0.4475
209545,0.5425
209546,0.62
209547,0.5325
209548,0.735
209549,0.58
209550,0.4375
209551,0.6525
209552,0.6275
209553,0.3925
209554,0.4075
209555,0.58
209556,0.5175
209557,0.5025
209558,0.4025
209559,0.69
209560,0.5875
209561,0.6275
209562,0.465
209563,0.5925
209564,0.4225
209565,0.4825
209566,0.5525
209567,0.5175
209568,0.6225
209569,0.525
209570,0.4625
209571,0.6375
209572,0.54
209573,0.42
209574,0.4075
209575,0.5525
209576,0.48
209577,0.3925
209578,0.55
209579,0.4575
209580,0.595
209581,0.5375
209582,0.515
209583,0.455
209584,0.6
209585,0.54
209586,0.37
209587,0.4725
209588,0.5925
209589,0.3875
209590,0.4625
209591,0.64
209592,0.595
209593,0.495
209594,0.5075
209595,0.5075
209596,0.3525
209597,0.7
209598,0.4475
209599,0.69
209600,0.3925
209601,0.535
209602,0.4975
209603,0.505
209604,0.5125
209605,0.495
209606,0.47
209607,0.39
209608,0.695
209609,0.4675
209610,0.485
209611,0.475
209612,0.4175
209613,0.4975
209614,0.6625
209615,0.585
209616,0.6075
209617,0.405
209618,0.595
209619,0.525
209620,0.415
209621,0.5525
209622,0.615
209623,0.3575
209624,0.3775
209625,0.5275
209626,0.6
209627,0.4975
209628,0.47
209629,0.395
209630,0.515
209631,0.53
209632,0.5875
209633,0.4125
209634,0.4375
209635,0.4625
209636,0.39
209637,0.6025
209638,0.595
209639,0.57
209640,0.69
209641,0.385
209642,0.54
209643,0.39
209644,0.5775
209645,0.3825
209646,0.5875
209647,0.475
209648,0.4825
209649,0.415
209650,0.505
209651,0.3925
209652,0.425
209653,0.3875
209654,0.4375
209655,0.375
209656,0.4625
209657,0.56
209658,0.4525
209659,0.49
209660,0.525
209661,0.5925
209662,0.5225
209663,0.55
209664,0.615
209665,0.59
209666,0.3575
209667,0.5875
209668,0.5875
209669,0.605
209670,0.47
209671,0.4325
209672,0.5975
209673,0.625
209674,0.52
209675,0.4325
209676,0.5025
209677,0.4
209678,0.5975
209679,0.49
209680,0.5425
209681,0.565
209682,0.505
209683,0.5275
209684,0.5225
209685,0.47
209686,0.415
209687,0.355
209688,0.52
209689,0.585
209690,0.565
209691,0.7025
209692,0.4225
209693,0.47
209694,0.375
209695,0.58
209696,0.525
209697,0.4975
209698,0.6075
209699,0.3875
209700,0.39
209701,0.37
209702,0.47
209703,0.5825
209704,0.705
209705,0.5075
209706,0.355
209707,0.525
209708,0.515
209709,0.3475
209710,0.4
209711,0.6725
209712,0.5875
209713,0.35
209714,0.515
209715,0.6
209716,0.545
209717,0.47
209718,0.53
209719,0.615
209720,0.5675
209721,0.23
209722,0.48
209723,0.525
209724,0.645
209725,0.39
209726,0.4875
209727,0.5325
209728,0.475
209729,0.565
209730,0.325
209731,0.5975
209732,0.4875
209733,0.38
209734,0.5625
209735,0.5525
209736,0.625
209737,0.5025
209738,0.525
209739,0.3775
209740,0.5125
209741,0.4025
209742,0.5725
209743,0.5675
209744,0.6625
209745,0.4675
209746,0.5875
209747,0.365
209748,0.3775
209749,0.2425
209750,0.5625
209751,0.2975
209752,0.595
209753,0.495
209754,0.39
209755,0.725
209756,0.485
209757,0.395
209758,0.495
209759,0.53
209760,0.4775
209761,0.545
209762,0.535
209763,0.33
209764,0.4875
209765,0.4675
209766,0.5525
209767,0.67
209768,0.4425
209769,0.4575
209770,0.38
209771,0.6125
209772,0.3425
209773,0.705
209774,0.4375
209775,0.4775
209776,0.3475
209777,0.34
209778,0.4925
209779,0.5125
209780,0.4675
209781,0.475
209782,0.455
209783,0.475
209784,0.66
209785,0.4
209786,0.395
209787,0.5475
209788,0.4875
209789,0.3475
209790,0.4175
209791,0.665
209792,0.3175
209793,0.475
209794,0.57
209795,0.6275
209796,0.3675
209797,0.545
209798,0.4375
209799,0.6125
209800,0.64
209801,0.54
209802,0.48
209803,0.38
209804,0.595
209805,0.5425
209806,0.545
209807,0.465
209808,0.55
209809,0.61
209810,0.49
209811,0.6275
209812,0.48
209813,0.5075
209814,0.63
209815,0.435
209816,0.5875
209817,0.525
209818,0.505
209819,0.4125
209820,0.6825
209821,0.4675
209822,0.435
209823,0.4475
209824,0.48
209825,0.375
209826,0.425
209827,0.51
209828,0.6125
209829,0.35
209830,0.5725
209831,0.4675
209832,0.46
209833,0.5125
209834,0.385
209835,0.5875
209836,0.7425
209837,0.5525
209838,0.5375
209839,0.54
209840,0.625
209841,0.5625
209842,0.455
209843,0.5125
209844,0.5125
209845,0.6775
209846,0.3975
209847,0.64
209848,0.67
209849,0.4275
209850,0.54
209851,0.41
209852,0.445
209853,0.5125
209854,0.535
209855,0.61
209856,0.525
209857,0.665
209858,0.3925
209859,0.4075
209860,0.4575
209861,0.4175
209862,0.52
209863,0.695
209864,0.65
209865,0.445
209866,0.62
209867,0.515
209868,0.6475
209869,0.5175
209870,0.4325
209871,0.5525
209872,0.535
209873,0.5
209874,0.4275
209875,0.425
209876,0.4025
209877,0.32
209878,0.505
209879,0.465
209880,0.3625
209881,0.5475
209882,0.515
209883,0.62
209884,0.5275
209885,0.3875
209886,0.4725
209887,0.5575
209888,0.5775
209889,0.4725
209890,0.4525
209891,0.44
209892,0.5025
209893,0.365
209894,0.47
209895,0.5225
209896,0.53
209897,0.4975
209898,0.6025
209899,0.5325
209900,0.7
209901,0.4125
209902,0.4325
209903,0.435
209904,0.535
209905,0.525
209906,0.465
209907,0.5225
209908,0.5925
209909,0.5325
209910,0.4625
209911,0.485
209912,0.54
209913,0.52
209914,0.585
209915,0.25
209916,0.72
209917,0.575
209918,0.5825
209919,0.4775
209920,0.5625
209921,0.4625
209922,0.6425
209923,0.5125
209924,0.605
209925,0.5
209926,0.5125
209927,0.5275
209928,0.4075
209929,0.525
209930,0.51
209931,0.31
209932,0.645
209933,0.545
209934,0.6475
209935,0.625
209936,0.5575
209937,0.595
209938,0.4675
209939,0.6525
209940,0.515
209941,0.29
209942,0.4225
209943,0.5125
209944,0.4
209945,0.49
209946,0.445
209947,0.4375
209948,0.57
209949,0.595
209950,0.77
209951,0.505
209952,0.4925
209953,0.52
209954,0.625
209955,0.4575
209956,0.5075
209957,0.515
209958,0.4775
209959,0.42
209960,0.435
209961,0.3725
209962,0.4125
209963,0.61
209964,0.38
209965,0.435
209966,0.4775
209967,0.4
209968,0.465
209969,0.4525
209970,0.3775
209971,0.4125
209972,0.49
209973,0.53
209974,0.6275
209975,0.52
209976,0.5675
209977,0.5075
209978,0.57
209979,0.3425
209980,0.455
209981,0.5075
209982,0.5575
209983,0.6225
209984,0.44
209985,0.705
209986,0.68
209987,0.375
209988,0.425
209989,0.555
209990,0.4925
209991,0.435
209992,0.4425
209993,0.48
209994,0.5075
209995,0.5425
209996,0.3075
209997,0.5225
209998,0.52
209999,0.3475
210000,0.5075
210001,0.4025
210002,0.44
210003,0.56
210004,0.3425
210005,0.65
210006,0.5
210007,0.5075
210008,0.36
210009,0.63
210010,0.5275
210011,0.5125
210012,0.37
210013,0.4875
210014,0.5725
210015,0.6075
210016,0.485
210017,0.4575
210018,0.4425
210019,0.5425
210020,0.47
210021,0.675
210022,0.435
210023,0.4525
210024,0.4075
210025,0.685
210026,0.2325
210027,0.535
210028,0.41
210029,0.6575
210030,0.585
210031,0.59
210032,0.37
210033,0.3775
210034,0.605
210035,0.5
210036,0.53
210037,0.3625
210038,0.475
210039,0.575
210040,0.43
210041,0.6725
210042,0.415
210043,0.5225
210044,0.53
210045,0.5175
210046,0.5125
210047,0.51
210048,0.4475
210049,0.3925
210050,0.645
210051,0.52
210052,0.6975
210053,0.6
210054,0.5975
210055,0.5725
210056,0.5225
210057,0.435
210058,0.5075
210059,0.5875
210060,0.6225
210061,0.4725
210062,0.5425
210063,0.5775
210064,0.5525
210065,0.47
210066,0.4825
210067,0.575
210068,0.5325
210069,0.52
210070,0.3825
210071,0.6275
210072,0.465
210073,0.4925
210074,0.5325
210075,0.5525
210076,0.535
210077,0.67
210078,0.4
210079,0.625
210080,0.545
210081,0.4125
210082,0.4725
210083,0.5125
210084,0.4175
210085,0.3275
210086,0.4475
210087,0.5375
210088,0.5225
210089,0.4825
210090,0.51
210091,0.5075
210092,0.5375
210093,0.535
210094,0.5025
210095,0.54
210096,0.47
210097,0.5025
210098,0.5875
210099,0.5325
210100,0.485
210101,0.4325
210102,0.3975
210103,0.42
210104,0.4575
210105,0.585
210106,0.5925
210107,0.6875
210108,0.44
210109,0.7075
210110,0.4925
210111,0.4025
210112,0.555
210113,0.5275
210114,0.3725
210115,0.485
210116,0.5375
210117,0.48
210118,0.52
210119,0.495
210120,0.3175
210121,0.52
210122,0.505
210123,0.5025
210124,0.6625
210125,0.37
210126,0.5425
210127,0.4225
210128,0.55
210129,0.61
210130,0.5975
210131,0.54
210132,0.5175
210133,0.46
210134,0.6075
210135,0.4975
210136,0.52
210137,0.69
210138,0.485
210139,0.585
210140,0.355
210141,0.5825
210142,0.445
210143,0.43
210144,0.525
210145,0.3975
210146,0.3175
210147,0.585
210148,0.6275
210149,0.5925
210150,0.625
210151,0.535
210152,0.46
210153,0.3625
210154,0.4225
210155,0.5575
210156,0.305
210157,0.585
210158,0.635
210159,0.495
210160,0.2
210161,0.6575
210162,0.6
210163,0.515
210164,0.3775
210165,0.6375
210166,0.52
210167,0.625
210168,0.625
210169,0.565
210170,0.4675
210171,0.6
210172,0.61
210173,0.5975
210174,0.32
210175,0.4975
210176,0.5375
210177,0.5825
210178,0.5525
210179,0.4675
210180,0.56
210181,0.55
210182,0.425
210183,0.515
210184,0.6125
210185,0.43
210186,0.565
210187,0.6175
210188,0.4575
210189,0.3725
210190,0.505
210191,0.7075
210192,0.4225
210193,0.455
210194,0.3825
210195,0.56
210196,0.6775
210197,0.355
210198,0.5475
210199,0.4825
210200,0.605
210201,0.575
210202,0.4425
210203,0.585
210204,0.4625
210205,0.4925
210206,0.595
210207,0.605
210208,0.5925
210209,0.5425
210210,0.55
210211,0.57
210212,0.505
210213,0.5575
210214,0.61
210215,0.5775
210216,0.5175
210217,0.49
210218,0.4325
210219,0.535
210220,0.5
210221,0.5125
210222,0.4875
210223,0.42
210224,0.525
210225,0.3675
210226,0.56
210227,0.59
210228,0.54
210229,0.4725
210230,0.5
210231,0.3275
210232,0.7275
210233,0.5875
210234,0.38
210235,0.565
210236,0.39
210237,0.545
210238,0.575
210239,0.4425
210240,0.46
210241,0.47
210242,0.5525
210243,0.5825
210244,0.4525
210245,0.53
210246,0.5825
210247,0.4875
210248,0.5425
210249,0.5475
210250,0.3875
210251,0.4825
210252,0.51
210253,0.535
210254,0.585
210255,0.3875
210256,0.3975
210257,0.46
210258,0.49
210259,0.5475
210260,0.505
210261,0.595
210262,0.515
210263,0.38
210264,0.685
210265,0.43
210266,0.4375
210267,0.595
210268,0.3975
210269,0.5725
210270,0.3575
210271,0.53
210272,0.495
210273,0.3475
210274,0.4925
210275,0.2875
210276,0.555
210277,0.5675
210278,0.4425
210279,0.4325
210280,0.4425
210281,0.635
210282,0.625
210283,0.595
210284,0.51
210285,0.5625
210286,0.3825
210287,0.4675
210288,0.465
210289,0.5475
210290,0.3375
210291,0.49
210292,0.635
210293,0.565
210294,0.4725
210295,0.5475
210296,0.4825
210297,0.5725
210298,0.5875
210299,0.51
210300,0.5325
210301,0.6025
210302,0.3975
210303,0.6525
210304,0.3875
210305,0.5975
210306,0.55
210307,0.34
210308,0.47
210309,0.64
210310,0.42
210311,0.48
210312,0.4825
210313,0.5875
210314,0.6925
210315,0.4925
210316,0.6225
210317,0.5775
210318,0.695
210319,0.34
210320,0.6
210321,0.48
210322,0.4225
210323,0.56
210324,0.6475
210325,0.6025
210326,0.555
210327,0.435
210328,0.5425
210329,0.69
210330,0.5875
210331,0.625
210332,0.5625
210333,0.5
210334,0.675
210335,0.535
210336,0.58
210337,0.615
210338,0.65
210339,0.4725
210340,0.5375
210341,0.45
210342,0.475
210343,0.4075
210344,0.605
210345,0.47
210346,0.5425
210347,0.5475
210348,0.5275
210349,0.4
210350,0.555
210351,0.515
210352,0.52
210353,0.5
210354,0.54
210355,0.5825
210356,0.3825
210357,0.555
210358,0.495
210359,0.5775
210360,0.36
210361,0.5275
210362,0.4425
210363,0.5425
210364,0.65
210365,0.52
210366,0.53
210367,0.56
210368,0.6225
210369,0.6
210370,0.5125
210371,0.63
210372,0.6425
210373,0.575
210374,0.595
210375,0.5375
210376,0.495
210377,0.54
210378,0.515
210379,0.555
210380,0.4725
210381,0.6525
210382,0.5275
210383,0.67
210384,0.525
210385,0.4825
210386,0.5025
210387,0.6225
210388,0.33
210389,0.4875
210390,0.64
210391,0.4575
210392,0.6
210393,0.4525
210394,0.405
210395,0.61
210396,0.505
210397,0.27
210398,0.4575
210399,0.69
210400,0.7175
210401,0.395
210402,0.5525
210403,0.6925
210404,0.51
210405,0.385
210406,0.4525
210407,0.535
210408,0.44
210409,0.46
210410,0.67
210411,0.4025
210412,0.52
210413,0.505
210414,0.53
210415,0.7925
210416,0.4775
210417,0.6125
210418,0.52
210419,0.4575
210420,0.42
210421,0.6775
210422,0.3675
210423,0.5825
210424,0.3375
210425,0.53
210426,0.515
210427,0.535
210428,0.3875
210429,0.3325
210430,0.6425
210431,0.5
210432,0.4825
210433,0.44
210434,0.48
210435,0.47
210436,0.5875
210437,0.4925
210438,0.545
210439,0.575
210440,0.5925
210441,0.4425
210442,0.545
210443,0.5975
210444,0.4425
210445,0.565
210446,0.63
210447,0.595
210448,0.6925
210449,0.47
210450,0.4075
210451,0.195
210452,0.485
210453,0.5125
210454,0.4525
210455,0.5125
210456,0.6475
210457,0.355
210458,0.4775
210459,0.5525
210460,0.4575
210461,0.6975
210462,0.42
210463,0.51
210464,0.62
210465,0.485
210466,0.505
210467,0.555
210468,0.52
210469,0.4825
210470,0.365
210471,0.5725
210472,0.5475
210473,0.5
210474,0.4
210475,0.4425
210476,0.475
210477,0.5225
210478,0.6225
210479,0.3125
210480,0.56
210481,0.5225
210482,0.335
210483,0.4325
210484,0.5775
210485,0.5225
210486,0.665
210487,0.455
210488,0.4725
210489,0.525
210490,0.54
210491,0.5425
210492,0.5175
210493,0.57
210494,0.715
210495,0.67
210496,0.61
210497,0.295
210498,0.68
210499,0.475
210500,0.57
210501,0.525
210502,0.6025
210503,0.605
210504,0.59
210505,0.575
210506,0.4825
210507,0.5125
210508,0.3175
210509,0.405
210510,0.495
210511,0.38
210512,0.3825
210513,0.57
210514,0.54
210515,0.7525
210516,0.5125
210517,0.5875
210518,0.5225
210519,0.4375
210520,0.4625
210521,0.3725
210522,0.5975
210523,0.2575
210524,0.5275
210525,0.5825
210526,0.3725
210527,0.455
210528,0.4625
210529,0.425
210530,0.51
210531,0.49
210532,0.7325
210533,0.6225
210534,0.6275
210535,0.3475
210536,0.34
210537,0.5
210538,0.5725
210539,0.6
210540,0.54
210541,0.6875
210542,0.4675
210543,0.5975
210544,0.48
210545,0.5325
210546,0.4825
210547,0.5325
210548,0.575
210549,0.4625
210550,0.49
210551,0.5375
210552,0.395
210553,0.4125
210554,0.4975
210555,0.4275
210556,0.4225
210557,0.5
210558,0.41
210559,0.635
210560,0.4775
210561,0.6675
210562,0.3725
210563,0.625
210564,0.52
210565,0.5925
210566,0.43
210567,0.5175
210568,0.4875
210569,0.5325
210570,0.3575
210571,0.355
210572,0.5475
210573,0.505
210574,0.68
210575,0.4925
210576,0.665
210577,0.3125
210578,0.4825
210579,0.36
210580,0.4275
210581,0.5425
210582,0.6275
210583,0.5975
210584,0.59
210585,0.5075
210586,0.6
210587,0.515
210588,0.5025
210589,0.565
210590,0.6825
210591,0.56
210592,0.3625
210593,0.3725
210594,0.4775
210595,0.615
210596,0.5075
210597,0.435
210598,0.585
210599,0.41
210600,0.54
210601,0.655
210602,0.3525
210603,0.285
210604,0.445
210605,0.56
210606,0.5125
210607,0.42
210608,0.4525
210609,0.44
210610,0.2575
210611,0.655
210612,0.5
210613,0.4425
210614,0.6225
210615,0.32
210616,0.4875
210617,0.5625
210618,0.5
210619,0.4375
210620,0.6425
210621,0.3275
210622,0.42
210623,0.515
210624,0.4025
210625,0.5725
210626,0.51
210627,0.4625
210628,0.5925
210629,0.6525
210630,0.6075
210631,0.5125
210632,0.62
210633,0.695
210634,0.5775
210635,0.425
210636,0.625
210637,0.4325
210638,0.49
210639,0.6475
210640,0.6275
210641,0.5275
210642,0.57
210643,0.455
210644,0.5025
210645,0.4175
210646,0.53
210647,0.525
210648,0.51
210649,0.425
210650,0.425
210651,0.6175
210652,0.525
210653,0.5825
210654,0.455
210655,0.6275
210656,0.5
210657,0.4275
210658,0.515
210659,0.5975
210660,0.3725
210661,0.5775
210662,0.575
210663,0.4075
210664,0.4725
210665,0.5625
210666,0.4875
210667,0.525
210668,0.46
210669,0.4675
210670,0.46
210671,0.6
210672,0.5
210673,0.485
210674,0.545
210675,0.5375
210676,0.3375
210677,0.535
210678,0.6375
210679,0.405
210680,0.52
210681,0.4125
210682,0.4925
210683,0.4275
210684,0.5
210685,0.555
210686,0.4675
210687,0.3825
210688,0.5875
210689,0.5475
210690,0.285
210691,0.53
210692,0.5925
210693,0.495
210694,0.5475
210695,0.4475
210696,0.345
210697,0.665
210698,0.585
210699,0.53
210700,0.505
210701,0.59
210702,0.465
210703,0.545
210704,0.415
210705,0.415
210706,0.4725
210707,0.6775
210708,0.3325
210709,0.4875
210710,0.5925
210711,0.5175
210712,0.6275
210713,0.6075
210714,0.4775
210715,0.4825
210716,0.565
210717,0.5025
210718,0.6225
210719,0.325
210720,0.4
210721,0.445
210722,0.57
210723,0.5875
210724,0.47
210725,0.4275
210726,0.5925
210727,0.4525
210728,0.52
210729,0.4825
210730,0.235
210731,0.535
210732,0.46
210733,0.445
210734,0.5
210735,0.5675
210736,0.4475
210737,0.385
210738,0.53
210739,0.47
210740,0.6425
210741,0.51
210742,0.525
210743,0.6425
210744,0.5125
210745,0.5125
210746,0.36
210747,0.6175
210748,0.68
210749,0.58
210750,0.485
210751,0.495
210752,0.6775
210753,0.3825
210754,0.6175
210755,0.3975
210756,0.39
210757,0.5675
210758,0.51
210759,0.3525
210760,0.6125
210761,0.5725
210762,0.5675
210763,0.6175
210764,0.5125
210765,0.41
210766,0.45
210767,0.4025
210768,0.5175
210769,0.4475
210770,0.635
210771,0.385
210772,0.4425
210773,0.495
210774,0.6475
210775,0.41
210776,0.74
210777,0.5175
210778,0.565
210779,0.4475
210780,0.53
210781,0.575
210782,0.4925
210783,0.4925
210784,0.51
210785,0.5225
210786,0.665
210787,0.63
210788,0.6425
210789,0.6825
210790,0.485
210791,0.5025
210792,0.6825
210793,0.5725
210794,0.51
210795,0.48
210796,0.465
210797,0.4275
210798,0.465
210799,0.445
210800,0.48
210801,0.5125
210802,0.4225
210803,0.4975
210804,0.5175
210805,0.4475
210806,0.5125
210807,0.6475
210808,0.49
210809,0.56
210810,0.4925
210811,0.575
210812,0.55
210813,0.425
210814,0.455
210815,0.65
210816,0.445
210817,0.5975
210818,0.4575
210819,0.45
210820,0.435
210821,0.5525
210822,0.555
210823,0.4925
210824,0.68
210825,0.38
210826,0.4625
210827,0.4375
210828,0.5475
210829,0.41
210830,0.4225
210831,0.5525
210832,0.5575
210833,0.355
210834,0.805
210835,0.53
210836,0.46
210837,0.605
210838,0.3775
210839,0.495
210840,0.4875
210841,0.58
210842,0.4875
210843,0.56
210844,0.4725
210845,0.68
210846,0.51
210847,0.5
210848,0.5
210849,0.695
210850,0.59
210851,0.475
210852,0.405
210853,0.625
210854,0.545
210855,0.4125
210856,0.465
210857,0.5375
210858,0.5025
210859,0.735
210860,0.445
210861,0.515
210862,0.4775
210863,0.5125
210864,0.3475
210865,0.57
210866,0.6025
210867,0.5225
210868,0.4625
210869,0.59
210870,0.57
210871,0.625
210872,0.6675
210873,0.51
210874,0.47
210875,0.565
210876,0.58
210877,0.5275
210878,0.4725
210879,0.5825
210880,0.4025
210881,0.3875
210882,0.5175
210883,0.295
210884,0.4625
210885,0.7125
210886,0.3425
210887,0.6625
210888,0.475
210889,0.455
210890,0.4575
210891,0.57
210892,0.505
210893,0.595
210894,0.47
210895,0.535
210896,0.5
210897,0.5775
210898,0.5875
210899,0.605
210900,0.5825
210901,0.4375
210902,0.5325
210903,0.4375
210904,0.515
210905,0.4225
210906,0.5475
210907,0.51
210908,0.55
210909,0.585
210910,0.38
210911,0.385
210912,0.545
210913,0.355
210914,0.5175
210915,0.455
210916,0.4875
210917,0.45
210918,0.5
210919,0.365
210920,0.4675
210921,0.66
210922,0.6325
210923,0.54
210924,0.6125
210925,0.5025
210926,0.43
210927,0.5325
210928,0.55
210929,0.5425
210930,0.445
210931,0.5325
210932,0.5275
210933,0.535
210934,0.51
210935,0.4275
210936,0.4
210937,0.5275
210938,0.25
210939,0.5125
210940,0.5375
210941,0.5475
210942,0.545
210943,0.585
210944,0.5925
210945,0.61
210946,0.59
210947,0.575
210948,0.4575
210949,0.565
210950,0.4825
210951,0.5375
210952,0.59
210953,0.6725
210954,0.47
210955,0.5375
210956,0.59
210957,0.3325
210958,0.435
210959,0.6725
210960,0.3275
210961,0.4275
210962,0.475
210963,0.56
210964,0.595
210965,0.485
210966,0.45
210967,0.4
210968,0.56
210969,0.48
210970,0.52
210971,0.535
210972,0.52
210973,0.5225
210974,0.4075
210975,0.57
210976,0.565
210977,0.505
210978,0.61
210979,0.4025
210980,0.68
210981,0.5725
210982,0.5575
210983,0.5975
210984,0.5725
210985,0.545
210986,0.6475
210987,0.5075
210988,0.6875
210989,0.5225
210990,0.475
210991,0.5725
210992,0.4025
210993,0.605
210994,0.5
210995,0.515
210996,0.6325
210997,0.5475
210998,0.72
210999,0.5275
211000,0.64
211001,0.5725
211002,0.4675
211003,0.525
211004,0.615
211005,0.45
211006,0.6875
211007,0.575
211008,0.53
211009,0.4625
211010,0.5625
211011,0.49
211012,0.57
211013,0.5125
211014,0.5525
211015,0.4975
211016,0.525
211017,0.4525
211018,0.575
211019,0.495
211020,0.5275
211021,0.52
211022,0.4775
211023,0.51
211024,0.44
211025,0.53
211026,0.64
211027,0.6375
211028,0.6575
211029,0.475
211030,0.55
211031,0.5375
211032,0.4225
211033,0.525
211034,0.5175
211035,0.555
211036,0.425
211037,0.595
211038,0.5175
211039,0.505
211040,0.5375
211041,0.555
211042,0.5025
211043,0.5525
211044,0.505
211045,0.3375
211046,0.45
211047,0.5275
211048,0.3725
211049,0.4525
211050,0.5025
211051,0.5125
211052,0.5975
211053,0.5725
211054,0.4375
211055,0.6225
211056,0.6125
211057,0.6875
211058,0.41
211059,0.58
211060,0.535
211061,0.565
211062,0.4975
211063,0.5075
211064,0.5375
211065,0.6275
211066,0.5525
211067,0.54
211068,0.665
211069,0.7575
211070,0.43
211071,0.53
211072,0.51
211073,0.745
211074,0.6225
211075,0.4775
211076,0.3525
211077,0.3675
211078,0.55
211079,0.505
211080,0.5425
211081,0.3925
211082,0.46
211083,0.6275
211084,0.625
211085,0.51
211086,0.57
211087,0.6925
211088,0.63
211089,0.6075
211090,0.5325
211091,0.7225
211092,0.5975
211093,0.46
211094,0.335
211095,0.5875
211096,0.485
211097,0.53
211098,0.5625
211099,0.4975
211100,0.5575
211101,0.645
211102,0.45
211103,0.57
211104,0.6475
211105,0.57
211106,0.5925
211107,0.53
211108,0.5675
211109,0.61
211110,0.51
211111,0.3725
211112,0.5575
211113,0.5525
211114,0.485
211115,0.485
211116,0.64
211117,0.5925
211118,0.5175
211119,0.615
211120,0.4425
211121,0.515
211122,0.43
211123,0.61
211124,0.485
211125,0.5725
211126,0.49
211127,0.5625
211128,0.7375
211129,0.3775
211130,0.4825
211131,0.55
211132,0.5
211133,0.4125
211134,0.475
211135,0.6025
211136,0.585
211137,0.5
211138,0.5625
211139,0.5375
211140,0.4575
211141,0.6025
211142,0.6325
211143,0.4975
211144,0.475
211145,0.615
211146,0.635
211147,0.5325
211148,0.6175
211149,0.5275
211150,0.42
211151,0.4925
211152,0.5325
211153,0.475
211154,0.355
211155,0.5
211156,0.45
211157,0.535
211158,0.5625
211159,0.4425
211160,0.5075
211161,0.6375
211162,0.5075
211163,0.52
211164,0.545
211165,0.63
211166,0.53
211167,0.4875
211168,0.555
211169,0.5
211170,0.315
211171,0.5075
211172,0.5075
211173,0.365
211174,0.57
211175,0.6525
211176,0.365
211177,0.59
211178,0.4875
211179,0.4125
211180,0.3775
211181,0.625
211182,0.555
211183,0.4475
211184,0.555
211185,0.445
211186,0.445
211187,0.555
211188,0.485
211189,0.455
211190,0.52
211191,0.375
211192,0.3475
211193,0.5525
211194,0.51
211195,0.635
211196,0.59
211197,0.5575
211198,0.475
211199,0.47
211200,0.4825
211201,0.5375
211202,0.5525
211203,0.505
211204,0.465
211205,0.5
211206,0.355
211207,0.5975
211208,0.55
211209,0.68
211210,0.535
211211,0.5075
211212,0.4775
211213,0.5675
211214,0.665
211215,0.6525
211216,0.59
211217,0.5025
211218,0.5275
211219,0.385
211220,0.5525
211221,0.4025
211222,0.445
211223,0.3825
211224,0.5275
211225,0.5125
211226,0.5
211227,0.455
211228,0.4725
211229,0.5575
211230,0.4875
211231,0.7225
211232,0.4725
211233,0.42
211234,0.5225
211235,0.3925
211236,0.6025
211237,0.5325
211238,0.57
211239,0.4875
211240,0.5375
211241,0.545
211242,0.65
211243,0.5275
211244,0.3675
211245,0.4175
211246,0.63
211247,0.335
211248,0.5625
211249,0.43
211250,0.585
211251,0.6425
211252,0.625
211253,0.405
211254,0.53
211255,0.56
211256,0.47
211257,0.5375
211258,0.54
211259,0.28
211260,0.465
211261,0.5025
211262,0.5675
211263,0.6075
211264,0.5825
211265,0.4775
211266,0.57
211267,0.6625
211268,0.4725
211269,0.48
211270,0.5225
211271,0.5125
211272,0.4225
211273,0.53
211274,0.4025
211275,0.63
211276,0.5925
211277,0.3075
211278,0.475
211279,0.43
211280,0.5025
211281,0.6875
211282,0.4575
211283,0.4125
211284,0.54
211285,0.58
211286,0.59
211287,0.5625
211288,0.3875
211289,0.385
211290,0.5775
211291,0.4925
211292,0.4475
211293,0.4575
211294,0.5675
211295,0.49
211296,0.6525
211297,0.355
211298,0.435
211299,0.575
211300,0.465
211301,0.7175
211302,0.5875
211303,0.6
211304,0.5725
211305,0.5575
211306,0.535
211307,0.5925
211308,0.6325
211309,0.465
211310,0.5575
211311,0.4475
211312,0.545
211313,0.485
211314,0.5025
211315,0.5025
211316,0.49
211317,0.4125
211318,0.655
211319,0.51
211320,0.5075
211321,0.5275
211322,0.505
211323,0.48
211324,0.3825
211325,0.5075
211326,0.4625
211327,0.595
211328,0.595
211329,0.48
211330,0.4775
211331,0.62
211332,0.525
211333,0.48
211334,0.4775
211335,0.51
211336,0.465
211337,0.6175
211338,0.5
211339,0.52
211340,0.3325
211341,0.5475
211342,0.6375
211343,0.515
211344,0.51
211345,0.555
211346,0.515
211347,0.56
211348,0.535
211349,0.5625
211350,0.635
211351,0.4225
211352,0.4375
211353,0.4925
211354,0.4425
211355,0.465
211356,0.35
211357,0.63
211358,0.5575
211359,0.46
211360,0.52
211361,0.47
211362,0.5025
211363,0.6725
211364,0.495
211365,0.5325
211366,0.595
211367,0.4775
211368,0.5625
211369,0.6
211370,0.555
211371,0.5375
211372,0.5675
211373,0.365
211374,0.635
211375,0.3825
211376,0.525
211377,0.74
211378,0.47
211379,0.505
211380,0.6475
211381,0.55
211382,0.52
211383,0.5725
211384,0.655
211385,0.55
211386,0.4675
211387,0.4925
211388,0.695
211389,0.56
211390,0.52
211391,0.535
211392,0.5425
211393,0.46
211394,0.53
211395,0.5775
211396,0.5375
211397,0.6275
211398,0.55
211399,0.515
211400,0.505
211401,0.4825
211402,0.6525
211403,0.4475
211404,0.4925
211405,0.53
211406,0.495
211407,0.545
211408,0.605
211409,0.415
211410,0.6525
211411,0.5675
211412,0.6175
211413,0.5125
211414,0.5225
211415,0.57
211416,0.495
211417,0.5975
211418,0.395
211419,0.525
211420,0.5025
211421,0.5
211422,0.4675
211423,0.4975
211424,0.375
211425,0.485
211426,0.5525
211427,0.5675
211428,0.5175
211429,0.6825
211430,0.37
211431,0.4925
211432,0.63
211433,0.4325
211434,0.595
211435,0.3975
211436,0.515
211437,0.57
211438,0.6675
211439,0.595
211440,0.5875
211441,0.5175
211442,0.56
211443,0.545
211444,0.6
211445,0.3475
211446,0.5075
211447,0.4775
211448,0.4925
211449,0.51
211450,0.495
211451,0.715
211452,0.525
211453,0.4225
211454,0.5175
211455,0.64
211456,0.6675
211457,0.4
211458,0.6475
211459,0.6325
211460,0.44
211461,0.495
211462,0.57
211463,0.48
211464,0.435
211465,0.6125
211466,0.51
211467,0.615
211468,0.4675
211469,0.3375
211470,0.505
211471,0.3975
211472,0.6075
211473,0.5525
211474,0.5425
211475,0.59
211476,0.66
211477,0.465
211478,0.4075
211479,0.63
211480,0.54
211481,0.575
211482,0.475
211483,0.72
211484,0.5675
211485,0.6975
211486,0.54
211487,0.46
211488,0.53
211489,0.5725
211490,0.31
211491,0.42
211492,0.4725
211493,0.3825
211494,0.2725
211495,0.4375
211496,0.415
211497,0.53
211498,0.6225
211499,0.7025
211500,0.4025
211501,0.5475
211502,0.5425
211503,0.5675
211504,0.6675
211505,0.67
211506,0.465
211507,0.6725
211508,0.63
211509,0.5375
211510,0.515
211511,0.54
211512,0.4875
211513,0.64
211514,0.635
211515,0.385
211516,0.355
211517,0.4475
211518,0.6725
211519,0.6175
211520,0.5975
211521,0.5775
211522,0.565
211523,0.55
211524,0.5925
211525,0.6325
211526,0.42
211527,0.48
211528,0.5625
211529,0.385
211530,0.51
211531,0.5575
211532,0.46
211533,0.5075
211534,0.62
211535,0.5575
211536,0.4125
211537,0.6875
211538,0.6
211539,0.655
211540,0.32
211541,0.5825
211542,0.555
211543,0.525
211544,0.6375
211545,0.49
211546,0.605
211547,0.5225
211548,0.3925
211549,0.5475
211550,0.3475
211551,0.565
211552,0.5925
211553,0.5525
211554,0.545
211555,0.6275
211556,0.36
211557,0.5025
211558,0.6425
211559,0.355
211560,0.7125
211561,0.3825
211562,0.3725
211563,0.475
211564,0.41
211565,0.625
211566,0.72
211567,0.6625
211568,0.6275
211569,0.4975
211570,0.3475
211571,0.67
211572,0.47
211573,0.4975
211574,0.6
211575,0.5575
211576,0.445
211577,0.575
211578,0.63
211579,0.435
211580,0.505
211581,0.4525
211582,0.5275
211583,0.5025
211584,0.42
211585,0.635
211586,0.38
211587,0.37
211588,0.5125
211589,0.6
211590,0.44
211591,0.3975
211592,0.5
211593,0.4125
211594,0.4675
211595,0.4775
211596,0.4025
211597,0.505
211598,0.495
211599,0.5125
211600,0.58
211601,0.3925
211602,0.6275
211603,0.4325
211604,0.555
211605,0.4525
211606,0.6225
211607,0.6675
211608,0.5675
211609,0.68
211610,0.53
211611,0.6875
211612,0.425
211613,0.515
211614,0.665
211615,0.4625
211616,0.5775
211617,0.5575
211618,0.415
211619,0.64
211620,0.345
211621,0.52
211622,0.4275
211623,0.4375
211624,0.4475
211625,0.48
211626,0.33
211627,0.5625
211628,0.435
211629,0.56
211630,0.5875
211631,0.5025
211632,0.42
211633,0.5975
211634,0.55
211635,0.585
211636,0.5025
211637,0.6425
211638,0.595
211639,0.5875
211640,0.3325
211641,0.455
211642,0.52
211643,0.5475
211644,0.575
211645,0.5225
211646,0.4625
211647,0.445
211648,0.5275
211649,0.585
211650,0.37
211651,0.61
211652,0.5475
211653,0.6525
211654,0.4025
211655,0.5375
211656,0.525
211657,0.5525
211658,0.6125
211659,0.255
211660,0.4875
211661,0.5925
211662,0.5475
211663,0.68
211664,0.48
211665,0.4175
211666,0.4825
211667,0.5425
211668,0.575
211669,0.595
211670,0.51
211671,0.41
211672,0.4975
211673,0.4725
211674,0.5275
211675,0.5575
211676,0.67
211677,0.505
211678,0.53
211679,0.65
211680,0.635
211681,0.605
211682,0.405
211683,0.63
211684,0.6275
211685,0.715
211686,0.55
211687,0.3825
211688,0.4525
211689,0.5925
211690,0.5375
211691,0.4575
211692,0.5925
211693,0.4925
211694,0.5275
211695,0.5575
211696,0.45
211697,0.5325
211698,0.4625
211699,0.615
211700,0.6025
211701,0.4575
211702,0.4525
211703,0.485
211704,0.5525
211705,0.5625
211706,0.5625
211707,0.495
211708,0.5075
211709,0.4625
211710,0.71
211711,0.5875
211712,0.5
211713,0.4075
211714,0.45
211715,0.4525
211716,0.4775
211717,0.5275
211718,0.395
211719,0.4275
211720,0.58
211721,0.615
211722,0.36
211723,0.5625
211724,0.6575
211725,0.4025
211726,0.4525
211727,0.4625
211728,0.365
211729,0.435
211730,0.5375
211731,0.5925
211732,0.37
211733,0.66
211734,0.53
211735,0.5775
211736,0.57
211737,0.5725
211738,0.4825
211739,0.6425
211740,0.6075
211741,0.5625
211742,0.4675
211743,0.5675
211744,0.5475
211745,0.6575
211746,0.635
211747,0.5125
211748,0.3425
211749,0.5075
211750,0.55
211751,0.4275
211752,0.4825
211753,0.4525
211754,0.6175
211755,0.4775
211756,0.6975
211757,0.45
211758,0.4825
211759,0.595
211760,0.6325
211761,0.69
211762,0.61
211763,0.59
211764,0.4575
211765,0.65
211766,0.54
211767,0.5325
211768,0.475
211769,0.545
211770,0.5275
211771,0.365
211772,0.6975
211773,0.5025
211774,0.425
211775,0.585
211776,0.54
211777,0.65
211778,0.435
211779,0.645
211780,0.565
211781,0.625
211782,0.5425
211783,0.4625
211784,0.4625
211785,0.39
211786,0.455
211787,0.445
211788,0.515
211789,0.4675
211790,0.5975
211791,0.645
211792,0.6
211793,0.635
211794,0.5125
211795,0.5525
211796,0.56
211797,0.4
211798,0.565
211799,0.435
211800,0.4875
211801,0.4825
211802,0.5675
211803,0.56
211804,0.62
211805,0.45
211806,0.6275
211807,0.3725
211808,0.5425
211809,0.6675
211810,0.5475
211811,0.47
211812,0.5625
211813,0.505
211814,0.57
211815,0.51
211816,0.255
211817,0.48
211818,0.265
211819,0.53
211820,0.6675
211821,0.3675
211822,0.4
211823,0.6075
211824,0.5425
211825,0.535
211826,0.57
211827,0.6325
211828,0.47
211829,0.5525
211830,0.4375
211831,0.5125
211832,0.485
211833,0.495
211834,0.4375
211835,0.455
211836,0.5875
211837,0.5575
211838,0.6725
211839,0.5975
211840,0.6525
211841,0.42
211842,0.4475
211843,0.4275
211844,0.395
211845,0.44
211846,0.4825
211847,0.4
211848,0.445
211849,0.4225
211850,0.3675
211851,0.485
211852,0.5325
211853,0.525
211854,0.465
211855,0.4125
211856,0.5275
211857,0.4775
211858,0.71
211859,0.45
211860,0.6575
211861,0.5825
211862,0.6125
211863,0.53
211864,0.4675
211865,0.5625
211866,0.6825
211867,0.345
211868,0.4875
211869,0.4075
211870,0.355
211871,0.5775
211872,0.435
211873,0.3975
211874,0.475
211875,0.5675
211876,0.505
211877,0.3925
211878,0.58
211879,0.5175
211880,0.6625
211881,0.39
211882,0.4825
211883,0.685
211884,0.535
211885,0.5825
211886,0.625
211887,0.47
211888,0.4475
211889,0.5125
211890,0.435
211891,0.3225
211892,0.4825
211893,0.5175
211894,0.53
211895,0.5275
211896,0.5825
211897,0.4225
211898,0.37
211899,0.5925
211900,0.625
211901,0.5025
211902,0.53
211903,0.655
211904,0.45
211905,0.5025
211906,0.5625
211907,0.555
211908,0.455
211909,0.61
211910,0.5025
211911,0.6675
211912,0.5075
211913,0.615
211914,0.4675
211915,0.505
211916,0.4175
211917,0.4375
211918,0.45
211919,0.3525
211920,0.62
211921,0.465
211922,0.5975
211923,0.5075
211924,0.3225
211925,0.5925
211926,0.525
211927,0.4125
211928,0.5675
211929,0.55
211930,0.445
211931,0.555
211932,0.505
211933,0.5575
211934,0.615
211935,0.5825
211936,0.4025
211937,0.53
211938,0.5525
211939,0.4725
211940,0.59
211941,0.445
211942,0.5275
211943,0.495
211944,0.63
211945,0.61
211946,0.5325
211947,0.44
211948,0.5025
211949,0.4875
211950,0.4175
211951,0.3975
211952,0.57
211953,0.4975
211954,0.3925
211955,0.47
211956,0.4975
211957,0.48
211958,0.5425
211959,0.615
211960,0.6175
211961,0.4375
211962,0.4975
211963,0.495
211964,0.68
211965,0.4925
211966,0.5325
211967,0.39
211968,0.58
211969,0.45
211970,0.455
211971,0.575
211972,0.5875
211973,0.5675
211974,0.5
211975,0.43
211976,0.4125
211977,0.7125
211978,0.5675
211979,0.655
211980,0.7075
211981,0.3875
211982,0.4675
211983,0.425
211984,0.4725
211985,0.485
211986,0.5275
211987,0.5075
211988,0.49
211989,0.51
211990,0.5725
211991,0.52
211992,0.5925
211993,0.3625
211994,0.5125
211995,0.6175
211996,0.6575
211997,0.4475
211998,0.4925
211999,0.4925
212000,0.475
212001,0.4425
212002,0.4875
212003,0.3675
212004,0.44
212005,0.51
212006,0.5825
212007,0.285
212008,0.6525
212009,0.6375
212010,0.455
212011,0.6175
212012,0.545
212013,0.505
212014,0.5125
212015,0.575
212016,0.5425
212017,0.47
212018,0.5875
212019,0.5175
212020,0.4475
212021,0.435
212022,0.48
212023,0.475
212024,0.47
212025,0.625
212026,0.5175
212027,0.3575
212028,0.5
212029,0.4225
212030,0.48
212031,0.485
212032,0.5025
212033,0.525
212034,0.525
212035,0.555
212036,0.51
212037,0.5625
212038,0.5025
212039,0.5825
212040,0.68
212041,0.4275
212042,0.4925
212043,0.44
212044,0.475
212045,0.385
212046,0.705
212047,0.455
212048,0.555
212049,0.4425
212050,0.4525
212051,0.5775
212052,0.36
212053,0.5
212054,0.4525
212055,0.3725
212056,0.5425
212057,0.585
212058,0.315
212059,0.47
212060,0.345
212061,0.55
212062,0.6375
212063,0.4475
212064,0.53
212065,0.5175
212066,0.535
212067,0.5325
212068,0.4575
212069,0.4475
212070,0.42
212071,0.4575
212072,0.59
212073,0.57
212074,0.565
212075,0.54
212076,0.6025
212077,0.4275
212078,0.4425
212079,0.5225
212080,0.525
212081,0.4675
212082,0.4
212083,0.4975
212084,0.665
212085,0.4675
212086,0.44
212087,0.5925
212088,0.5525
212089,0.46
212090,0.5325
212091,0.4875
212092,0.455
212093,0.455
212094,0.4825
212095,0.4575
212096,0.5275
212097,0.4775
212098,0.515
212099,0.4575
212100,0.4525
212101,0.6475
212102,0.6075
212103,0.375
212104,0.58
212105,0.62
212106,0.47
212107,0.57
212108,0.3875
212109,0.3925
212110,0.4675
212111,0.51
212112,0.445
212113,0.4225
212114,0.545
212115,0.5775
212116,0.59
212117,0.345
212118,0.56
212119,0.465
212120,0.4525
212121,0.6625
212122,0.3975
212123,0.35
212124,0.3425
212125,0.4125
212126,0.3625
212127,0.505
212128,0.5975
212129,0.5575
212130,0.575
212131,0.3575
212132,0.4775
212133,0.6175
212134,0.5125
212135,0.59
212136,0.46
212137,0.4875
212138,0.65
212139,0.5
212140,0.8075
212141,0.74
212142,0.3625
212143,0.265
212144,0.6625
212145,0.4575
212146,0.6
212147,0.585
212148,0.5175
212149,0.34
212150,0.2775
212151,0.5325
212152,0.46
212153,0.56
212154,0.5875
212155,0.565
212156,0.5975
212157,0.525
212158,0.545
212159,0.365
212160,0.5625
212161,0.3925
212162,0.6025
212163,0.36
212164,0.4825
212165,0.78
212166,0.3425
212167,0.5225
212168,0.5425
212169,0.4875
212170,0.44
212171,0.5625
212172,0.63
212173,0.53
212174,0.4975
212175,0.485
212176,0.4325
212177,0.3775
212178,0.4725
212179,0.44
212180,0.5475
212181,0.5575
212182,0.5725
212183,0.4725
212184,0.27
212185,0.445
212186,0.655
212187,0.48
212188,0.495
212189,0.725
212190,0.5075
212191,0.49
212192,0.515
212193,0.5875
212194,0.425
212195,0.4425
212196,0.5325
212197,0.5425
212198,0.4875
212199,0.6775
212200,0.47
212201,0.57
212202,0.4225
212203,0.4575
212204,0.515
212205,0.5925
212206,0.5525
212207,0.4625
212208,0.605
212209,0.48
212210,0.5875
212211,0.5
212212,0.515
212213,0.54
212214,0.5075
212215,0.5325
212216,0.4475
212217,0.4325
212218,0.6125
212219,0.485
212220,0.5925
212221,0.625
212222,0.465
212223,0.6225
212224,0.45
212225,0.515
212226,0.42
212227,0.4075
212228,0.61
212229,0.3525
212230,0.5
212231,0.5475
212232,0.465
212233,0.3125
212234,0.5025
212235,0.4825
212236,0.53
212237,0.56
212238,0.4425
212239,0.4625
212240,0.415
212241,0.6525
212242,0.5575
212243,0.5
212244,0.475
212245,0.54
212246,0.4375
212247,0.675
212248,0.3775
212249,0.3625
212250,0.4675
212251,0.5475
212252,0.5375
212253,0.545
212254,0.6
212255,0.685
212256,0.3275
212257,0.275
212258,0.535
212259,0.3775
212260,0.49
212261,0.58
212262,0.53
212263,0.66
212264,0.4125
212265,0.505
212266,0.5775
212267,0.34
212268,0.545
212269,0.625
212270,0.415
212271,0.5425
212272,0.4775
212273,0.5475
212274,0.4025
212275,0.4575
212276,0.4925
212277,0.6525
212278,0.665
212279,0.4275
212280,0.5975
212281,0.38
212282,0.56
212283,0.4375
212284,0.6075
212285,0.34
212286,0.56
212287,0.4825
212288,0.515
212289,0.475
212290,0.6175
212291,0.4825
212292,0.57
212293,0.6625
212294,0.4175
212295,0.6625
212296,0.4175
212297,0.5475
212298,0.5075
212299,0.435
212300,0.415
212301,0.4775
212302,0.53
212303,0.4925
212304,0.5625
212305,0.355
212306,0.495
212307,0.5125
212308,0.4925
212309,0.5125
212310,0.47
212311,0.4825
212312,0.675
212313,0.4125
212314,0.39
212315,0.675
212316,0.3925
212317,0.5575
212318,0.6175
212319,0.3575
212320,0.555
212321,0.605
212322,0.375
212323,0.3975
212324,0.425
212325,0.57
212326,0.595
212327,0.635
212328,0.58
212329,0.43
212330,0.5525
212331,0.44
212332,0.535
212333,0.56
212334,0.48
212335,0.53
212336,0.38
212337,0.45
212338,0.665
212339,0.5175
212340,0.5175
212341,0.4825
212342,0.5425
212343,0.6275
212344,0.51
212345,0.6075
212346,0.53
212347,0.4225
212348,0.5575
212349,0.415
212350,0.495
212351,0.535
212352,0.4475
212353,0.57
212354,0.5125
212355,0.485
212356,0.6725
212357,0.595
212358,0.4425
212359,0.51
212360,0.445
212361,0.53
212362,0.43
212363,0.405
212364,0.41
212365,0.6025
212366,0.4725
212367,0.36
212368,0.505
212369,0.4675
212370,0.4125
212371,0.5925
212372,0.5175
212373,0.525
212374,0.455
212375,0.7375
212376,0.5975
212377,0.3975
212378,0.505
212379,0.68
212380,0.4
212381,0.6175
212382,0.51
212383,0.49
212384,0.62
212385,0.515
212386,0.6125
212387,0.5225
212388,0.565
212389,0.5025
212390,0.4925
212391,0.3475
212392,0.4525
212393,0.43
212394,0.495
212395,0.41
212396,0.49
212397,0.6825
212398,0.4725
212399,0.6475
212400,0.3775
212401,0.64
212402,0.49
212403,0.5
212404,0.4025
212405,0.42
212406,0.47
212407,0.615
212408,0.4925
212409,0.54
212410,0.3225
212411,0.55
212412,0.6025
212413,0.635
212414,0.48
212415,0.625
212416,0.49
212417,0.475
212418,0.6625
212419,0.6175
212420,0.375
212421,0.5525
212422,0.6475
212423,0.5575
212424,0.52
212425,0.6525
212426,0.42
212427,0.535
212428,0.41
212429,0.705
212430,0.675
212431,0.435
212432,0.4925
212433,0.445
212434,0.5875
212435,0.4075
212436,0.6275
212437,0.4575
212438,0.5475
212439,0.6325
212440,0.47
212441,0.66
212442,0.6475
212443,0.575
212444,0.485
212445,0.6075
212446,0.5125
212447,0.495
212448,0.495
212449,0.535
212450,0.43
212451,0.4925
212452,0.38
212453,0.61
212454,0.4825
212455,0.635
212456,0.61
212457,0.51
212458,0.48
212459,0.49
212460,0.4025
212461,0.315
212462,0.6225
212463,0.6625
212464,0.52
212465,0.4025
212466,0.4975
212467,0.46
212468,0.5625
212469,0.615
212470,0.385
212471,0.475
212472,0.46
212473,0.48
212474,0.7025
212475,0.605
212476,0.465
212477,0.43
212478,0.615
212479,0.5675
212480,0.3725
212481,0.5775
212482,0.5325
212483,0.6
212484,0.5525
212485,0.475
212486,0.555
212487,0.515
212488,0.5275
212489,0.6925
212490,0.56
212491,0.7375
212492,0.57
212493,0.59
212494,0.3675
212495,0.4625
212496,0.5675
212497,0.32
212498,0.7475
212499,0.39
212500,0.5275
212501,0.63
212502,0.365
212503,0.5825
212504,0.5175
212505,0.5425
212506,0.58
212507,0.475
212508,0.5275
212509,0.42
212510,0.35
212511,0.665
212512,0.5275
212513,0.5225
212514,0.68
212515,0.51
212516,0.5425
212517,0.475
212518,0.5
212519,0.5225
212520,0.5625
212521,0.555
212522,0.5525
212523,0.6775
212524,0.6725
212525,0.53
212526,0.325
212527,0.4725
212528,0.56
212529,0.385
212530,0.485
212531,0.49
212532,0.4975
212533,0.605
212534,0.4275
212535,0.4075
212536,0.5125
212537,0.535
212538,0.435
212539,0.3825
212540,0.4875
212541,0.6425
212542,0.4325
212543,0.4625
212544,0.5525
212545,0.4725
212546,0.6025
212547,0.5325
212548,0.575
212549,0.47
212550,0.385
212551,0.4825
212552,0.505
212553,0.51
212554,0.7425
212555,0.5525
212556,0.56
212557,0.4625
212558,0.375
212559,0.61
212560,0.4575
212561,0.28
212562,0.605
212563,0.4175
212564,0.5925
212565,0.535
212566,0.4525
212567,0.5025
212568,0.74
212569,0.44
212570,0.505
212571,0.7525
212572,0.48
212573,0.53
212574,0.395
212575,0.6
212576,0.5825
212577,0.4825
212578,0.4625
212579,0.3825
212580,0.52
212581,0.3775
212582,0.47
212583,0.475
212584,0.4975
212585,0.5775
212586,0.41
212587,0.5
212588,0.45
212589,0.6125
212590,0.6325
212591,0.5375
212592,0.5025
212593,0.44
212594,0.465
212595,0.465
212596,0.3625
212597,0.45
212598,0.64
212599,0.4775
212600,0.48
212601,0.535
212602,0.4025
212603,0.465
212604,0.605
212605,0.48
212606,0.545
212607,0.66
212608,0.405
212609,0.3525
212610,0.5225
212611,0.36
212612,0.54
212613,0.6425
212614,0.625
212615,0.48
212616,0.515
212617,0.565
212618,0.5875
212619,0.6525
212620,0.5375
212621,0.445
212622,0.485
212623,0.425
212624,0.5725
212625,0.2975
212626,0.35
212627,0.44
212628,0.4925
212629,0.6125
212630,0.5175
212631,0.51
212632,0.355
212633,0.4225
212634,0.5175
212635,0.43
212636,0.6225
212637,0.5
212638,0.67
212639,0.5
212640,0.5425
212641,0.6275
212642,0.705
212643,0.525
212644,0.4725
212645,0.48
212646,0.73
212647,0.3525
212648,0.545
212649,0.69
212650,0.525
212651,0.515
212652,0.515
212653,0.7125
212654,0.5475
212655,0.39
212656,0.495
212657,0.4975
212658,0.4425
212659,0.6175
212660,0.43
212661,0.52
212662,0.7325
212663,0.545
212664,0.5075
212665,0.5425
212666,0.4225
212667,0.4575
212668,0.495
212669,0.4925
212670,0.4325
212671,0.5025
212672,0.4025
212673,0.5425
212674,0.5875
212675,0.575
212676,0.515
212677,0.4725
212678,0.3725
212679,0.275
212680,0.6325
212681,0.48
212682,0.485
212683,0.48
212684,0.6325
212685,0.445
212686,0.585
212687,0.4975
212688,0.545
212689,0.53
212690,0.38
212691,0.49
212692,0.66
212693,0.5
212694,0.4375
212695,0.5275
212696,0.325
212697,0.465
212698,0.465
212699,0.44
212700,0.5525
212701,0.55
212702,0.36
212703,0.5625
212704,0.54
212705,0.7625
212706,0.415
212707,0.5725
212708,0.605
212709,0.515
212710,0.5725
212711,0.4075
212712,0.625
212713,0.3325
212714,0.5325
212715,0.655
212716,0.44
212717,0.49
212718,0.39
212719,0.6025
212720,0.465
212721,0.6625
212722,0.5675
212723,0.5325
212724,0.3575
212725,0.4875
212726,0.475
212727,0.67
212728,0.485
212729,0.46
212730,0.3625
212731,0.5125
212732,0.3525
212733,0.555
212734,0.5375
212735,0.6425
212736,0.4725
212737,0.605
212738,0.59
212739,0.4275
212740,0.6075
212741,0.54
212742,0.5875
212743,0.6075
212744,0.5075
212745,0.495
212746,0.505
212747,0.465
212748,0.445
212749,0.48
212750,0.3425
212751,0.6125
212752,0.385
212753,0.4425
212754,0.47
212755,0.67
212756,0.52
212757,0.58
212758,0.4675
212759,0.4575
212760,0.75
212761,0.5625
212762,0.6025
212763,0.42
212764,0.48
212765,0.4875
212766,0.4225
212767,0.5975
212768,0.555
212769,0.515
212770,0.4175
212771,0.62
212772,0.625
212773,0.495
212774,0.575
212775,0.55
212776,0.5925
212777,0.4
212778,0.5175
212779,0.5925
212780,0.5475
212781,0.435
212782,0.5475
212783,0.6325
212784,0.5825
212785,0.5875
212786,0.43
212787,0.725
212788,0.6175
212789,0.42
212790,0.5525
212791,0.5175
212792,0.5075
212793,0.395
212794,0.25
212795,0.55
212796,0.5675
212797,0.375
212798,0.455
212799,0.5325
212800,0.3775
212801,0.51
212802,0.585
212803,0.6375
212804,0.475
212805,0.455
212806,0.6475
212807,0.5175
212808,0.4975
212809,0.55
212810,0.5675
212811,0.4725
212812,0.4625
212813,0.32
212814,0.5175
212815,0.505
212816,0.5075
212817,0.3175
212818,0.56
212819,0.4325
212820,0.685
212821,0.53
212822,0.5225
212823,0.45
212824,0.4975
212825,0.395
212826,0.67
212827,0.4625
212828,0.53
212829,0.515
212830,0.64
212831,0.54
212832,0.515
212833,0.6025
212834,0.4575
212835,0.53
212836,0.425
212837,0.5275
212838,0.6475
212839,0.43
212840,0.675
212841,0.52
212842,0.4525
212843,0.4575
212844,0.6025
212845,0.4825
212846,0.455
212847,0.435
212848,0.505
212849,0.5375
212850,0.4875
212851,0.5125
212852,0.5525
212853,0.67
212854,0.66
212855,0.5425
212856,0.4275
212857,0.27
212858,0.6
212859,0.5125
212860,0.5825
212861,0.4925
212862,0.495
212863,0.5975
212864,0.605
212865,0.5575
212866,0.4025
212867,0.565
212868,0.4425
212869,0.3725
212870,0.6875
212871,0.5025
212872,0.6725
212873,0.6
212874,0.5975
212875,0.4775
212876,0.605
212877,0.4675
212878,0.61
212879,0.4725
212880,0.4725
212881,0.345
212882,0.6525
212883,0.525
212884,0.475
212885,0.48
212886,0.3875
212887,0.6275
212888,0.4825
212889,0.455
212890,0.5375
212891,0.4275
212892,0.53
212893,0.5625
212894,0.325
212895,0.5775
212896,0.42
212897,0.515
212898,0.46
212899,0.4675
212900,0.5275
212901,0.6825
212902,0.5525
212903,0.3575
212904,0.6625
212905,0.35
212906,0.5275
212907,0.5225
212908,0.68
212909,0.5825
212910,0.56
212911,0.45
212912,0.5425
212913,0.4175
212914,0.61
212915,0.5225
212916,0.505
212917,0.3675
212918,0.6825
212919,0.56
212920,0.5325
212921,0.4425
212922,0.5175
212923,0.615
212924,0.4875
212925,0.665
212926,0.505
212927,0.5375
212928,0.555
212929,0.4825
212930,0.495
212931,0.49
212932,0.525
212933,0.6525
212934,0.525
212935,0.505
212936,0.5925
212937,0.63
212938,0.545
212939,0.655
212940,0.725
212941,0.6425
212942,0.5125
212943,0.565
212944,0.525
212945,0.4225
212946,0.525
212947,0.445
212948,0.43
212949,0.59
212950,0.5675
212951,0.615
212952,0.655
212953,0.5025
212954,0.495
212955,0.3675
212956,0.6325
212957,0.44
212958,0.615
212959,0.49
212960,0.3975
212961,0.57
212962,0.52
212963,0.5025
212964,0.57
212965,0.5775
212966,0.6375
212967,0.415
212968,0.3425
212969,0.53
212970,0.5425
212971,0.5225
212972,0.6125
212973,0.525
212974,0.405
212975,0.5325
212976,0.47
212977,0.55
212978,0.545
212979,0.6525
212980,0.4775
212981,0.6075
212982,0.4675
212983,0.405
212984,0.5325
212985,0.575
212986,0.58
212987,0.6
212988,0.58
212989,0.515
212990,0.6225
212991,0.47
212992,0.6075
212993,0.51
212994,0.37
212995,0.4675
212996,0.39
212997,0.36
212998,0.4075
212999,0.475
213000,0.7175
213001,0.495
213002,0.5225
213003,0.4875
213004,0.45
213005,0.5125
213006,0.565
213007,0.6475
213008,0.4825
213009,0.5575
213010,0.465
213011,0.5225
213012,0.57
213013,0.5475
213014,0.38
213015,0.3675
213016,0.385
213017,0.47
213018,0.435
213019,0.43
213020,0.49
213021,0.4225
213022,0.5175
213023,0.4325
213024,0.585
213025,0.4275
213026,0.5375
213027,0.49
213028,0.5475
213029,0.4375
213030,0.5825
213031,0.3575
213032,0.425
213033,0.5325
213034,0.5325
213035,0.595
213036,0.5825
213037,0.4025
213038,0.455
213039,0.7175
213040,0.505
213041,0.465
213042,0.495
213043,0.465
213044,0.5125
213045,0.4775
213046,0.5225
213047,0.465
213048,0.3825
213049,0.4075
213050,0.3125
213051,0.35
213052,0.6275
213053,0.495
213054,0.4375
213055,0.61
213056,0.6125
213057,0.515
213058,0.6925
213059,0.5875
213060,0.42
213061,0.425
213062,0.435
213063,0.685
213064,0.64
213065,0.505
213066,0.5175
213067,0.3775
213068,0.3425
213069,0.365
213070,0.475
213071,0.5675
213072,0.6075
213073,0.645
213074,0.4975
213075,0.505
213076,0.415
213077,0.5875
213078,0.53
213079,0.385
213080,0.655
213081,0.39
213082,0.5725
213083,0.4775
213084,0.5675
213085,0.52
213086,0.47
213087,0.6
213088,0.3875
213089,0.565
213090,0.5225
213091,0.5575
213092,0.5875
213093,0.5675
213094,0.3925
213095,0.655
213096,0.46
213097,0.4625
213098,0.4775
213099,0.295
213100,0.5975
213101,0.6
213102,0.4925
213103,0.49
213104,0.48
213105,0.3375
213106,0.3475
213107,0.595
213108,0.4725
213109,0.6
213110,0.5175
213111,0.5125
213112,0.4325
213113,0.585
213114,0.54
213115,0.5575
213116,0.6475
213117,0.475
213118,0.5325
213119,0.43
213120,0.5225
213121,0.5825
213122,0.545
213123,0.5325
213124,0.3775
213125,0.4775
213126,0.6575
213127,0.505
213128,0.5775
213129,0.3875
213130,0.5175
213131,0.485
213132,0.5575
213133,0.52
213134,0.7825
213135,0.69
213136,0.505
213137,0.605
213138,0.7225
213139,0.5075
213140,0.5425
213141,0.6
213142,0.545
213143,0.4825
213144,0.365
213145,0.5525
213146,0.2675
213147,0.5375
213148,0.4225
213149,0.4175
213150,0.6225
213151,0.5025
213152,0.49
213153,0.525
213154,0.61
213155,0.5925
213156,0.665
213157,0.5475
213158,0.52
213159,0.4175
213160,0.5175
213161,0.565
213162,0.605
213163,0.5225
213164,0.5325
213165,0.525
213166,0.4475
213167,0.46
213168,0.6525
213169,0.4525
213170,0.5025
213171,0.4975
213172,0.5725
213173,0.6075
213174,0.61
213175,0.49
213176,0.3875
213177,0.5925
213178,0.47
213179,0.5
213180,0.5125
213181,0.6475
213182,0.645
213183,0.465
213184,0.4225
213185,0.6475
213186,0.46
213187,0.5175
213188,0.6225
213189,0.6425
213190,0.3625
213191,0.5125
213192,0.5775
213193,0.6775
213194,0.47
213195,0.635
213196,0.345
213197,0.4475
213198,0.43
213199,0.54
213200,0.475
213201,0.47
213202,0.5175
213203,0.4825
213204,0.485
213205,0.38
213206,0.43
213207,0.355
213208,0.5375
213209,0.65
213210,0.56
213211,0.6
213212,0.3875
213213,0.73
213214,0.4575
213215,0.5175
213216,0.4325
213217,0.65
213218,0.3875
213219,0.5625
213220,0.475
213221,0.595
213222,0.5025
213223,0.4125
213224,0.5025
213225,0.63
213226,0.5975
213227,0.595
213228,0.3925
213229,0.525
213230,0.545
213231,0.46
213232,0.575
213233,0.4625
213234,0.425
213235,0.4725
213236,0.485
213237,0.53
213238,0.535
213239,0.635
213240,0.57
213241,0.5575
213242,0.6125
213243,0.4175
213244,0.475
213245,0.465
213246,0.5025
213247,0.515
213248,0.5275
213249,0.3275
213250,0.7275
213251,0.42
213252,0.4725
213253,0.505
213254,0.5375
213255,0.6775
213256,0.3475
213257,0.4575
213258,0.5725
213259,0.5125
213260,0.555
213261,0.3675
213262,0.525
213263,0.3725
213264,0.5025
213265,0.395
213266,0.56
213267,0.4575
213268,0.65
213269,0.5375
213270,0.6375
213271,0.5825
213272,0.5275
213273,0.7825
213274,0.4575
213275,0.54
213276,0.415
213277,0.4675
213278,0.4975
213279,0.63
213280,0.4875
213281,0.53
213282,0.5075
213283,0.4975
213284,0.62
213285,0.56
213286,0.35
213287,0.445
213288,0.535
213289,0.4925
213290,0.445
213291,0.6575
213292,0.5875
213293,0.64
213294,0.575
213295,0.595
213296,0.495
213297,0.535
213298,0.2275
213299,0.555
213300,0.41
213301,0.2
213302,0.5775
213303,0.4925
213304,0.445
213305,0.42
213306,0.375
213307,0.58
213308,0.4925
213309,0.53
213310,0.58
213311,0.4875
213312,0.4675
213313,0.6875
213314,0.62
213315,0.59
213316,0.555
213317,0.535
213318,0.485
213319,0.5425
213320,0.4725
213321,0.6125
213322,0.5425
213323,0.5475
213324,0.4075
213325,0.5275
213326,0.3425
213327,0.4975
213328,0.535
213329,0.5325
213330,0.425
213331,0.585
213332,0.555
213333,0.45
213334,0.4875
213335,0.565
213336,0.4025
213337,0.53
213338,0.5175
213339,0.5175
213340,0.5075
213341,0.5575
213342,0.4925
213343,0.5125
213344,0.445
213345,0.315
213346,0.44
213347,0.6
213348,0.575
213349,0.595
213350,0.5275
213351,0.435
213352,0.515
213353,0.46
213354,0.4475
213355,0.38
213356,0.465
213357,0.5225
213358,0.435
213359,0.315
213360,0.585
213361,0.4375
213362,0.4125
213363,0.4675
213364,0.56
213365,0.665
213366,0.5775
213367,0.5875
213368,0.4225
213369,0.4825
213370,0.2975
213371,0.31
213372,0.495
213373,0.4625
213374,0.5025
213375,0.5125
213376,0.545
213377,0.5225
213378,0.6075
213379,0.5375
213380,0.5075
213381,0.51
213382,0.6
213383,0.6075
213384,0.4775
213385,0.4875
213386,0.39
213387,0.5575
213388,0.58
213389,0.5225
213390,0.375
213391,0.7125
213392,0.3675
213393,0.4125
213394,0.4425
213395,0.51
213396,0.4725
213397,0.48
213398,0.58
213399,0.665
213400,0.4225
213401,0.4925
213402,0.505
213403,0.5575
213404,0.5875
213405,0.5775
213406,0.5875
213407,0.63
213408,0.4725
213409,0.385
213410,0.53
213411,0.3625
213412,0.3
213413,0.6575
213414,0.4675
213415,0.43
213416,0.525
213417,0.645
213418,0.51
213419,0.4475
213420,0.485
213421,0.5775
213422,0.5325
213423,0.5025
213424,0.5975
213425,0.6325
213426,0.615
213427,0.5475
213428,0.6225
213429,0.565
213430,0.5425
213431,0.4625
213432,0.53
213433,0.57
213434,0.48
213435,0.6875
213436,0.5475
213437,0.435
213438,0.56
213439,0.65
213440,0.5725
213441,0.5125
213442,0.455
213443,0.43
213444,0.3175
213445,0.58
213446,0.535
213447,0.415
213448,0.525
213449,0.4575
213450,0.515
213451,0.6275
213452,0.585
213453,0.3525
213454,0.485
213455,0.6
213456,0.54
213457,0.4225
213458,0.5275
213459,0.4175
213460,0.44
213461,0.4425
213462,0.405
213463,0.4775
213464,0.42
213465,0.5675
213466,0.5275
213467,0.54
213468,0.5525
213469,0.6125
213470,0.4825
213471,0.4275
213472,0.5225
213473,0.4775
213474,0.4875
213475,0.5775
213476,0.38
213477,0.4725
213478,0.4975
213479,0.53
213480,0.3925
213481,0.6525
213482,0.445
213483,0.485
213484,0.3475
213485,0.5225
213486,0.375
213487,0.63
213488,0.5025
213489,0.4325
213490,0.3
213491,0.535
213492,0.375
213493,0.61
213494,0.54
213495,0.5925
213496,0.2175
213497,0.3775
213498,0.5525
213499,0.4925
213500,0.4575
213501,0.4975
213502,0.53
213503,0.5725
213504,0.7625
213505,0.5725
213506,0.5
213507,0.325
213508,0.4025
213509,0.5625
213510,0.5725
213511,0.42
213512,0.4825
213513,0.4975
213514,0.5625
213515,0.5725
213516,0.4125
213517,0.4775
213518,0.6275
213519,0.6525
213520,0.4725
213521,0.6675
213522,0.515
213523,0.395
213524,0.365
213525,0.51
213526,0.505
213527,0.39
213528,0.4325
213529,0.5625
213530,0.52
213531,0.485
213532,0.4775
213533,0.635
213534,0.435
213535,0.4
213536,0.65
213537,0.415
213538,0.365
213539,0.4575
213540,0.255
213541,0.56
213542,0.49
213543,0.5475
213544,0.4975
213545,0.62
213546,0.44
213547,0.475
213548,0.58
213549,0.4675
213550,0.515
213551,0.57
213552,0.4125
213553,0.5775
213554,0.5575
213555,0.5125
213556,0.655
213557,0.49
213558,0.4425
213559,0.2625
213560,0.58
213561,0.5
213562,0.4025
213563,0.495
213564,0.4775
213565,0.505
213566,0.66
213567,0.44
213568,0.5575
213569,0.5825
213570,0.5075
213571,0.7425
213572,0.465
213573,0.465
213574,0.51
213575,0.465
213576,0.4925
213577,0.555
213578,0.63
213579,0.4175
213580,0.5875
213581,0.62
213582,0.585
213583,0.6325
213584,0.455
213585,0.63
213586,0.5675
213587,0.465
213588,0.655
213589,0.475
213590,0.5425
213591,0.5525
213592,0.625
213593,0.5575
213594,0.47
213595,0.605
213596,0.465
213597,0.615
213598,0.495
213599,0.5775
213600,0.5625
213601,0.665
213602,0.515
213603,0.69
213604,0.5575
213605,0.62
213606,0.4425
213607,0.495
213608,0.45
213609,0.45
213610,0.485
213611,0.36
213612,0.5225
213613,0.5175
213614,0.6625
213615,0.495
213616,0.4825
213617,0.51
213618,0.5975
213619,0.4375
213620,0.5175
213621,0.62
213622,0.585
213623,0.56
213624,0.5125
213625,0.7075
213626,0.575
213627,0.445
213628,0.515
213629,0.4675
213630,0.4875
213631,0.5575
213632,0.5225
213633,0.605
213634,0.645
213635,0.38
213636,0.6325
213637,0.6725
213638,0.5775
213639,0.4875
213640,0.5475
213641,0.5225
213642,0.7375
213643,0.65
213644,0.425
213645,0.52
213646,0.525
213647,0.5125
213648,0.6275
213649,0.4125
213650,0.3425
213651,0.51
213652,0.55
213653,0.5725
213654,0.445
213655,0.575
213656,0.4875
213657,0.45
213658,0.63
213659,0.6025
213660,0.4025
213661,0.645
213662,0.455
213663,0.505
213664,0.54
213665,0.6625
213666,0.64
213667,0.4125
213668,0.3525
213669,0.4375
213670,0.48
213671,0.43
213672,0.4225
213673,0.3725
213674,0.655
213675,0.6325
213676,0.5925
213677,0.5325
213678,0.5725
213679,0.53
213680,0.4375
213681,0.7125
213682,0.5275
213683,0.595
213684,0.555
213685,0.3475
213686,0.55
213687,0.63
213688,0.5125
213689,0.505
213690,0.54
213691,0.6
213692,0.5875
213693,0.5
213694,0.4075
213695,0.5775
213696,0.62
213697,0.5325
213698,0.5825
213699,0.495
213700,0.47
213701,0.2975
213702,0.5475
213703,0.4675
213704,0.55
213705,0.455
213706,0.485
213707,0.4875
213708,0.565
213709,0.67
213710,0.385
213711,0.56
213712,0.6825
213713,0.5175
213714,0.5
213715,0.56
213716,0.575
213717,0.4375
213718,0.4775
213719,0.56
213720,0.455
213721,0.5025
213722,0.43
213723,0.555
213724,0.57
213725,0.425
213726,0.5025
213727,0.6875
213728,0.48
213729,0.4825
213730,0.5825
213731,0.4975
213732,0.5625
213733,0.5225
213734,0.5125
213735,0.565
213736,0.4875
213737,0.425
213738,0.5125
213739,0.4625
213740,0.6625
213741,0.49
213742,0.4925
213743,0.545
213744,0.5525
213745,0.6725
213746,0.54
213747,0.485
213748,0.5575
213749,0.6
213750,0.53
213751,0.5125
213752,0.5425
213753,0.77
213754,0.4175
213755,0.515
213756,0.5475
213757,0.4375
213758,0.3575
213759,0.445
213760,0.54
213761,0.4525
213762,0.6025
213763,0.665
213764,0.585
213765,0.645
213766,0.5775
213767,0.51
213768,0.6125
213769,0.585
213770,0.46
213771,0.5175
213772,0.555
213773,0.51
213774,0.63
213775,0.605
213776,0.3475
213777,0.6025
213778,0.4525
213779,0.535
213780,0.55
213781,0.505
213782,0.345
213783,0.5375
213784,0.6475
213785,0.4925
213786,0.37
213787,0.5225
213788,0.5525
213789,0.515
213790,0.545
213791,0.535
213792,0.395
213793,0.4025
213794,0.4975
213795,0.46
213796,0.51
213797,0.445
213798,0.44
213799,0.4775
213800,0.625
213801,0.5375
213802,0.68
213803,0.4175
213804,0.675
213805,0.5275
213806,0.545
213807,0.665
213808,0.6575
213809,0.385
213810,0.57
213811,0.525
213812,0.4875
213813,0.41
213814,0.5825
213815,0.465
213816,0.545
213817,0.4775
213818,0.3775
213819,0.465
213820,0.5625
213821,0.4925
213822,0.545
213823,0.56
213824,0.41
213825,0.57
213826,0.655
213827,0.4125
213828,0.545
213829,0.6325
213830,0.585
213831,0.4525
213832,0.665
213833,0.495
213834,0.475
213835,0.455
213836,0.6125
213837,0.555
213838,0.655
213839,0.5225
213840,0.6575
213841,0.5525
213842,0.485
213843,0.6225
213844,0.5025
213845,0.515
213846,0.4775
213847,0.59
213848,0.4575
213849,0.335
213850,0.745
213851,0.5525
213852,0.48
213853,0.4825
213854,0.605
213855,0.4575
213856,0.53
213857,0.3925
213858,0.3625
213859,0.4775
213860,0.6075
213861,0.53
213862,0.47
213863,0.5475
213864,0.515
213865,0.53
213866,0.355
213867,0.47
213868,0.4125
213869,0.515
213870,0.5275
213871,0.485
213872,0.5375
213873,0.5675
213874,0.4275
213875,0.5425
213876,0.7775
213877,0.61
213878,0.3675
213879,0.66
213880,0.605
213881,0.53
213882,0.535
213883,0.5225
213884,0.555
213885,0.4475
213886,0.4525
213887,0.5125
213888,0.3725
213889,0.68
213890,0.4375
213891,0.73
213892,0.4625
213893,0.6075
213894,0.4325
213895,0.4225
213896,0.7425
213897,0.5875
213898,0.4725
213899,0.5425
213900,0.605
213901,0.465
213902,0.4825
213903,0.5025
213904,0.4425
213905,0.605
213906,0.5025
213907,0.5575
213908,0.5625
213909,0.68
213910,0.555
213911,0.5275
213912,0.555
213913,0.545
213914,0.5575
213915,0.5775
213916,0.555
213917,0.3675
213918,0.735
213919,0.4375
213920,0.6425
213921,0.6175
213922,0.735
213923,0.455
213924,0.485
213925,0.4675
213926,0.575
213927,0.515
213928,0.6075
213929,0.465
213930,0.575
213931,0.41
213932,0.605
213933,0.5
213934,0.465
213935,0.53
213936,0.5825
213937,0.3075
213938,0.65
213939,0.5675
213940,0.2975
213941,0.3
213942,0.59
213943,0.5075
213944,0.5625
213945,0.525
213946,0.705
213947,0.48
213948,0.665
213949,0.44
213950,0.5475
213951,0.4275
213952,0.4025
213953,0.4825
213954,0.4675
213955,0.515
213956,0.5325
213957,0.6225
213958,0.51
213959,0.5625
213960,0.43
213961,0.515
213962,0.3625
213963,0.545
213964,0.68
213965,0.78
213966,0.5075
213967,0.5325
213968,0.525
213969,0.38
213970,0.54
213971,0.485
213972,0.5925
213973,0.4325
213974,0.5025
213975,0.4425
213976,0.5275
213977,0.5375
213978,0.44
213979,0.345
213980,0.4125
213981,0.5275
213982,0.45
213983,0.4275
213984,0.435
213985,0.54
213986,0.5075
213987,0.4375
213988,0.59
213989,0.49
213990,0.5425
213991,0.5225
213992,0.545
213993,0.5925
213994,0.5925
213995,0.5725
213996,0.535
213997,0.465
213998,0.555
213999,0.4725
214000,0.4225
214001,0.4725
214002,0.755
214003,0.5925
214004,0.4725
214005,0.4475
214006,0.4325
214007,0.525
214008,0.51
214009,0.455
214010,0.4625
214011,0.49
214012,0.6475
214013,0.5525
214014,0.485
214015,0.5775
214016,0.5325
214017,0.2575
214018,0.565
214019,0.42
214020,0.595
214021,0.4825
214022,0.5
214023,0.375
214024,0.3425
214025,0.3275
214026,0.4425
214027,0.495
214028,0.6275
214029,0.5425
214030,0.505
214031,0.47
214032,0.6
214033,0.5775
214034,0.4325
214035,0.5875
214036,0.7025
214037,0.605
214038,0.61
214039,0.4975
214040,0.5475
214041,0.4775
214042,0.4875
214043,0.4825
214044,0.48
214045,0.4625
214046,0.4725
214047,0.48
214048,0.6175
214049,0.63
214050,0.4725
214051,0.72
214052,0.645
214053,0.5475
214054,0.495
214055,0.4725
214056,0.475
214057,0.7475
214058,0.3525
214059,0.4725
214060,0.59
214061,0.7225
214062,0.6525
214063,0.4875
214064,0.475
214065,0.68
214066,0.4625
214067,0.4775
214068,0.555
214069,0.6275
214070,0.475
214071,0.5775
214072,0.3425
214073,0.465
214074,0.2425
214075,0.5
214076,0.58
214077,0.515
214078,0.655
214079,0.75
214080,0.4375
214081,0.365
214082,0.4975
214083,0.5325
214084,0.4
214085,0.33
214086,0.495
214087,0.4875
214088,0.495
214089,0.635
214090,0.43
214091,0.4975
214092,0.4675
214093,0.4325
214094,0.44
214095,0.465
214096,0.5875
214097,0.4225
214098,0.4575
214099,0.5375
214100,0.5825
214101,0.55
214102,0.4275
214103,0.4975
214104,0.5125
214105,0.6275
214106,0.5975
214107,0.505
214108,0.59
214109,0.5575
214110,0.2925
214111,0.3575
214112,0.5
214113,0.525
214114,0.555
214115,0.645
214116,0.4975
214117,0.295
214118,0.5725
214119,0.6025
214120,0.575
214121,0.67
214122,0.605
214123,0.41
214124,0.4775
214125,0.4875
214126,0.4675
214127,0.63
214128,0.54
214129,0.6625
214130,0.39
214131,0.43
214132,0.4675
214133,0.44
214134,0.6875
214135,0.6025
214136,0.6275
214137,0.47
214138,0.52
214139,0.475
214140,0.575
214141,0.4475
214142,0.5875
214143,0.54
214144,0.425
214145,0.4975
214146,0.4725
214147,0.4175
214148,0.4975
214149,0.55
214150,0.5075
214151,0.4075
214152,0.345
214153,0.51
214154,0.4775
214155,0.4925
214156,0.4525
214157,0.5325
214158,0.2525
214159,0.5
214160,0.63
214161,0.4525
214162,0.615
214163,0.3575
214164,0.5525
214165,0.5525
214166,0.57
214167,0.4975
214168,0.565
214169,0.65
214170,0.4525
214171,0.575
214172,0.4475
214173,0.445
214174,0.6
214175,0.545
214176,0.54
214177,0.56
214178,0.4525
214179,0.675
214180,0.56
214181,0.51
214182,0.58
214183,0.435
214184,0.7075
214185,0.5725
214186,0.5875
214187,0.5475
214188,0.495
214189,0.485
214190,0.3975
214191,0.3975
214192,0.4875
214193,0.51
214194,0.425
214195,0.6375
214196,0.455
214197,0.51
214198,0.5175
214199,0.295
214200,0.495
214201,0.45
214202,0.275
214203,0.425
214204,0.505
214205,0.57
214206,0.6875
214207,0.4975
214208,0.6175
214209,0.42
214210,0.4
214211,0.515
214212,0.5025
214213,0.52
214214,0.39
214215,0.505
214216,0.675
214217,0.59
214218,0.4825
214219,0.6575
214220,0.2775
214221,0.58
214222,0.4225
214223,0.505
214224,0.63
214225,0.4775
214226,0.3175
214227,0.4675
214228,0.5125
214229,0.335
214230,0.43
214231,0.3425
214232,0.3
214233,0.535
214234,0.4675
214235,0.68
214236,0.585
214237,0.74
214238,0.38
214239,0.5125
214240,0.67
214241,0.6
214242,0.455
214243,0.5425
214244,0.4625
214245,0.5475
214246,0.505
214247,0.5225
214248,0.4775
214249,0.5925
214250,0.4475
214251,0.485
214252,0.645
214253,0.4075
214254,0.4425
214255,0.5225
214256,0.6025
214257,0.325
214258,0.47
214259,0.5825
214260,0.43
214261,0.3375
214262,0.635
214263,0.5725
214264,0.4025
214265,0.6075
214266,0.5875
214267,0.52
214268,0.455
214269,0.405
214270,0.52
214271,0.5525
214272,0.61
214273,0.6525
214274,0.4
214275,0.515
214276,0.61
214277,0.4425
214278,0.56
214279,0.4375
214280,0.4675
214281,0.6325
214282,0.6
214283,0.37
214284,0.56
214285,0.485
214286,0.565
214287,0.535
214288,0.5775
214289,0.575
214290,0.5225
214291,0.695
214292,0.4575
214293,0.4725
214294,0.4675
214295,0.4975
214296,0.67
214297,0.4025
214298,0.4225
214299,0.55
214300,0.4175
214301,0.54
214302,0.555
214303,0.4275
214304,0.475
214305,0.435
214306,0.565
214307,0.605
214308,0.4825
214309,0.4425
214310,0.58
214311,0.52
214312,0.505
214313,0.5325
214314,0.5125
214315,0.5125
214316,0.51
214317,0.5275
214318,0.37
214319,0.605
214320,0.4725
214321,0.6025
214322,0.4675
214323,0.605
214324,0.4575
214325,0.38
214326,0.575
214327,0.57
214328,0.675
214329,0.265
214330,0.505
214331,0.3925
214332,0.44
214333,0.61
214334,0.59
214335,0.6175
214336,0.535
214337,0.3475
214338,0.3525
214339,0.3375
214340,0.505
214341,0.4825
214342,0.6
214343,0.4475
214344,0.5625
214345,0.69
214346,0.62
214347,0.2875
214348,0.48
214349,0.6075
214350,0.5
214351,0.5875
214352,0.48
214353,0.7375
214354,0.455
214355,0.595
214356,0.53
214357,0.56
214358,0.64
214359,0.3625
214360,0.4375
214361,0.45
214362,0.4
214363,0.5
214364,0.6225
214365,0.6125
214366,0.415
214367,0.4325
214368,0.495
214369,0.405
214370,0.5875
214371,0.4775
214372,0.54
214373,0.3525
214374,0.4875
214375,0.46
214376,0.645
214377,0.475
214378,0.6375
214379,0.435
214380,0.4975
214381,0.5075
214382,0.41
214383,0.3
214384,0.6025
214385,0.6725
214386,0.3975
214387,0.445
214388,0.6775
214389,0.5625
214390,0.545
214391,0.3975
214392,0.475
214393,0.53
214394,0.495
214395,0.5125
214396,0.61
214397,0.4725
214398,0.77
214399,0.595
214400,0.635
214401,0.51
214402,0.5375
214403,0.775
214404,0.6375
214405,0.4675
214406,0.4325
214407,0.405
214408,0.5275
214409,0.6275
214410,0.5375
214411,0.305
214412,0.5975
214413,0.53
214414,0.5125
214415,0.6075
214416,0.3825
214417,0.475
214418,0.615
214419,0.44
214420,0.72
214421,0.645
214422,0.71
214423,0.4975
214424,0.4725
214425,0.44
214426,0.53
214427,0.56
214428,0.44
214429,0.5325
214430,0.485
214431,0.665
214432,0.645
214433,0.4575
214434,0.565
214435,0.445
214436,0.4825
214437,0.57
214438,0.49
214439,0.47
214440,0.5875
214441,0.5125
214442,0.5
214443,0.6475
214444,0.2825
214445,0.5625
214446,0.475
214447,0.4475
214448,0.5675
214449,0.5
214450,0.27
214451,0.5575
214452,0.5275
214453,0.3825
214454,0.5625
214455,0.6825
214456,0.5075
214457,0.4725
214458,0.4925
214459,0.395
214460,0.5075
214461,0.44
214462,0.525
214463,0.3875
214464,0.52
214465,0.4875
214466,0.4825
214467,0.675
214468,0.4425
214469,0.5775
214470,0.6025
214471,0.5625
214472,0.58
214473,0.58
214474,0.6925
214475,0.6425
214476,0.5175
214477,0.56
214478,0.3875
214479,0.4825
214480,0.5075
214481,0.4575
214482,0.4375
214483,0.475
214484,0.36
214485,0.4875
214486,0.5125
214487,0.4775
214488,0.53
214489,0.6225
214490,0.57
214491,0.4925
214492,0.4425
214493,0.32
214494,0.545
214495,0.5975
214496,0.5775
214497,0.4325
214498,0.3575
214499,0.4475
214500,0.36
214501,0.4975
214502,0.405
214503,0.3525
214504,0.3275
214505,0.6925
214506,0.4125
214507,0.6825
214508,0.4825
214509,0.4525
214510,0.505
214511,0.3725
214512,0.5
214513,0.6425
214514,0.365
214515,0.375
214516,0.56
214517,0.5675
214518,0.5175
214519,0.6125
214520,0.795
214521,0.5725
214522,0.56
214523,0.61
214524,0.46
214525,0.41
214526,0.635
214527,0.5525
214528,0.505
214529,0.4425
214530,0.4925
214531,0.52
214532,0.57
214533,0.3475
214534,0.515
214535,0.29
214536,0.65
214537,0.5025
214538,0.6775
214539,0.5925
214540,0.48
214541,0.465
214542,0.495
214543,0.5025
214544,0.5225
214545,0.605
214546,0.5
214547,0.6225
214548,0.5825
214549,0.375
214550,0.3775
214551,0.6075
214552,0.4325
214553,0.555
214554,0.52
214555,0.4825
214556,0.515
214557,0.335
214558,0.45
214559,0.45
214560,0.515
214561,0.3525
214562,0.5
214563,0.225
214564,0.54
214565,0.44
214566,0.4975
214567,0.5
214568,0.51
214569,0.485
214570,0.49
214571,0.3625
214572,0.325
214573,0.5075
214574,0.4425
214575,0.38
214576,0.435
214577,0.53
214578,0.445
214579,0.4325
214580,0.3075
214581,0.5825
214582,0.44
214583,0.5425
214584,0.48
214585,0.455
214586,0.5875
214587,0.54
214588,0.545
214589,0.5875
214590,0.51
214591,0.4975
214592,0.655
214593,0.3775
214594,0.5425
214595,0.4425
214596,0.4125
214597,0.53
214598,0.545
214599,0.5425
214600,0.53
214601,0.6125
214602,0.4975
214603,0.5875
214604,0.6525
214605,0.58
214606,0.4275
214607,0.4
214608,0.445
214609,0.445
214610,0.565
214611,0.4975
214612,0.5525
214613,0.495
214614,0.5725
214615,0.45
214616,0.5275
214617,0.64
214618,0.3025
214619,0.5475
214620,0.39
214621,0.3125
214622,0.355
214623,0.3725
214624,0.745
214625,0.5725
214626,0.6
214627,0.5
214628,0.34
214629,0.5875
214630,0.535
214631,0.715
214632,0.2775
214633,0.685
214634,0.5075
214635,0.59
214636,0.5925
214637,0.3775
214638,0.5925
214639,0.5425
214640,0.4675
214641,0.4475
214642,0.4825
214643,0.54
214644,0.4175
214645,0.58
214646,0.365
214647,0.555
214648,0.5575
214649,0.6075
214650,0.55
214651,0.5
214652,0.6025
214653,0.515
214654,0.6125
214655,0.5625
214656,0.335
214657,0.5475
214658,0.64
214659,0.3775
214660,0.455
214661,0.415
214662,0.5025
214663,0.585
214664,0.5
214665,0.5025
214666,0.5425
214667,0.6475
214668,0.3175
214669,0.5475
214670,0.6
214671,0.505
214672,0.4325
214673,0.6575
214674,0.52
214675,0.2875
214676,0.4125
214677,0.395
214678,0.385
214679,0.3225
214680,0.3625
214681,0.3475
214682,0.51
214683,0.65
214684,0.48
214685,0.49
214686,0.49
214687,0.6
214688,0.68
214689,0.445
214690,0.5125
214691,0.48
214692,0.575
214693,0.5775
214694,0.6125
214695,0.54
214696,0.4775
214697,0.5125
214698,0.6775
214699,0.3925
214700,0.555
214701,0.6525
214702,0.495
214703,0.285
214704,0.5975
214705,0.6575
214706,0.38
214707,0.445
214708,0.365
214709,0.515
214710,0.7
214711,0.4325
214712,0.4125
214713,0.435
214714,0.4825
214715,0.465
214716,0.35
214717,0.565
214718,0.5625
214719,0.515
214720,0.53
214721,0.5775
214722,0.4925
214723,0.5625
214724,0.6525
214725,0.475
214726,0.5275
214727,0.46
214728,0.4375
214729,0.47
214730,0.48
214731,0.605
214732,0.495
214733,0.59
214734,0.4675
214735,0.5425
214736,0.4125
214737,0.5175
214738,0.5825
214739,0.4725
214740,0.52
214741,0.3975
214742,0.45
214743,0.6
214744,0.44
214745,0.6025
214746,0.5025
214747,0.455
214748,0.455
214749,0.325
214750,0.4775
214751,0.62
214752,0.5175
214753,0.6775
214754,0.61
214755,0.37
214756,0.325
214757,0.5475
214758,0.4825
214759,0.5125
214760,0.4375
214761,0.365
214762,0.4775
214763,0.5925
214764,0.515
214765,0.6325
214766,0.58
214767,0.44
214768,0.41
214769,0.5325
214770,0.5
214771,0.45
214772,0.6975
214773,0.61
214774,0.4775
214775,0.5775
214776,0.465
214777,0.4725
214778,0.56
214779,0.51
214780,0.57
214781,0.4625
214782,0.5
214783,0.625
214784,0.535
214785,0.57
214786,0.53
214787,0.365
214788,0.46
214789,0.5275
214790,0.5425
214791,0.34
214792,0.51
214793,0.6175
214794,0.475
214795,0.58
214796,0.45
214797,0.5225
214798,0.47
214799,0.6725
214800,0.4975
214801,0.585
214802,0.495
214803,0.735
214804,0.635
214805,0.5875
214806,0.475
214807,0.685
214808,0.4775
214809,0.31
214810,0.4475
214811,0.4675
214812,0.6225
214813,0.505
214814,0.34
214815,0.55
214816,0.3825
214817,0.4725
214818,0.5725
214819,0.385
214820,0.6
214821,0.52
214822,0.5675
214823,0.6075
214824,0.4575
214825,0.5225
214826,0.4425
214827,0.5675
214828,0.63
214829,0.4525
214830,0.61
214831,0.5475
214832,0.4725
214833,0.6225
214834,0.6075
214835,0.5825
214836,0.62
214837,0.7225
214838,0.4
214839,0.4675
214840,0.5
214841,0.465
214842,0.54
214843,0.475
214844,0.6725
214845,0.5225
214846,0.59
214847,0.3575
214848,0.655
214849,0.6675
214850,0.3725
214851,0.6425
214852,0.6425
214853,0.4325
214854,0.6375
214855,0.555
214856,0.4575
214857,0.5975
214858,0.59
214859,0.525
214860,0.5
214861,0.565
214862,0.4675
214863,0.37
214864,0.475
214865,0.47
214866,0.315
214867,0.57
214868,0.525
214869,0.405
214870,0.385
214871,0.5525
214872,0.71
214873,0.4725
214874,0.3925
214875,0.5175
214876,0.2725
214877,0.455
214878,0.48
214879,0.46
214880,0.51
214881,0.3925
214882,0.5125
214883,0.325
214884,0.4625
214885,0.54
214886,0.5875
214887,0.5425
214888,0.5625
214889,0.775
214890,0.36
214891,0.5825
214892,0.5575
214893,0.5475
214894,0.745
214895,0.495
214896,0.5525
214897,0.5075
214898,0.4225
214899,0.54
214900,0.565
214901,0.4375
214902,0.4825
214903,0.57
214904,0.42
214905,0.4825
214906,0.4075
214907,0.505
214908,0.3425
214909,0.58
214910,0.46
214911,0.5825
214912,0.555
214913,0.5575
214914,0.61
214915,0.6475
214916,0.525
214917,0.5225
214918,0.5575
214919,0.3775
214920,0.505
214921,0.695
214922,0.45
214923,0.57
214924,0.4425
214925,0.54
214926,0.6225
214927,0.565
214928,0.425
214929,0.475
214930,0.43
214931,0.5325
214932,0.5425
214933,0.425
214934,0.645
214935,0.43
214936,0.515
214937,0.505
214938,0.4225
214939,0.5725
214940,0.5225
214941,0.475
214942,0.55
214943,0.4625
214944,0.69
214945,0.63
214946,0.5225
214947,0.48
214948,0.315
214949,0.465
214950,0.545
214951,0.515
214952,0.4425
214953,0.6125
214954,0.47
214955,0.4625
214956,0.5825
214957,0.45
214958,0.4325
214959,0.5275
214960,0.3525
214961,0.7025
214962,0.45
214963,0.395
214964,0.58
214965,0.5025
214966,0.5325
214967,0.4925
214968,0.495
214969,0.5875
214970,0.435
214971,0.4125
214972,0.4625
214973,0.205
214974,0.51
214975,0.5025
214976,0.62
214977,0.6175
214978,0.605
214979,0.4925
214980,0.475
214981,0.485
214982,0.445
214983,0.62
214984,0.525
214985,0.48
214986,0.455
214987,0.555
214988,0.49
214989,0.5625
214990,0.5875
214991,0.535
214992,0.6175
214993,0.4075
214994,0.5625
214995,0.6325
214996,0.5675
214997,0.7
214998,0.56
214999,0.5375
215000,0.51
215001,0.475
215002,0.535
215003,0.36
215004,0.3025
215005,0.495
215006,0.5625
215007,0.49
215008,0.555
215009,0.6475
215010,0.52
215011,0.4825
215012,0.5
215013,0.595
215014,0.4625
215015,0.5575
215016,0.655
215017,0.36
215018,0.3275
215019,0.5375
215020,0.615
215021,0.425
215022,0.6075
215023,0.6
215024,0.48
215025,0.5075
215026,0.5675
215027,0.4625
215028,0.5575
215029,0.545
215030,0.53
215031,0.6425
215032,0.57
215033,0.485
215034,0.545
215035,0.3075
215036,0.47
215037,0.3425
215038,0.5325
215039,0.425
215040,0.52
215041,0.4825
215042,0.4875
215043,0.5075
215044,0.415
215045,0.5475
215046,0.61
215047,0.515
215048,0.61
215049,0.5425
215050,0.4525
215051,0.605
215052,0.38
215053,0.6375
215054,0.4625
215055,0.4825
215056,0.4875
215057,0.395
215058,0.3675
215059,0.5425
215060,0.325
215061,0.6025
215062,0.5475
215063,0.6675
215064,0.515
215065,0.405
215066,0.435
215067,0.415
215068,0.465
215069,0.47
215070,0.4775
215071,0.5275
215072,0.3475
215073,0.5075
215074,0.66
215075,0.6525
215076,0.58
215077,0.6175
215078,0.6225
215079,0.2775
215080,0.49
215081,0.5825
215082,0.51
215083,0.6625
215084,0.4675
215085,0.42
215086,0.515
215087,0.65
215088,0.5525
215089,0.5
215090,0.4775
215091,0.5375
215092,0.5625
215093,0.5875
215094,0.575
215095,0.5275
215096,0.5925
215097,0.3675
215098,0.505
215099,0.575
215100,0.4675
215101,0.5225
215102,0.61
215103,0.4575
215104,0.5575
215105,0.615
215106,0.455
215107,0.505
215108,0.6275
215109,0.63
215110,0.405
215111,0.57
215112,0.3925
215113,0.44
215114,0.4275
215115,0.4675
215116,0.595
215117,0.5575
215118,0.6375
215119,0.4425
215120,0.505
215121,0.295
215122,0.595
215123,0.5125
215124,0.4975
215125,0.47
215126,0.575
215127,0.375
215128,0.49
215129,0.465
215130,0.685
215131,0.3875
215132,0.6025
215133,0.6375
215134,0.4325
215135,0.395
215136,0.4025
215137,0.33
215138,0.6425
215139,0.5
215140,0.475
215141,0.615
215142,0.37
215143,0.5925
215144,0.6525
215145,0.58
215146,0.5775
215147,0.435
215148,0.54
215149,0.5225
215150,0.585
215151,0.365
215152,0.53
215153,0.4075
215154,0.36
215155,0.5975
215156,0.495
215157,0.355
215158,0.495
215159,0.3375
215160,0.42
215161,0.6175
215162,0.445
215163,0.5125
215164,0.405
215165,0.6525
215166,0.54
215167,0.56
215168,0.47
215169,0.3275
215170,0.525
215171,0.53
215172,0.4475
215173,0.5425
215174,0.4
215175,0.6625
215176,0.46
215177,0.3025
215178,0.4725
215179,0.5675
215180,0.2925
215181,0.525
215182,0.5725
215183,0.5875
215184,0.4775
215185,0.5825
215186,0.485
215187,0.6325
215188,0.74
215189,0.66
215190,0.37
215191,0.475
215192,0.7175
215193,0.3725
215194,0.745
215195,0.3875
215196,0.4275
215197,0.455
215198,0.63
215199,0.555
215200,0.5375
215201,0.5225
215202,0.545
215203,0.615
215204,0.575
215205,0.4375
215206,0.5025
215207,0.5025
215208,0.61
215209,0.3925
215210,0.5725
215211,0.67
215212,0.5725
215213,0.5
215214,0.615
215215,0.3175
215216,0.525
215217,0.4775
215218,0.545
215219,0.5075
215220,0.5825
215221,0.415
215222,0.5675
215223,0.59
215224,0.375
215225,0.57
215226,0.4675
215227,0.58
215228,0.575
215229,0.3975
215230,0.58
215231,0.4675
215232,0.5875
215233,0.5775
215234,0.4825
215235,0.4875
215236,0.57
215237,0.56
215238,0.4975
215239,0.58
215240,0.6925
215241,0.4375
215242,0.5225
215243,0.42
215244,0.44
215245,0.4825
215246,0.6
215247,0.4975
215248,0.66
215249,0.5575
215250,0.705
215251,0.6375
215252,0.445
215253,0.675
215254,0.47
215255,0.5775
215256,0.485
215257,0.4175
215258,0.4075
215259,0.5475
215260,0.685
215261,0.52
215262,0.475
215263,0.28
215264,0.485
215265,0.49
215266,0.485
215267,0.555
215268,0.575
215269,0.3525
215270,0.4625
215271,0.5225
215272,0.5025
215273,0.5375
215274,0.375
215275,0.4025
215276,0.4925
215277,0.6825
215278,0.51
215279,0.605
215280,0.3325
215281,0.525
215282,0.415
215283,0.5775
215284,0.595
215285,0.5375
215286,0.59
215287,0.5525
215288,0.5675
215289,0.4175
215290,0.3525
215291,0.525
215292,0.4925
215293,0.5625
215294,0.5725
215295,0.5425
215296,0.6025
215297,0.6275
215298,0.4825
215299,0.5575
215300,0.4775
215301,0.4225
215302,0.6325
215303,0.71
215304,0.3975
215305,0.425
215306,0.5625
215307,0.5425
215308,0.5775
215309,0.565
215310,0.6175
215311,0.515
215312,0.4
215313,0.4925
215314,0.72
215315,0.43
215316,0.415
215317,0.37
215318,0.4125
215319,0.5025
215320,0.64
215321,0.3325
215322,0.5925
215323,0.655
215324,0.4775
215325,0.3375
215326,0.5775
215327,0.375
215328,0.6
215329,0.49
215330,0.555
215331,0.45
215332,0.5275
215333,0.4725
215334,0.6225
215335,0.4225
215336,0.545
215337,0.635
215338,0.5525
215339,0.6
215340,0.6375
215341,0.46
215342,0.475
215343,0.2525
215344,0.5875
215345,0.615
215346,0.505
215347,0.625
215348,0.695
215349,0.4525
215350,0.505
215351,0.4925
215352,0.6
215353,0.635
215354,0.44
215355,0.395
215356,0.465
215357,0.4775
215358,0.55
215359,0.595
215360,0.525
215361,0.4925
215362,0.4325
215363,0.4475
215364,0.585
215365,0.4275
215366,0.525
215367,0.46
215368,0.5175
215369,0.4725
215370,0.44
215371,0.46
215372,0.615
215373,0.4075
215374,0.54
215375,0.565
215376,0.6075
215377,0.7175
215378,0.68
215379,0.495
215380,0.5725
215381,0.4475
215382,0.555
215383,0.4175
215384,0.365
215385,0.5875
215386,0.5625
215387,0.5575
215388,0.555
215389,0.515
215390,0.4725
215391,0.67
215392,0.3375
215393,0.495
215394,0.5475
215395,0.5325
215396,0.44
215397,0.56
215398,0.5425
215399,0.52
215400,0.5575
215401,0.5775
215402,0.5575
215403,0.5875
215404,0.57
215405,0.5875
215406,0.455
215407,0.5075
215408,0.57
215409,0.515
215410,0.54
215411,0.4575
215412,0.36
215413,0.51
215414,0.5425
215415,0.61
215416,0.545
215417,0.6975
215418,0.4875
215419,0.455
215420,0.5325
215421,0.6925
215422,0.4475
215423,0.625
215424,0.36
215425,0.5125
215426,0.4125
215427,0.5125
215428,0.5875
215429,0.4975
215430,0.5075
215431,0.5725
215432,0.69
215433,0.4925
215434,0.455
215435,0.4975
215436,0.5
215437,0.6525
215438,0.5525
215439,0.53
215440,0.68
215441,0.5725
215442,0.5675
215443,0.5925
215444,0.6775
215445,0.5575
215446,0.375
215447,0.5525
215448,0.65
215449,0.505
215450,0.54
215451,0.6175
215452,0.6625
215453,0.45
215454,0.4275
215455,0.2675
215456,0.685
215457,0.4825
215458,0.5425
215459,0.72
215460,0.5
215461,0.425
215462,0.575
215463,0.48
215464,0.585
215465,0.57
215466,0.51
215467,0.3375
215468,0.4525
215469,0.5225
215470,0.435
215471,0.665
215472,0.4775
215473,0.2425
215474,0.4475
215475,0.53
215476,0.575
215477,0.67
215478,0.585
215479,0.4675
215480,0.52
215481,0.48
215482,0.515
215483,0.6475
215484,0.5825
215485,0.4725
215486,0.4975
215487,0.5625
215488,0.535
215489,0.4725
215490,0.655
215491,0.5275
215492,0.45
215493,0.4775
215494,0.5775
215495,0.5425
215496,0.4625
215497,0.72
215498,0.505
215499,0.5325
215500,0.465
215501,0.4825
215502,0.7325
215503,0.4125
215504,0.5825
215505,0.6075
215506,0.3875
215507,0.4525
215508,0.5525
215509,0.4325
215510,0.5475
215511,0.5625
215512,0.56
215513,0.495
215514,0.515
215515,0.45
215516,0.46
215517,0.65
215518,0.5325
215519,0.5675
215520,0.4275
215521,0.6175
215522,0.4375
215523,0.5525
215524,0.345
215525,0.5575
215526,0.315
215527,0.4975
215528,0.435
215529,0.35
215530,0.425
215531,0.5175
215532,0.6825
215533,0.605
215534,0.5475
215535,0.4325
215536,0.54
215537,0.55
215538,0.5725
215539,0.5325
215540,0.55
215541,0.535
215542,0.4975
215543,0.495
215544,0.4
215545,0.4525
215546,0.67
215547,0.53
215548,0.52
215549,0.4225
215550,0.5225
215551,0.5925
215552,0.37
215553,0.5575
215554,0.6075
215555,0.6275
215556,0.495
215557,0.3975
215558,0.4725
215559,0.5625
215560,0.605
215561,0.5075
215562,0.53
215563,0.4475
215564,0.595
215565,0.625
215566,0.405
215567,0.7225
215568,0.575
215569,0.49
215570,0.62
215571,0.4025
215572,0.55
215573,0.7175
215574,0.4925
215575,0.2375
215576,0.4325
215577,0.5575
215578,0.415
215579,0.4925
215580,0.4475
215581,0.485
215582,0.4275
215583,0.59
215584,0.44
215585,0.495
215586,0.54
215587,0.4125
215588,0.5325
215589,0.425
215590,0.6
215591,0.57
215592,0.585
215593,0.49
215594,0.7575
215595,0.435
215596,0.4025
215597,0.6325
215598,0.5875
215599,0.4825
215600,0.585
215601,0.605
215602,0.48
215603,0.255
215604,0.3525
215605,0.4775
215606,0.5825
215607,0.5725
215608,0.555
215609,0.5275
215610,0.47
215611,0.6775
215612,0.43
215613,0.5825
215614,0.4225
215615,0.625
215616,0.425
215617,0.4575
215618,0.4925
215619,0.465
215620,0.4675
215621,0.6825
215622,0.5275
215623,0.5975
215624,0.465
215625,0.6275
215626,0.5925
215627,0.6925
215628,0.55
215629,0.4325
215630,0.31
215631,0.53
215632,0.46
215633,0.5025
215634,0.4875
215635,0.5875
215636,0.6
215637,0.4875
215638,0.5975
215639,0.5525
215640,0.53
215641,0.55
215642,0.58
215643,0.5
215644,0.455
215645,0.62
215646,0.585
215647,0.3775
215648,0.5075
215649,0.4375
215650,0.715
215651,0.52
215652,0.315
215653,0.6425
215654,0.515
215655,0.555
215656,0.595
215657,0.4375
215658,0.5975
215659,0.525
215660,0.21
215661,0.47
215662,0.48
215663,0.635
215664,0.385
215665,0.64
215666,0.505
215667,0.2475
215668,0.5575
215669,0.6775
215670,0.445
215671,0.5125
215672,0.5825
215673,0.5975
215674,0.64
215675,0.4025
215676,0.6475
215677,0.495
215678,0.4625
215679,0.4475
215680,0.5475
215681,0.6075
215682,0.6275
215683,0.525
215684,0.54
215685,0.4925
215686,0.5575
215687,0.58
215688,0.53
215689,0.345
215690,0.62
215691,0.605
215692,0.3925
215693,0.5175
215694,0.5125
215695,0.6975
215696,0.6175
215697,0.365
215698,0.58
215699,0.3775
215700,0.51
215701,0.545
215702,0.375
215703,0.515
215704,0.5425
215705,0.4475
215706,0.4575
215707,0.6125
215708,0.4375
215709,0.385
215710,0.575
215711,0.545
215712,0.455
215713,0.455
215714,0.5875
215715,0.4825
215716,0.5525
215717,0.5525
215718,0.485
215719,0.5275
215720,0.4725
215721,0.3375
215722,0.45
215723,0.53
215724,0.46
215725,0.4825
215726,0.4475
215727,0.49
215728,0.5575
215729,0.505
215730,0.43
215731,0.6775
215732,0.485
215733,0.455
215734,0.545
215735,0.5825
215736,0.515
215737,0.6925
215738,0.51
215739,0.305
215740,0.41
215741,0.63
215742,0.4525
215743,0.55
215744,0.4525
215745,0.2875
215746,0.43
215747,0.6625
215748,0.4325
215749,0.5725
215750,0.61
215751,0.6
215752,0.325
215753,0.3775
215754,0.4825
215755,0.415
215756,0.38
215757,0.44
215758,0.5075
215759,0.4275
215760,0.46
215761,0.5725
215762,0.4625
215763,0.5425
215764,0.62
215765,0.545
215766,0.4625
215767,0.4575
215768,0.625
215769,0.5875
215770,0.515
215771,0.5375
215772,0.57
215773,0.4675
215774,0.54
215775,0.5325
215776,0.6475
215777,0.475
215778,0.47
215779,0.445
215780,0.625
215781,0.4975
215782,0.6525
215783,0.5425
215784,0.6225
215785,0.4375
215786,0.5225
215787,0.5225
215788,0.3975
215789,0.4475
215790,0.5775
215791,0.53
215792,0.545
215793,0.61
215794,0.4125
215795,0.485
215796,0.4625
215797,0.4925
215798,0.6525
215799,0.535
215800,0.67
215801,0.5375
215802,0.4475
215803,0.4075
215804,0.4325
215805,0.54
215806,0.48
215807,0.7625
215808,0.4325
215809,0.5075
215810,0.3975
215811,0.475
215812,0.4775
215813,0.46
215814,0.2825
215815,0.47
215816,0.6175
215817,0.515
215818,0.485
215819,0.565
215820,0.55
215821,0.4975
215822,0.5125
215823,0.5775
215824,0.4825
215825,0.43
215826,0.4975
215827,0.485
215828,0.4975
215829,0.675
215830,0.5575
215831,0.5225
215832,0.785
215833,0.515
215834,0.4525
215835,0.3225
215836,0.655
215837,0.325
215838,0.4925
215839,0.6475
215840,0.43
215841,0.655
215842,0.41
215843,0.46
215844,0.4925
215845,0.5175
215846,0.79
215847,0.51
215848,0.5575
215849,0.485
215850,0.46
215851,0.6425
215852,0.385
215853,0.62
215854,0.5375
215855,0.5275
215856,0.465
215857,0.6175
215858,0.555
215859,0.555
215860,0.5425
215861,0.665
215862,0.5025
215863,0.405
215864,0.49
215865,0.525
215866,0.545
215867,0.455
215868,0.4775
215869,0.5925
215870,0.3875
215871,0.3825
215872,0.64
215873,0.61
215874,0.49
215875,0.48
215876,0.36
215877,0.68
215878,0.46
215879,0.82
215880,0.5825
215881,0.485
215882,0.7975
215883,0.5625
215884,0.465
215885,0.745
215886,0.5775
215887,0.4175
215888,0.5625
215889,0.5675
215890,0.6875
215891,0.51
215892,0.685
215893,0.49
215894,0.5625
215895,0.5025
215896,0.515
215897,0.64
215898,0.4625
215899,0.6675
215900,0.3575
215901,0.2675
215902,0.5125
215903,0.5375
215904,0.755
215905,0.5775
215906,0.5
215907,0.465
215908,0.525
215909,0.4275
215910,0.5875
215911,0.4225
215912,0.6575
215913,0.53
215914,0.295
215915,0.555
215916,0.6125
215917,0.5
215918,0.49
215919,0.5925
215920,0.4725
215921,0.475
215922,0.525
215923,0.4775
215924,0.33
215925,0.475
215926,0.4975
215927,0.5175
215928,0.475
215929,0.415
215930,0.515
215931,0.5
215932,0.545
215933,0.3075
215934,0.46
215935,0.485
215936,0.6625
215937,0.4225
215938,0.605
215939,0.485
215940,0.615
215941,0.425
215942,0.335
215943,0.3625
215944,0.5625
215945,0.575
215946,0.5575
215947,0.5325
215948,0.3925
215949,0.415
215950,0.3475
215951,0.3825
215952,0.59
215953,0.415
215954,0.6475
215955,0.6
215956,0.695
215957,0.4475
215958,0.4475
215959,0.54
215960,0.6125
215961,0.635
215962,0.5275
215963,0.6675
215964,0.525
215965,0.475
215966,0.4225
215967,0.4725
215968,0.6825
215969,0.5625
215970,0.5075
215971,0.4225
215972,0.6925
215973,0.555
215974,0.4825
215975,0.5575
215976,0.26
215977,0.4475
215978,0.56
215979,0.5875
215980,0.4425
215981,0.44
215982,0.53
215983,0.3975
215984,0.64
215985,0.525
215986,0.5225
215987,0.5425
215988,0.685
215989,0.53
215990,0.5225
215991,0.6825
215992,0.53
215993,0.4075
215994,0.58
215995,0.55
215996,0.635
215997,0.505
215998,0.5475
215999,0.3725
216000,0.53
216001,0.4925
216002,0.6525
216003,0.5175
216004,0.7575
216005,0.6175
216006,0.66
216007,0.595
216008,0.6125
216009,0.66
216010,0.735
216011,0.535
216012,0.3975
216013,0.5325
216014,0.3825
216015,0.6025
216016,0.64
216017,0.665
216018,0.465
216019,0.5925
216020,0.6125
216021,0.3175
216022,0.5
216023,0.6025
216024,0.6475
216025,0.6
216026,0.545
216027,0.5525
216028,0.5175
216029,0.545
216030,0.58
216031,0.5725
216032,0.5675
216033,0.47
216034,0.51
216035,0.58
216036,0.445
216037,0.5875
216038,0.3925
216039,0.555
216040,0.6325
216041,0.6175
216042,0.3775
216043,0.45
216044,0.5125
216045,0.535
216046,0.515
216047,0.3925
216048,0.5125
216049,0.645
216050,0.5125
216051,0.4475
216052,0.5725
216053,0.6125
216054,0.4475
216055,0.595
216056,0.3925
216057,0.5425
216058,0.48
216059,0.5675
216060,0.2875
216061,0.425
216062,0.4675
216063,0.5625
216064,0.3975
216065,0.5825
216066,0.615
216067,0.34
216068,0.52
216069,0.5525
216070,0.6025
216071,0.3625
216072,0.4625
216073,0.5075
216074,0.65
216075,0.56
216076,0.5375
216077,0.605
216078,0.46
216079,0.5825
216080,0.4775
216081,0.5425
216082,0.4875
216083,0.6725
216084,0.48
216085,0.51
216086,0.61
216087,0.495
216088,0.6825
216089,0.585
216090,0.48
216091,0.46
216092,0.5375
216093,0.4975
216094,0.555
216095,0.4975
216096,0.3375
216097,0.585
216098,0.505
216099,0.5025
216100,0.59
216101,0.5425
216102,0.575
216103,0.6225
216104,0.5675
216105,0.66
216106,0.4975
216107,0.495
216108,0.6725
216109,0.6025
216110,0.5025
216111,0.64
216112,0.5675
216113,0.355
216114,0.505
216115,0.5175
216116,0.4575
216117,0.43
216118,0.485
216119,0.5275
216120,0.5175
216121,0.56
216122,0.4575
216123,0.585
216124,0.555
216125,0.5025
216126,0.455
216127,0.535
216128,0.455
216129,0.455
216130,0.51
216131,0.515
216132,0.55
216133,0.455
216134,0.51
216135,0.4425
216136,0.5875
216137,0.4675
216138,0.515
216139,0.62
216140,0.4475
216141,0.5675
216142,0.475
216143,0.5325
216144,0.4925
216145,0.5725
216146,0.4225
216147,0.4925
216148,0.4675
216149,0.55
216150,0.415
216151,0.4825
216152,0.3825
216153,0.4975
216154,0.565
216155,0.4975
216156,0.295
216157,0.435
216158,0.4975
216159,0.3425
216160,0.7575
216161,0.5275
216162,0.625
216163,0.52
216164,0.6075
216165,0.5375
216166,0.49
216167,0.535
216168,0.5125
216169,0.5425
216170,0.52
216171,0.57
216172,0.5275
216173,0.5525
216174,0.61
216175,0.325
216176,0.5125
216177,0.4875
216178,0.4025
216179,0.7375
216180,0.5575
216181,0.4375
216182,0.61
216183,0.52
216184,0.575
216185,0.5125
216186,0.435
216187,0.42
216188,0.345
216189,0.4325
216190,0.3475
216191,0.2225
216192,0.525
216193,0.615
216194,0.45
216195,0.445
216196,0.575
216197,0.5125
216198,0.495
216199,0.33
216200,0.555
216201,0.4775
216202,0.5775
216203,0.6275
216204,0.5625
216205,0.4025
216206,0.61
216207,0.5325
216208,0.5975
216209,0.4725
216210,0.565
216211,0.61
216212,0.37
216213,0.51
216214,0.475
216215,0.55
216216,0.68
216217,0.5775
216218,0.535
216219,0.49
216220,0.4175
216221,0.515
216222,0.535
216223,0.5075
216224,0.7
216225,0.785
216226,0.515
216227,0.4325
216228,0.7375
216229,0.6475
216230,0.4525
216231,0.55
216232,0.4975
216233,0.51
216234,0.6675
216235,0.6675
216236,0.485
216237,0.46
216238,0.545
216239,0.6375
216240,0.4575
216241,0.53
216242,0.5175
216243,0.4175
216244,0.6
216245,0.5
216246,0.4225
216247,0.6675
216248,0.585
216249,0.575
216250,0.4775
216251,0.585
216252,0.5
216253,0.455
216254,0.585
216255,0.51
216256,0.5875
216257,0.4825
216258,0.475
216259,0.575
216260,0.6425
216261,0.5925
216262,0.6275
216263,0.7
216264,0.51
216265,0.48
216266,0.4975
216267,0.51
216268,0.6275
216269,0.59
216270,0.31
216271,0.6325
216272,0.3275
216273,0.55
216274,0.4375
216275,0.405
216276,0.58
216277,0.46
216278,0.5075
216279,0.585
216280,0.67
216281,0.6575
216282,0.5725
216283,0.4925
216284,0.425
216285,0.5375
216286,0.6775
216287,0.6925
216288,0.655
216289,0.5175
216290,0.48
216291,0.54
216292,0.6225
216293,0.425
216294,0.6125
216295,0.525
216296,0.535
216297,0.5025
216298,0.3225
216299,0.5375
216300,0.5125
216301,0.56
216302,0.54
216303,0.4425
216304,0.585
216305,0.5925
216306,0.485
216307,0.505
216308,0.525
216309,0.445
216310,0.4875
216311,0.505
216312,0.51
216313,0.375
216314,0.5075
216315,0.505
216316,0.565
216317,0.6875
216318,0.625
216319,0.4075
216320,0.2925
216321,0.42
216322,0.455
216323,0.5025
216324,0.4475
216325,0.725
216326,0.3875
216327,0.5325
216328,0.5875
216329,0.4275
216330,0.4575
216331,0.59
216332,0.5975
216333,0.49
216334,0.63
216335,0.6075
216336,0.6025
216337,0.59
216338,0.3625
216339,0.3025
216340,0.5625
216341,0.54
216342,0.5675
216343,0.415
216344,0.44
216345,0.5325
216346,0.5175
216347,0.5225
216348,0.4975
216349,0.5425
216350,0.405
216351,0.54
216352,0.38
216353,0.675
216354,0.5
216355,0.4525
216356,0.3
216357,0.58
216358,0.5575
216359,0.34
216360,0.665
216361,0.5425
216362,0.345
216363,0.5575
216364,0.32
216365,0.3975
216366,0.47
216367,0.615
216368,0.4575
216369,0.48
216370,0.5425
216371,0.3125
216372,0.6875
216373,0.4375
216374,0.5
216375,0.465
216376,0.44
216377,0.5225
216378,0.6125
216379,0.4875
216380,0.4475
216381,0.465
216382,0.5
216383,0.4875
216384,0.7225
216385,0.5675
216386,0.595
216387,0.6775
216388,0.49
216389,0.535
216390,0.34
216391,0.4775
216392,0.4575
216393,0.465
216394,0.6025
216395,0.65
216396,0.35
216397,0.4175
216398,0.6075
216399,0.4975
216400,0.6575
216401,0.43
216402,0.47
216403,0.4975
216404,0.4375
216405,0.5925
216406,0.44
216407,0.685
216408,0.58
216409,0.5
216410,0.53
216411,0.6525
216412,0.62
216413,0.495
216414,0.4325
216415,0.3975
216416,0.42
216417,0.4925
216418,0.5625
216419,0.4975
216420,0.7475
216421,0.6675
216422,0.49
216423,0.2575
216424,0.735
216425,0.4475
216426,0.7
216427,0.465
216428,0.555
216429,0.63
216430,0.4475
216431,0.51
216432,0.505
216433,0.5175
216434,0.6125
216435,0.53
216436,0.5175
216437,0.3475
216438,0.55
216439,0.4825
216440,0.5725
216441,0.355
216442,0.695
216443,0.63
216444,0.5425
216445,0.5775
216446,0.7225
216447,0.65
216448,0.7825
216449,0.515
216450,0.4925
216451,0.4975
216452,0.52
216453,0.5525
216454,0.365
216455,0.345
216456,0.5425
216457,0.5025
216458,0.4475
216459,0.36
216460,0.385
216461,0.7525
216462,0.6275
216463,0.475
216464,0.5675
216465,0.475
216466,0.5775
216467,0.4975
216468,0.54
216469,0.4075
216470,0.545
216471,0.445
216472,0.535
216473,0.575
216474,0.3725
216475,0.6225
216476,0.4225
216477,0.51
216478,0.365
216479,0.6675
216480,0.58
216481,0.475
216482,0.5275
216483,0.5125
216484,0.5675
216485,0.55
216486,0.485
216487,0.33
216488,0.6175
216489,0.4775
216490,0.5275
216491,0.26
216492,0.5275
216493,0.505
216494,0.3025
216495,0.51
216496,0.6125
216497,0.4825
216498,0.59
216499,0.55
216500,0.5825
216501,0.5
216502,0.435
216503,0.51
216504,0.545
216505,0.48
216506,0.5075
216507,0.5075
216508,0.4375
216509,0.54
216510,0.3925
216511,0.545
216512,0.485
216513,0.485
216514,0.63
216515,0.61
216516,0.56
216517,0.48
216518,0.3625
216519,0.6325
216520,0.5425
216521,0.585
216522,0.6025
216523,0.6675
216524,0.63
216525,0.355
216526,0.48
216527,0.5375
216528,0.555
216529,0.685
216530,0.3925
216531,0.535
216532,0.645
216533,0.645
216534,0.405
216535,0.515
216536,0.565
216537,0.525
216538,0.4175
216539,0.5475
216540,0.4725
216541,0.545
216542,0.555
216543,0.58
216544,0.495
216545,0.6375
216546,0.4525
216547,0.65
216548,0.5175
216549,0.67
216550,0.67
216551,0.66
216552,0.3675
216553,0.4625
216554,0.45
216555,0.52
216556,0.66
216557,0.67
216558,0.4575
216559,0.47
216560,0.615
216561,0.4
216562,0.245
216563,0.6325
216564,0.2775
216565,0.4575
216566,0.545
216567,0.46
216568,0.4875
216569,0.475
216570,0.475
216571,0.43
216572,0.475
216573,0.5675
216574,0.665
216575,0.5825
216576,0.425
216577,0.55
216578,0.5075
216579,0.2225
216580,0.4725
216581,0.48
216582,0.535
216583,0.54
216584,0.595
216585,0.5475
216586,0.5825
216587,0.3675
216588,0.57
216589,0.5625
216590,0.4575
216591,0.545
216592,0.5925
216593,0.515
216594,0.5375
216595,0.645
216596,0.3475
216597,0.42
216598,0.6325
216599,0.665
216600,0.545
216601,0.5425
216602,0.7025
216603,0.4375
216604,0.56
216605,0.58
216606,0.4625
216607,0.675
216608,0.5675
216609,0.485
216610,0.6575
216611,0.515
216612,0.5025
216613,0.4675
216614,0.6125
216615,0.71
216616,0.5125
216617,0.5525
216618,0.545
216619,0.4675
216620,0.5475
216621,0.5075
216622,0.6475
216623,0.685
216624,0.5425
216625,0.435
216626,0.53
216627,0.66
216628,0.5
216629,0.72
216630,0.7025
216631,0.55
216632,0.57
216633,0.45
216634,0.495
216635,0.5025
216636,0.635
216637,0.53
216638,0.495
216639,0.5725
216640,0.4925
216641,0.5075
216642,0.405
216643,0.515
216644,0.4525
216645,0.4975
216646,0.3075
216647,0.6925
216648,0.4225
216649,0.64
216650,0.54
216651,0.585
216652,0.5
216653,0.67
216654,0.53
216655,0.495
216656,0.5825
216657,0.61
216658,0.55
216659,0.465
216660,0.6425
216661,0.5525
216662,0.455
216663,0.5475
216664,0.55
216665,0.715
216666,0.5075
216667,0.5475
216668,0.435
216669,0.445
216670,0.57
216671,0.4375
216672,0.5675
216673,0.5075
216674,0.575
216675,0.47
216676,0.7025
216677,0.3725
216678,0.4875
216679,0.42
216680,0.4875
216681,0.565
216682,0.51
216683,0.4975
216684,0.5075
216685,0.6225
216686,0.5875
216687,0.465
216688,0.595
216689,0.5025
216690,0.4175
216691,0.5
216692,0.5925
216693,0.3575
216694,0.4575
216695,0.525
216696,0.5375
216697,0.4825
216698,0.425
216699,0.57
216700,0.3625
216701,0.4625
216702,0.48
216703,0.575
216704,0.4625
216705,0.54
216706,0.4625
216707,0.3425
216708,0.5675
216709,0.5275
216710,0.625
216711,0.555
216712,0.5075
216713,0.5425
216714,0.495
216715,0.5975
216716,0.5575
216717,0.5925
216718,0.6525
216719,0.765
216720,0.425
216721,0.59
216722,0.6025
216723,0.51
216724,0.4325
216725,0.4825
216726,0.4925
216727,0.465
216728,0.4575
216729,0.565
216730,0.4075
216731,0.475
216732,0.305
216733,0.4475
216734,0.4275
216735,0.5375
216736,0.7625
216737,0.5425
216738,0.4775
216739,0.4675
216740,0.4675
216741,0.4475
216742,0.615
216743,0.475
216744,0.635
216745,0.65
216746,0.51
216747,0.725
216748,0.425
216749,0.4025
216750,0.445
216751,0.4925
216752,0.495
216753,0.585
216754,0.5075
216755,0.5325
216756,0.5475
216757,0.35
216758,0.5675
216759,0.32
216760,0.4825
216761,0.5525
216762,0.58
216763,0.47
216764,0.4325
216765,0.7225
216766,0.72
216767,0.4925
216768,0.5
216769,0.4575
216770,0.7175
216771,0.5375
216772,0.4775
216773,0.4375
216774,0.4825
216775,0.6475
216776,0.5175
216777,0.74
216778,0.64
216779,0.755
216780,0.4625
216781,0.6225
216782,0.4625
216783,0.475
216784,0.575
216785,0.495
216786,0.6725
216787,0.465
216788,0.49
216789,0.64
216790,0.62
216791,0.425
216792,0.6825
216793,0.5725
216794,0.4675
216795,0.585
216796,0.5225
216797,0.5475
216798,0.4975
216799,0.285
216800,0.52
216801,0.4925
216802,0.585
216803,0.4275
216804,0.56
216805,0.47
216806,0.6275
216807,0.5325
216808,0.4075
216809,0.615
216810,0.56
216811,0.495
216812,0.415
216813,0.365
216814,0.5475
216815,0.4875
216816,0.5775
216817,0.5725
216818,0.6425
216819,0.5925
216820,0.65
216821,0.64
216822,0.6475
216823,0.4375
216824,0.5325
216825,0.4825
216826,0.4525
216827,0.46
216828,0.4975
216829,0.5575
216830,0.4175
216831,0.565
216832,0.545
216833,0.7175
216834,0.6625
216835,0.4625
216836,0.65
216837,0.425
216838,0.3875
216839,0.6
216840,0.58
216841,0.45
216842,0.5775
216843,0.37
216844,0.485
216845,0.5675
216846,0.4725
216847,0.615
216848,0.4875
216849,0.485
216850,0.48
216851,0.5075
216852,0.6975
216853,0.545
216854,0.465
216855,0.46
216856,0.3825
216857,0.5375
216858,0.6275
216859,0.5175
216860,0.445
216861,0.4075
216862,0.52
216863,0.53
216864,0.535
216865,0.44
216866,0.4175
216867,0.6075
216868,0.3875
216869,0.4675
216870,0.6425
216871,0.435
216872,0.6125
216873,0.4725
216874,0.675
216875,0.5425
216876,0.315
216877,0.3825
216878,0.5925
216879,0.485
216880,0.4475
216881,0.55
216882,0.6825
216883,0.555
216884,0.415
216885,0.4425
216886,0.7175
216887,0.645
216888,0.6925
216889,0.3975
216890,0.5525
216891,0.385
216892,0.4375
216893,0.705
216894,0.61
216895,0.4225
216896,0.6825
216897,0.6575
216898,0.6925
216899,0.49
216900,0.6325
216901,0.51
216902,0.5825
216903,0.5025
216904,0.55
216905,0.415
216906,0.4975
216907,0.515
216908,0.4875
216909,0.5075
216910,0.5575
216911,0.705
216912,0.595
216913,0.46
216914,0.5725
216915,0.375
216916,0.705
216917,0.455
216918,0.33
216919,0.4275
216920,0.445
216921,0.7025
216922,0.4525
216923,0.545
216924,0.4725
216925,0.51
216926,0.575
216927,0.54
216928,0.48
216929,0.6475
216930,0.49
216931,0.565
216932,0.4575
216933,0.525
216934,0.47
216935,0.525
216936,0.4175
216937,0.5375
216938,0.6375
216939,0.66
216940,0.6475
216941,0.3875
216942,0.49
216943,0.7575
216944,0.41
216945,0.5575
216946,0.5875
216947,0.46
216948,0.69
216949,0.485
216950,0.4225
216951,0.615
216952,0.72
216953,0.5475
216954,0.4325
216955,0.6075
216956,0.5775
216957,0.495
216958,0.53
216959,0.5325
216960,0.5875
216961,0.6625
216962,0.5475
216963,0.6325
216964,0.6225
216965,0.505
216966,0.465
216967,0.5525
216968,0.41
216969,0.605
216970,0.6025
216971,0.4825
216972,0.3275
216973,0.4175
216974,0.4525
216975,0.5125
216976,0.6025
216977,0.505
216978,0.5425
216979,0.49
216980,0.5375
216981,0.6675
216982,0.3775
216983,0.7475
216984,0.5075
216985,0.4425
216986,0.46
216987,0.5075
216988,0.5175
216989,0.45
216990,0.5175
216991,0.62
216992,0.3875
216993,0.5775
216994,0.35
216995,0.5275
216996,0.52
216997,0.4375
216998,0.52
216999,0.3575
217000,0.3025
217001,0.49
217002,0.4925
217003,0.5225
217004,0.465
217005,0.6675
217006,0.455
217007,0.3175
217008,0.685
217009,0.745
217010,0.36
217011,0.515
217012,0.315
217013,0.5625
217014,0.5
217015,0.465
217016,0.405
217017,0.56
217018,0.595
217019,0.735
217020,0.605
217021,0.4375
217022,0.4725
217023,0.625
217024,0.4675
217025,0.3725
217026,0.5275
217027,0.45
217028,0.4975
217029,0.52
217030,0.4675
217031,0.4875
217032,0.705
217033,0.4275
217034,0.55
217035,0.2725
217036,0.475
217037,0.7225
217038,0.575
217039,0.33
217040,0.455
217041,0.465
217042,0.4525
217043,0.675
217044,0.4575
217045,0.59
217046,0.59
217047,0.7
217048,0.42
217049,0.5425
217050,0.575
217051,0.525
217052,0.385
217053,0.51
217054,0.5
217055,0.445
217056,0.535
217057,0.4625
217058,0.5725
217059,0.55
217060,0.53
217061,0.515
217062,0.65
217063,0.655
217064,0.36
217065,0.465
217066,0.5375
217067,0.525
217068,0.6375
217069,0.525
217070,0.565
217071,0.63
217072,0.55
217073,0.6475
217074,0.4725
217075,0.62
217076,0.3925
217077,0.5
217078,0.4775
217079,0.4875
217080,0.475
217081,0.56
217082,0.575
217083,0.5175
217084,0.5775
217085,0.5125
217086,0.5775
217087,0.63
217088,0.4675
217089,0.64
217090,0.505
217091,0.4975
217092,0.435
217093,0.4675
217094,0.4775
217095,0.3775
217096,0.505
217097,0.66
217098,0.4925
217099,0.4775
217100,0.525
217101,0.6175
217102,0.5375
217103,0.57
217104,0.52
217105,0.4575
217106,0.4775
217107,0.3175
217108,0.46
217109,0.5175
217110,0.59
217111,0.615
217112,0.5175
217113,0.4725
217114,0.4
217115,0.475
217116,0.6375
217117,0.5225
217118,0.6925
217119,0.48
217120,0.5775
217121,0.4975
217122,0.5875
217123,0.555
217124,0.37
217125,0.405
217126,0.5975
217127,0.4775
217128,0.46
217129,0.605
217130,0.5225
217131,0.575
217132,0.495
217133,0.535
217134,0.59
217135,0.5525
217136,0.53
217137,0.5175
217138,0.56
217139,0.5575
217140,0.575
217141,0.6775
217142,0.58
217143,0.53
217144,0.4175
217145,0.54
217146,0.645
217147,0.49
217148,0.6075
217149,0.4225
217150,0.5975
217151,0.515
217152,0.5175
217153,0.615
217154,0.5525
217155,0.5
217156,0.465
217157,0.4625
217158,0.53
217159,0.535
217160,0.4675
217161,0.59
217162,0.5775
217163,0.54
217164,0.3525
217165,0.505
217166,0.47
217167,0.5925
217168,0.4825
217169,0.6125
217170,0.525
217171,0.465
217172,0.69
217173,0.38
217174,0.53
217175,0.46
217176,0.545
217177,0.565
217178,0.4725
217179,0.4275
217180,0.5775
217181,0.49
217182,0.4575
217183,0.4875
217184,0.5275
217185,0.38
217186,0.4525
217187,0.485
217188,0.5375
217189,0.4775
217190,0.3825
217191,0.4925
217192,0.5725
217193,0.52
217194,0.5375
217195,0.4975
217196,0.57
217197,0.4475
217198,0.4775
217199,0.39
217200,0.5175
217201,0.6325
217202,0.5225
217203,0.6075
217204,0.7525
217205,0.5575
217206,0.5675
217207,0.6125
217208,0.3025
217209,0.36
217210,0.4625
217211,0.5975
217212,0.4875
217213,0.49
217214,0.3575
217215,0.6825
217216,0.4275
217217,0.4425
217218,0.4475
217219,0.5775
217220,0.5675
217221,0.5
217222,0.6075
217223,0.62
217224,0.45
217225,0.315
217226,0.445
217227,0.38
217228,0.5625
217229,0.4675
217230,0.685
217231,0.6375
217232,0.4575
217233,0.53
217234,0.625
217235,0.465
217236,0.5125
217237,0.515
217238,0.575
217239,0.525
217240,0.6175
217241,0.5225
217242,0.41
217243,0.5725
217244,0.6225
217245,0.545
217246,0.445
217247,0.5475
217248,0.5675
217249,0.435
217250,0.545
217251,0.67
217252,0.4925
217253,0.515
217254,0.5025
217255,0.41
217256,0.435
217257,0.5875
217258,0.4075
217259,0.6075
217260,0.6075
217261,0.5025
217262,0.4225
217263,0.57
217264,0.58
217265,0.5025
217266,0.5825
217267,0.4675
217268,0.4075
217269,0.5175
217270,0.4275
217271,0.6825
217272,0.5375
217273,0.58
217274,0.565
217275,0.61
217276,0.5025
217277,0.4
217278,0.4625
217279,0.645
217280,0.5175
217281,0.4925
217282,0.555
217283,0.5375
217284,0.62
217285,0.585
217286,0.6
217287,0.605
217288,0.34
217289,0.4925
217290,0.54
217291,0.565
217292,0.5175
217293,0.41
217294,0.55
217295,0.4775
217296,0.5625
217297,0.595
217298,0.335
217299,0.7025
217300,0.505
217301,0.555
217302,0.5225
217303,0.4075
217304,0.5425
217305,0.595
217306,0.2825
217307,0.585
217308,0.5975
217309,0.5425
217310,0.53
217311,0.375
217312,0.64
217313,0.58
217314,0.3675
217315,0.815
217316,0.4775
217317,0.3775
217318,0.5575
217319,0.4675
217320,0.5375
217321,0.5225
217322,0.375
217323,0.41
217324,0.4775
217325,0.6525
217326,0.4325
217327,0.645
217328,0.6125
217329,0.7075
217330,0.47
217331,0.6
217332,0.645
217333,0.4625
217334,0.605
217335,0.3175
217336,0.4625
217337,0.47
217338,0.435
217339,0.5075
217340,0.53
217341,0.4475
217342,0.7525
217343,0.3825
217344,0.575
217345,0.54
217346,0.4
217347,0.4325
217348,0.6975
217349,0.52
217350,0.6325
217351,0.5175
217352,0.6725
217353,0.395
217354,0.4875
217355,0.7225
217356,0.7
217357,0.55
217358,0.615
217359,0.54
217360,0.575
217361,0.4325
217362,0.4475
217363,0.5575
217364,0.3525
217365,0.6
217366,0.5025
217367,0.2825
217368,0.4975
217369,0.505
217370,0.6
217371,0.5475
217372,0.5475
217373,0.535
217374,0.4675
217375,0.4675
217376,0.4475
217377,0.51
217378,0.465
217379,0.71
217380,0.4875
217381,0.3975
217382,0.62
217383,0.6225
217384,0.5325
217385,0.46
217386,0.455
217387,0.5075
217388,0.5675
217389,0.44
217390,0.525
217391,0.6125
217392,0.7075
217393,0.585
217394,0.4925
217395,0.5
217396,0.5775
217397,0.5625
217398,0.515
217399,0.5725
217400,0.6225
217401,0.5275
217402,0.6525
217403,0.5875
217404,0.46
217405,0.6025
217406,0.535
217407,0.64
217408,0.5125
217409,0.6425
217410,0.5925
217411,0.4825
217412,0.5375
217413,0.68
217414,0.485
217415,0.27
217416,0.5125
217417,0.345
217418,0.535
217419,0.5975
217420,0.57
217421,0.44
217422,0.4325
217423,0.465
217424,0.6125
217425,0.55
217426,0.47
217427,0.555
217428,0.5425
217429,0.6275
217430,0.5325
217431,0.435
217432,0.5325
217433,0.755
217434,0.5825
217435,0.5025
217436,0.495
217437,0.55
217438,0.455
217439,0.505
217440,0.5025
217441,0.6575
217442,0.515
217443,0.475
217444,0.3675
217445,0.645
217446,0.5125
217447,0.575
217448,0.675
217449,0.5875
217450,0.48
217451,0.4975
217452,0.6825
217453,0.51
217454,0.55
217455,0.5075
217456,0.535
217457,0.3575
217458,0.47
217459,0.425
217460,0.35
217461,0.5875
217462,0.53
217463,0.6425
217464,0.3525
217465,0.3275
217466,0.53
217467,0.565
217468,0.4175
217469,0.6
217470,0.315
217471,0.4625
217472,0.4775
217473,0.485
217474,0.3725
217475,0.555
217476,0.4825
217477,0.54
217478,0.185
217479,0.705
217480,0.5125
217481,0.395
217482,0.36
217483,0.52
217484,0.645
217485,0.4775
217486,0.5625
217487,0.7125
217488,0.515
217489,0.49
217490,0.635
217491,0.4625
217492,0.71
217493,0.58
217494,0.4425
217495,0.5975
217496,0.55
217497,0.635
217498,0.415
217499,0.5325
217500,0.49
217501,0.315
217502,0.405
217503,0.495
217504,0.5725
217505,0.4725
217506,0.5775
217507,0.5925
217508,0.3375
217509,0.58
217510,0.63
217511,0.5675
217512,0.56
217513,0.465
217514,0.4225
217515,0.525
217516,0.36
217517,0.635
217518,0.6825
217519,0.5575
217520,0.63
217521,0.5375
217522,0.335
217523,0.47
217524,0.4125
217525,0.44
217526,0.5825
217527,0.4375
217528,0.4275
217529,0.5825
217530,0.4175
217531,0.5525
217532,0.41
217533,0.5775
217534,0.47
217535,0.525
217536,0.5325
217537,0.38
217538,0.44
217539,0.4825
217540,0.5725
217541,0.4575
217542,0.475
217543,0.5325
217544,0.685
217545,0.575
217546,0.55
217547,0.4925
217548,0.525
217549,0.6375
217550,0.4875
217551,0.5225
217552,0.4575
217553,0.5475
217554,0.6325
217555,0.4575
217556,0.4125
217557,0.57
217558,0.5575
217559,0.5975
217560,0.4825
217561,0.585
217562,0.53
217563,0.4825
217564,0.49
217565,0.55
217566,0.505
217567,0.37
217568,0.5325
217569,0.63
217570,0.565
217571,0.455
217572,0.6625
217573,0.4075
217574,0.4625
217575,0.5175
217576,0.4475
217577,0.38
217578,0.55
217579,0.4075
217580,0.675
217581,0.4625
217582,0.285
217583,0.5375
217584,0.4875
217585,0.4475
217586,0.4825
217587,0.4775
217588,0.59
217589,0.4925
217590,0.4625
217591,0.4975
217592,0.5275
217593,0.515
217594,0.305
217595,0.53
217596,0.7075
217597,0.3675
217598,0.4575
217599,0.3025
217600,0.455
217601,0.765
217602,0.495
217603,0.5375
217604,0.4075
217605,0.5775
217606,0.5175
217607,0.5075
217608,0.6125
217609,0.6125
217610,0.3775
217611,0.4225
217612,0.5525
217613,0.49
217614,0.485
217615,0.535
217616,0.4975
217617,0.5525
217618,0.35
217619,0.5625
217620,0.5275
217621,0.5825
217622,0.475
217623,0.5775
217624,0.5275
217625,0.46
217626,0.67
217627,0.485
217628,0.475
217629,0.5175
217630,0.335
217631,0.58
217632,0.4875
217633,0.5075
217634,0.535
217635,0.545
217636,0.6
217637,0.6075
217638,0.495
217639,0.435
217640,0.4725
217641,0.4975
217642,0.3925
217643,0.5125
217644,0.4475
217645,0.61
217646,0.4375
217647,0.635
217648,0.33
217649,0.75
217650,0.545
217651,0.3075
217652,0.645
217653,0.6675
217654,0.5775
217655,0.535
217656,0.69
217657,0.5075
217658,0.485
217659,0.5825
217660,0.3875
217661,0.5975
217662,0.6275
217663,0.54
217664,0.3475
217665,0.3625
217666,0.495
217667,0.4125
217668,0.4475
217669,0.5575
217670,0.5975
217671,0.66
217672,0.6
217673,0.495
217674,0.5675
217675,0.5475
217676,0.4925
217677,0.51
217678,0.3425
217679,0.44
217680,0.4725
217681,0.47
217682,0.4925
217683,0.31
217684,0.4675
217685,0.565
217686,0.53
217687,0.5575
217688,0.51
217689,0.6125
217690,0.4975
217691,0.56
217692,0.4725
217693,0.5
217694,0.515
217695,0.42
217696,0.4075
217697,0.575
217698,0.5125
217699,0.52
217700,0.4625
217701,0.4625
217702,0.4225
217703,0.4475
217704,0.4175
217705,0.575
217706,0.6525
217707,0.45
217708,0.6425
217709,0.6225
217710,0.53
217711,0.7025
217712,0.5075
217713,0.6275
217714,0.69
217715,0.4775
217716,0.475
217717,0.6025
217718,0.7075
217719,0.59
217720,0.5775
217721,0.335
217722,0.4875
217723,0.4475
217724,0.3875
217725,0.4425
217726,0.58
217727,0.5725
217728,0.7
217729,0.335
217730,0.6575
217731,0.385
217732,0.5175
217733,0.4075
217734,0.59
217735,0.6375
217736,0.5025
217737,0.4425
217738,0.6425
217739,0.565
217740,0.57
217741,0.395
217742,0.6425
217743,0.46
217744,0.48
217745,0.4025
217746,0.565
217747,0.6625
217748,0.3925
217749,0.505
217750,0.5825
217751,0.6475
217752,0.5125
217753,0.5575
217754,0.545
217755,0.4675
217756,0.535
217757,0.52
217758,0.4275
217759,0.5325
217760,0.3625
217761,0.5825
217762,0.5925
217763,0.445
217764,0.5575
217765,0.5025
217766,0.5975
217767,0.5675
217768,0.4575
217769,0.6975
217770,0.51
217771,0.4425
217772,0.44
217773,0.505
217774,0.5475
217775,0.475
217776,0.5225
217777,0.5425
217778,0.5225
217779,0.3625
217780,0.555
217781,0.665
217782,0.3625
217783,0.7075
217784,0.555
217785,0.4975
217786,0.5275
217787,0.8
217788,0.5825
217789,0.445
217790,0.6425
217791,0.6025
217792,0.4825
217793,0.4575
217794,0.4575
217795,0.5025
217796,0.56
217797,0.59
217798,0.55
217799,0.51
217800,0.53
217801,0.4475
217802,0.6375
217803,0.5025
217804,0.68
217805,0.51
217806,0.39
217807,0.485
217808,0.4975
217809,0.5125
217810,0.63
217811,0.525
217812,0.5375
217813,0.5625
217814,0.6075
217815,0.695
217816,0.6775
217817,0.4775
217818,0.5075
217819,0.55
217820,0.5125
217821,0.4325
217822,0.3275
217823,0.425
217824,0.4825
217825,0.5675
217826,0.695
217827,0.595
217828,0.68
217829,0.51
217830,0.5
217831,0.705
217832,0.495
217833,0.4225
217834,0.4625
217835,0.555
217836,0.555
217837,0.6725
217838,0.5
217839,0.655
217840,0.5
217841,0.535
217842,0.4175
217843,0.5725
217844,0.5325
217845,0.505
217846,0.55
217847,0.4625
217848,0.515
217849,0.4625
217850,0.4275
217851,0.6
217852,0.4875
217853,0.54
217854,0.56
217855,0.6425
217856,0.5775
217857,0.49
217858,0.63
217859,0.605
217860,0.51
217861,0.3075
217862,0.6775
217863,0.405
217864,0.5425
217865,0.5125
217866,0.575
217867,0.7
217868,0.4875
217869,0.59
217870,0.6375
217871,0.3975
217872,0.6225
217873,0.425
217874,0.425
217875,0.4825
217876,0.5975
217877,0.555
217878,0.4425
217879,0.4925
217880,0.4925
217881,0.335
217882,0.5275
217883,0.45
217884,0.64
217885,0.765
217886,0.5175
217887,0.465
217888,0.4025
217889,0.5
217890,0.465
217891,0.5725
217892,0.42
217893,0.5225
217894,0.4
217895,0.5675
217896,0.475
217897,0.715
217898,0.5975
217899,0.6075
217900,0.5325
217901,0.62
217902,0.5575
217903,0.49
217904,0.6075
217905,0.4275
217906,0.59
217907,0.5025
217908,0.7
217909,0.485
217910,0.4775
217911,0.4675
217912,0.5075
217913,0.5025
217914,0.64
217915,0.515
217916,0.305
217917,0.62
217918,0.58
217919,0.58
217920,0.46
217921,0.425
217922,0.4875
217923,0.3525
217924,0.46
217925,0.385
217926,0.65
217927,0.52
217928,0.38
217929,0.5
217930,0.5425
217931,0.5225
217932,0.59
217933,0.435
217934,0.6975
217935,0.5575
217936,0.6025
217937,0.5825
217938,0.4125
217939,0.6925
217940,0.6725
217941,0.4525
217942,0.56
217943,0.6525
217944,0.6
217945,0.4875
217946,0.53
217947,0.52
217948,0.43
217949,0.545
217950,0.4825
217951,0.555
217952,0.5425
217953,0.32
217954,0.425
217955,0.58
217956,0.595
217957,0.355
217958,0.5625
217959,0.53
217960,0.6375
217961,0.3825
217962,0.3825
217963,0.675
217964,0.4525
217965,0.4125
217966,0.645
217967,0.535
217968,0.555
217969,0.5
217970,0.69
217971,0.4775
217972,0.5225
217973,0.325
217974,0.5725
217975,0.56
217976,0.6775
217977,0.57
217978,0.5875
217979,0.4775
217980,0.3625
217981,0.47
217982,0.585
217983,0.5875
217984,0.69
217985,0.4975
217986,0.5225
217987,0.6275
217988,0.465
217989,0.605
217990,0.5075
217991,0.55
217992,0.5225
217993,0.4425
217994,0.47
217995,0.5125
217996,0.465
217997,0.5325
217998,0.5925
217999,0.515
218000,0.505
218001,0.41
218002,0.3925
218003,0.5725
218004,0.39
218005,0.5425
218006,0.5525
218007,0.4225
218008,0.4475
218009,0.5925
218010,0.45
218011,0.6275
218012,0.54
218013,0.56
218014,0.5375
218015,0.68
218016,0.535
218017,0.4325
218018,0.495
218019,0.48
218020,0.6775
218021,0.5425
218022,0.525
218023,0.62
218024,0.6
218025,0.525
218026,0.45
218027,0.44
218028,0.6225
218029,0.6075
218030,0.63
218031,0.465
218032,0.4925
218033,0.52
218034,0.4675
218035,0.4575
218036,0.5625
218037,0.56
218038,0.5725
218039,0.3725
218040,0.445
218041,0.575
218042,0.4825
218043,0.6275
218044,0.5075
218045,0.4775
218046,0.5525
218047,0.535
218048,0.615
218049,0.4575
218050,0.655
218051,0.605
218052,0.4875
218053,0.405
218054,0.5725
218055,0.5575
218056,0.5275
218057,0.5625
218058,0.54
218059,0.5925
218060,0.47
218061,0.6925
218062,0.4975
218063,0.67
218064,0.485
218065,0.5225
218066,0.42
218067,0.4425
218068,0.4375
218069,0.5025
218070,0.415
218071,0.3925
218072,0.575
218073,0.515
218074,0.57
218075,0.4875
218076,0.5
218077,0.5525
218078,0.525
218079,0.5975
218080,0.6125
218081,0.6525
218082,0.325
218083,0.49
218084,0.6125
218085,0.7325
218086,0.53
218087,0.505
218088,0.4425
218089,0.525
218090,0.515
218091,0.5725
218092,0.46
218093,0.57
218094,0.54
218095,0.4725
218096,0.5375
218097,0.4675
218098,0.3625
218099,0.6825
218100,0.38
218101,0.565
218102,0.43
218103,0.5225
218104,0.4425
218105,0.5875
218106,0.48
218107,0.54
218108,0.56
218109,0.555
218110,0.535
218111,0.4
218112,0.4875
218113,0.4175
218114,0.48
218115,0.58
218116,0.445
218117,0.4
218118,0.44
218119,0.63
218120,0.57
218121,0.43
218122,0.5575
218123,0.325
218124,0.595
218125,0.73
218126,0.54
218127,0.39
218128,0.4575
218129,0.5125
218130,0.5525
218131,0.375
218132,0.655
218133,0.485
218134,0.6275
218135,0.605
218136,0.615
218137,0.6075
218138,0.5075
218139,0.555
218140,0.6025
218141,0.4675
218142,0.3125
218143,0.5575
218144,0.67
218145,0.4075
218146,0.4825
218147,0.4125
218148,0.5975
218149,0.4425
218150,0.3925
218151,0.645
218152,0.52
218153,0.49
218154,0.6025
218155,0.3575
218156,0.535
218157,0.4625
218158,0.4325
218159,0.4875
218160,0.6175
218161,0.6025
218162,0.565
218163,0.53
218164,0.4575
218165,0.46
218166,0.5
218167,0.4675
218168,0.515
218169,0.5025
218170,0.6425
218171,0.52
218172,0.51
218173,0.6475
218174,0.515
218175,0.5875
218176,0.68
218177,0.53
218178,0.475
218179,0.655
218180,0.3575
218181,0.55
218182,0.4425
218183,0.3575
218184,0.635
218185,0.435
218186,0.49
218187,0.57
218188,0.4475
218189,0.565
218190,0.535
218191,0.5625
218192,0.4975
218193,0.5825
218194,0.515
218195,0.4975
218196,0.53
218197,0.58
218198,0.5125
218199,0.5275
218200,0.425
218201,0.5175
218202,0.545
218203,0.6025
218204,0.35
218205,0.565
218206,0.6575
218207,0.4025
218208,0.6125
218209,0.6475
218210,0.6625
218211,0.5275
218212,0.4525
218213,0.64
218214,0.5925
218215,0.5
218216,0.6575
218217,0.535
218218,0.4725
218219,0.4025
218220,0.5375
218221,0.3975
218222,0.4775
218223,0.4875
218224,0.5
218225,0.485
218226,0.6225
218227,0.405
218228,0.635
218229,0.4425
218230,0.7275
218231,0.4225
218232,0.545
218233,0.575
218234,0.545
218235,0.6475
218236,0.6175
218237,0.61
218238,0.5225
218239,0.495
218240,0.5275
218241,0.505
218242,0.6525
218243,0.415
218244,0.6375
218245,0.495
218246,0.5775
218247,0.45
218248,0.5
218249,0.585
218250,0.495
218251,0.5325
218252,0.5275
218253,0.6125
218254,0.48
218255,0.575
218256,0.275
218257,0.5625
218258,0.495
218259,0.4475
218260,0.6775
218261,0.64
218262,0.5875
218263,0.485
218264,0.6675
218265,0.5525
218266,0.5825
218267,0.4175
218268,0.54
218269,0.385
218270,0.665
218271,0.575
218272,0.4925
218273,0.4025
218274,0.47
218275,0.45
218276,0.56
218277,0.595
218278,0.57
218279,0.53
218280,0.72
218281,0.36
218282,0.52
218283,0.61
218284,0.64
218285,0.3825
218286,0.6125
218287,0.7
218288,0.4575
218289,0.36
218290,0.475
218291,0.78
218292,0.4975
218293,0.4775
218294,0.5825
218295,0.38
218296,0.44
218297,0.4925
218298,0.3325
218299,0.4175
218300,0.5225
218301,0.63
218302,0.63
218303,0.63
218304,0.4525
218305,0.505
218306,0.6675
218307,0.3925
218308,0.6075
218309,0.48
218310,0.585
218311,0.5175
218312,0.545
218313,0.5375
218314,0.5825
218315,0.54
218316,0.615
218317,0.4825
218318,0.585
218319,0.4075
218320,0.43
218321,0.5575
218322,0.5275
218323,0.745
218324,0.73
218325,0.535
218326,0.7225
218327,0.2875
218328,0.4875
218329,0.4775
218330,0.59
218331,0.4425
218332,0.48
218333,0.6425
218334,0.54
218335,0.54
218336,0.6175
218337,0.5325
218338,0.45
218339,0.5525
218340,0.4725
218341,0.4925
218342,0.585
218343,0.36
218344,0.5325
218345,0.4825
218346,0.4575
218347,0.4625
218348,0.5925
218349,0.5675
218350,0.585
218351,0.49
218352,0.6575
218353,0.75
218354,0.445
218355,0.32
218356,0.5025
218357,0.425
218358,0.4925
218359,0.4725
218360,0.5125
218361,0.5375
218362,0.4775
218363,0.62
218364,0.5225
218365,0.325
218366,0.4525
218367,0.4875
218368,0.645
218369,0.52
218370,0.42
218371,0.5875
218372,0.4225
218373,0.635
218374,0.425
218375,0.355
218376,0.4625
218377,0.5025
218378,0.6
218379,0.4775
218380,0.6225
218381,0.4125
218382,0.6825
218383,0.4975
218384,0.58
218385,0.535
218386,0.4925
218387,0.36
218388,0.48
218389,0.5125
218390,0.615
218391,0.695
218392,0.455
218393,0.5475
218394,0.4925
218395,0.3675
218396,0.8225
218397,0.5325
218398,0.52
218399,0.555
218400,0.4575
218401,0.495
218402,0.6025
218403,0.44
218404,0.425
218405,0.595
218406,0.53
218407,0.37
218408,0.5925
218409,0.4625
218410,0.6025
218411,0.4775
218412,0.4575
218413,0.55
218414,0.5175
218415,0.4525
218416,0.6325
218417,0.555
218418,0.6475
218419,0.58
218420,0.4325
218421,0.425
218422,0.5625
218423,0.495
218424,0.4175
218425,0.6025
218426,0.64
218427,0.5075
218428,0.4675
218429,0.4475
218430,0.6125
218431,0.4725
218432,0.6375
218433,0.47
218434,0.5125
218435,0.5625
218436,0.4725
218437,0.53
218438,0.47
218439,0.4925
218440,0.6675
218441,0.53
218442,0.4375
218443,0.535
218444,0.535
218445,0.4525
218446,0.5525
218447,0.525
218448,0.615
218449,0.615
218450,0.5475
218451,0.4675
218452,0.6975
218453,0.715
218454,0.5675
218455,0.5525
218456,0.525
218457,0.52
218458,0.4775
218459,0.72
218460,0.5725
218461,0.4775
218462,0.33
218463,0.535
218464,0.6525
218465,0.475
218466,0.41
218467,0.5675
218468,0.5
218469,0.51
218470,0.465
218471,0.5
218472,0.4675
218473,0.57
218474,0.605
218475,0.5625
218476,0.27
218477,0.58
218478,0.5375
218479,0.56
218480,0.4625
218481,0.57
218482,0.48
218483,0.53
218484,0.5375
218485,0.5475
218486,0.5125
218487,0.735
218488,0.4925
218489,0.4975
218490,0.5125
218491,0.58
218492,0.435
218493,0.5575
218494,0.5675
218495,0.495
218496,0.33
218497,0.5625
218498,0.565
218499,0.49
218500,0.5775
218501,0.5175
218502,0.4575
218503,0.48
218504,0.5225
218505,0.5
218506,0.5
218507,0.5075
218508,0.585
218509,0.5675
218510,0.62
218511,0.3775
218512,0.545
218513,0.58
218514,0.735
218515,0.43
218516,0.5075
218517,0.32
218518,0.5075
218519,0.62
218520,0.605
218521,0.6075
218522,0.415
218523,0.47
218524,0.555
218525,0.615
218526,0.5625
218527,0.375
218528,0.4025
218529,0.645
218530,0.5925
218531,0.465
218532,0.6625
218533,0.465
218534,0.605
218535,0.485
218536,0.46
218537,0.495
218538,0.5525
218539,0.49
218540,0.4675
218541,0.4825
218542,0.5525
218543,0.5125
218544,0.51
218545,0.58
218546,0.46
218547,0.56
218548,0.5325
218549,0.405
218550,0.5275
218551,0.545
218552,0.6
218553,0.5425
218554,0.715
218555,0.5
218556,0.5
218557,0.4125
218558,0.61
218559,0.5375
218560,0.6075
218561,0.48
218562,0.5
218563,0.5225
218564,0.5325
218565,0.5525
218566,0.7675
218567,0.535
218568,0.5525
218569,0.5975
218570,0.5375
218571,0.525
218572,0.4775
218573,0.465
218574,0.6625
218575,0.595
218576,0.595
218577,0.605
218578,0.615
218579,0.4975
218580,0.5375
218581,0.4825
218582,0.685
218583,0.535
218584,0.5925
218585,0.485
218586,0.47
218587,0.6725
218588,0.45
218589,0.47
218590,0.6475
218591,0.4575
218592,0.5475
218593,0.6425
218594,0.325
218595,0.5225
218596,0.5875
218597,0.515
218598,0.6375
218599,0.5025
218600,0.59
218601,0.465
218602,0.6925
218603,0.6025
218604,0.56
218605,0.5
218606,0.515
218607,0.5025
218608,0.3875
218609,0.585
218610,0.3625
218611,0.495
218612,0.5575
218613,0.5225
218614,0.465
218615,0.43
218616,0.6
218617,0.7325
218618,0.6575
218619,0.5
218620,0.56
218621,0.5675
218622,0.47
218623,0.3475
218624,0.5675
218625,0.5275
218626,0.505
218627,0.4825
218628,0.5175
218629,0.5675
218630,0.5175
218631,0.595
218632,0.53
218633,0.52
218634,0.5375
218635,0.405
218636,0.52
218637,0.48
218638,0.5675
218639,0.57
218640,0.3625
218641,0.515
218642,0.54
218643,0.5425
218644,0.6475
218645,0.49
218646,0.6425
218647,0.54
218648,0.7175
218649,0.6975
218650,0.5525
218651,0.525
218652,0.365
218653,0.5725
218654,0.4725
218655,0.425
218656,0.6975
218657,0.575
218658,0.455
218659,0.47
218660,0.335
218661,0.56
218662,0.63
218663,0.51
218664,0.7275
218665,0.53
218666,0.5375
218667,0.5925
218668,0.6175
218669,0.495
218670,0.5275
218671,0.6225
218672,0.475
218673,0.7
218674,0.5825
218675,0.56
218676,0.4875
218677,0.5075
218678,0.4125
218679,0.55
218680,0.6025
218681,0.41
218682,0.515
218683,0.31
218684,0.5225
218685,0.3725
218686,0.47
218687,0.44
218688,0.485
218689,0.645
218690,0.5625
218691,0.535
218692,0.545
218693,0.3125
218694,0.48
218695,0.36
218696,0.5875
218697,0.6325
218698,0.6525
218699,0.5375
218700,0.4775
218701,0.3825
218702,0.5625
218703,0.3925
218704,0.4275
218705,0.455
218706,0.6875
218707,0.7575
218708,0.6425
218709,0.43
218710,0.625
218711,0.6
218712,0.6025
218713,0.5875
218714,0.655
218715,0.56
218716,0.4225
218717,0.4425
218718,0.5725
218719,0.57
218720,0.5375
218721,0.5725
218722,0.505
218723,0.45
218724,0.705
218725,0.6125
218726,0.52
218727,0.7075
218728,0.4375
218729,0.45
218730,0.595
218731,0.73
218732,0.43
218733,0.5725
218734,0.49
218735,0.675
218736,0.515
218737,0.505
218738,0.5625
218739,0.5725
218740,0.72
218741,0.5275
218742,0.5825
218743,0.755
218744,0.345
218745,0.7025
218746,0.55
218747,0.675
218748,0.455
218749,0.5375
218750,0.5475
218751,0.4925
218752,0.5875
218753,0.2525
218754,0.4625
218755,0.5125
218756,0.64
218757,0.395
218758,0.5375
218759,0.565
218760,0.5175
218761,0.57
218762,0.4875
218763,0.325
218764,0.6875
218765,0.42
218766,0.4275
218767,0.5525
218768,0.5575
218769,0.6625
218770,0.45
218771,0.6175
218772,0.4925
218773,0.39
218774,0.345
218775,0.6325
218776,0.4475
218777,0.59
218778,0.3975
218779,0.44
218780,0.545
218781,0.5175
218782,0.58
218783,0.6375
218784,0.2875
218785,0.6775
218786,0.6575
218787,0.4275
218788,0.6225
218789,0.6125
218790,0.65
218791,0.5425
218792,0.635
218793,0.6925
218794,0.5875
218795,0.3025
218796,0.5725
218797,0.47
218798,0.4475
218799,0.36
218800,0.5025
218801,0.57
218802,0.5825
218803,0.4375
218804,0.4275
218805,0.5575
218806,0.4675
218807,0.51
218808,0.62
218809,0.745
218810,0.5975
218811,0.425
218812,0.54
218813,0.6025
218814,0.575
218815,0.575
218816,0.64
218817,0.575
218818,0.5225
218819,0.585
218820,0.4875
218821,0.56
218822,0.5875
218823,0.435
218824,0.55
218825,0.3675
218826,0.485
218827,0.445
218828,0.485
218829,0.68
218830,0.59
218831,0.525
218832,0.565
218833,0.44
218834,0.335
218835,0.565
218836,0.34
218837,0.515
218838,0.6925
218839,0.3875
218840,0.645
218841,0.475
218842,0.5875
218843,0.4475
218844,0.4875
218845,0.5225
218846,0.5
218847,0.625
218848,0.465
218849,0.5725
218850,0.55
218851,0.64
218852,0.67
218853,0.3575
218854,0.5975
218855,0.5825
218856,0.555
218857,0.635
218858,0.4425
218859,0.5175
218860,0.5325
218861,0.5275
218862,0.6325
218863,0.4425
218864,0.455
218865,0.555
218866,0.6675
218867,0.535
218868,0.5175
218869,0.475
218870,0.475
218871,0.38
218872,0.5175
218873,0.565
218874,0.485
218875,0.565
218876,0.57
218877,0.44
218878,0.4825
218879,0.425
218880,0.5025
218881,0.585
218882,0.5225
218883,0.555
218884,0.7
218885,0.4925
218886,0.435
218887,0.67
218888,0.5925
218889,0.2775
218890,0.35
218891,0.6475
218892,0.66
218893,0.635
218894,0.5475
218895,0.51
218896,0.6125
218897,0.4075
218898,0.57
218899,0.5125
218900,0.4125
218901,0.4625
218902,0.6125
218903,0.575
218904,0.5625
218905,0.5225
218906,0.7425
218907,0.55
218908,0.5275
218909,0.3625
218910,0.6075
218911,0.4725
218912,0.3725
218913,0.6
218914,0.42
218915,0.62
218916,0.38
218917,0.6425
218918,0.445
218919,0.5475
218920,0.4275
218921,0.5925
218922,0.5725
218923,0.565
218924,0.515
218925,0.5175
218926,0.4425
218927,0.4975
218928,0.7625
218929,0.605
218930,0.52
218931,0.6725
218932,0.5075
218933,0.645
218934,0.4325
218935,0.465
218936,0.61
218937,0.65
218938,0.3575
218939,0.58
218940,0.385
218941,0.69
218942,0.535
218943,0.585
218944,0.57
218945,0.38
218946,0.5625
218947,0.4625
218948,0.585
218949,0.375
218950,0.54
218951,0.295
218952,0.535
218953,0.59
218954,0.52
218955,0.5225
218956,0.72
218957,0.5375
218958,0.635
218959,0.665
218960,0.4775
218961,0.4925
218962,0.5675
218963,0.6825
218964,0.6225
218965,0.505
218966,0.4925
218967,0.6425
218968,0.505
218969,0.6
218970,0.4775
218971,0.7025
218972,0.465
218973,0.5975
218974,0.3975
218975,0.4925
218976,0.6125
218977,0.5175
218978,0.525
218979,0.4925
218980,0.48
218981,0.5025
218982,0.6025
218983,0.44
218984,0.6075
218985,0.4925
218986,0.4125
218987,0.5425
218988,0.3425
218989,0.46
218990,0.63
218991,0.6125
218992,0.1775
218993,0.5575
218994,0.34
218995,0.5475
218996,0.5075
218997,0.48
218998,0.375
218999,0.475
219000,0.6725
219001,0.33
219002,0.48
219003,0.35
219004,0.455
219005,0.56
219006,0.5325
219007,0.465
219008,0.46
219009,0.54
219010,0.4925
219011,0.4575
219012,0.53
219013,0.66
219014,0.5775
219015,0.5425
219016,0.71
219017,0.36
219018,0.4675
219019,0.5875
219020,0.4825
219021,0.5525
219022,0.475
219023,0.6775
219024,0.37
219025,0.49
219026,0.545
219027,0.5775
219028,0.4725
219029,0.5525
219030,0.5975
219031,0.56
219032,0.53
219033,0.6975
219034,0.6275
219035,0.515
219036,0.4725
219037,0.7275
219038,0.5675
219039,0.3425
219040,0.615
219041,0.525
219042,0.535
219043,0.46
219044,0.54
219045,0.41
219046,0.545
219047,0.64
219048,0.6275
219049,0.64
219050,0.5725
219051,0.5275
219052,0.4425
219053,0.665
219054,0.56
219055,0.4925
219056,0.705
219057,0.595
219058,0.61
219059,0.53
219060,0.44
219061,0.5625
219062,0.6025
219063,0.575
219064,0.3725
219065,0.6
219066,0.7325
219067,0.495
219068,0.6425
219069,0.3975
219070,0.6625
219071,0.465
219072,0.5625
219073,0.415
219074,0.635
219075,0.65
219076,0.355
219077,0.4925
219078,0.485
219079,0.5575
219080,0.455
219081,0.4775
219082,0.535
219083,0.73
219084,0.4525
219085,0.61
219086,0.58
219087,0.625
219088,0.485
219089,0.3675
219090,0.3125
219091,0.465
219092,0.5
219093,0.635
219094,0.6
219095,0.485
219096,0.4475
219097,0.425
219098,0.375
219099,0.7425
219100,0.725
219101,0.455
219102,0.6075
219103,0.5875
219104,0.5475
219105,0.5025
219106,0.5375
219107,0.655
219108,0.425
219109,0.595
219110,0.385
219111,0.54
219112,0.6125
219113,0.565
219114,0.6325
219115,0.505
219116,0.6475
219117,0.6225
219118,0.5675
219119,0.4525
219120,0.535
219121,0.42
219122,0.5275
219123,0.5725
219124,0.595
219125,0.58
219126,0.5325
219127,0.6075
219128,0.415
